product_id,date,store_id,sales_quantity,price,promotions,seasonality_factors,external_factors,demand_trend,customer_segments,price_opt,competitor_prices,elasticity_index,has_pricing_data
4277,2024-01-03,48,330,24.38,False,Festival,Competitor Pricing,Increasing,Regular,,,,False
5540,2024-04-29,10,334,74.98,True,Holiday,Weather,Stable,Premium,,,,False
5406,2024-01-11,67,429,24.83,True,Holiday,Economic Indicator,Decreasing,Premium,,,,False
5617,2024-04-04,17,298,13.41,False,Unknown,Economic Indicator,Stable,Regular,,,,False
3480,2024-12-14,33,344,94.96,True,Festival,Weather,Increasing,Regular,,,,False
7315,2024-11-25,9,336,59.54,True,Festival,Unknown,Stable,Premium,,,,False
2902,2024-11-13,58,475,35.61,False,Unknown,Unknown,Increasing,Budget,,,,False
6892,2024-01-04,19,491,55.03,True,Festival,Unknown,Stable,Regular,,,,False
4497,2024-10-25,33,388,33.53,False,Unknown,Economic Indicator,Increasing,Premium,,,,False
8079,2024-10-22,26,475,83.65,False,Holiday,Unknown,Decreasing,Budget,,,,False
3900,2024-05-13,36,434,31.01,True,Unknown,Economic Indicator,Increasing,Regular,,,,False
6894,2024-04-01,78,29,27.17,True,Festival,Economic Indicator,Increasing,Budget,,,,False
7767,2024-07-06,44,397,15.8,True,Festival,Competitor Pricing,Stable,Budget,,,,False
9582,2024-06-30,67,71,79.15,False,Holiday,Weather,Decreasing,Regular,,,,False
9817,2024-05-10,2,467,52.82,True,Holiday,Weather,Increasing,Budget,,,,False
3845,2024-02-27,79,299,65.58,False,Holiday,Competitor Pricing,Stable,Regular,,,,False
1206,2024-03-09,82,322,36.76,False,Holiday,Competitor Pricing,Increasing,Premium,,,,False
6606,2024-05-06,87,95,92.94,True,Festival,Weather,Decreasing,Premium,,,,False
2197,2024-12-24,59,438,84.65,False,Festival,Competitor Pricing,Stable,Budget,,,,False
5705,2024-08-16,80,416,15.72,False,Unknown,Weather,Increasing,Budget,,,,False
4540,2024-08-12,78,494,86.78,True,Holiday,Competitor Pricing,Decreasing,Regular,18.22,27.11,0.96,True
4784,2024-11-25,51,498,80.55,False,Unknown,Weather,Stable,Premium,,,,False
3265,2024-01-03,12,158,31.6,True,Unknown,Weather,Increasing,Budget,,,,False
4085,2024-12-28,85,494,34.55,False,Unknown,Competitor Pricing,Decreasing,Regular,,,,False
6410,2024-12-24,27,381,81.72,True,Unknown,Competitor Pricing,Stable,Budget,,,,False
4740,2024-07-28,21,67,34.78,False,Holiday,Competitor Pricing,Stable,Budget,,,,False
9964,2024-12-09,96,252,65.22,True,Festival,Unknown,Increasing,Premium,,,,False
2288,2024-11-29,17,140,39.79,True,Festival,Economic Indicator,Increasing,Regular,,,,False
5324,2024-05-18,47,71,66.76,False,Unknown,Weather,Decreasing,Budget,65.86,72.01,2.43,True
6592,2024-08-23,28,378,98.12,False,Holiday,Competitor Pricing,Stable,Regular,,,,False
5840,2024-06-26,91,307,25.74,False,Holiday,Economic Indicator,Increasing,Budget,,,,False
8498,2024-01-22,59,273,19.82,False,Unknown,Economic Indicator,Stable,Regular,,,,False
2338,2024-07-31,90,230,46.38,True,Unknown,Competitor Pricing,Stable,Premium,,,,False
8532,2024-09-01,72,2,93.36,False,Holiday,Unknown,Stable,Regular,,,,False
9185,2024-03-01,51,333,79.44,False,Holiday,Weather,Increasing,Regular,,,,False
5691,2024-05-10,62,352,50.95,False,Festival,Competitor Pricing,Decreasing,Regular,,,,False
6335,2024-03-17,70,158,58.89,True,Unknown,Unknown,Decreasing,Premium,,,,False
1355,2024-03-01,59,46,51.9,True,Festival,Economic Indicator,Stable,Budget,,,,False
9700,2024-05-18,49,228,91.0,False,Festival,Unknown,Increasing,Budget,,,,False
4783,2024-02-26,50,215,86.17,False,Festival,Unknown,Decreasing,Regular,,,,False
8997,2024-05-31,23,437,25.26,False,Unknown,Competitor Pricing,Decreasing,Budget,,,,False
6985,2024-08-27,78,455,7.55,True,Festival,Competitor Pricing,Decreasing,Regular,,,,False
9816,2024-02-25,92,225,58.8,False,Unknown,Economic Indicator,Increasing,Regular,,,,False
6739,2024-06-14,5,317,12.65,False,Holiday,Competitor Pricing,Increasing,Premium,,,,False
3824,2024-04-27,7,305,18.38,False,Holiday,Unknown,Stable,Budget,,,,False
5747,2024-04-06,98,234,6.04,False,Holiday,Unknown,Decreasing,Premium,,,,False
9141,2024-02-02,29,84,37.49,True,Festival,Unknown,Increasing,Premium,,,,False
9801,2024-03-23,21,369,11.71,False,Holiday,Economic Indicator,Decreasing,Regular,,,,False
7579,2024-01-06,37,353,48.0,False,Festival,Competitor Pricing,Increasing,Regular,,,,False
1282,2024-11-17,8,80,48.4,True,Festival,Unknown,Decreasing,Premium,,,,False
2214,2024-05-06,36,444,16.43,True,Holiday,Competitor Pricing,Increasing,Premium,,,,False
1675,2024-11-01,23,203,13.52,False,Unknown,Economic Indicator,Decreasing,Budget,,,,False
6460,2024-02-13,16,29,5.09,True,Festival,Unknown,Stable,Premium,,,,False
7144,2024-12-12,64,102,17.46,False,Holiday,Unknown,Decreasing,Premium,,,,False
9868,2024-11-29,73,357,81.66,False,Unknown,Competitor Pricing,Stable,Regular,,,,False
9222,2024-08-18,4,477,26.71,False,Unknown,Competitor Pricing,Decreasing,Premium,,,,False
8158,2024-10-15,97,441,96.2,False,Holiday,Competitor Pricing,Decreasing,Regular,,,,False
8688,2024-01-06,58,163,84.72,False,Holiday,Unknown,Stable,Regular,,,,False
2230,2024-09-05,49,233,40.71,True,Holiday,Competitor Pricing,Increasing,Regular,,,,False
9394,2024-10-29,85,240,26.78,False,Festival,Weather,Increasing,Regular,,,,False
2100,2024-11-30,14,348,25.31,True,Holiday,Weather,Stable,Budget,,,,False
2997,2024-11-07,4,343,12.33,False,Unknown,Unknown,Stable,Regular,,,,False
4770,2024-12-03,12,253,45.64,False,Unknown,Competitor Pricing,Decreasing,Regular,,,,False
6545,2024-04-25,21,352,66.21,False,Festival,Competitor Pricing,Stable,Regular,,,,False
6112,2024-11-15,1,143,53.25,False,Holiday,Unknown,Increasing,Budget,,,,False
8589,2024-12-08,16,467,31.85,True,Festival,Unknown,Increasing,Premium,,,,False
8758,2024-07-25,26,119,5.43,False,Unknown,Economic Indicator,Increasing,Premium,,,,False
1760,2024-11-19,72,92,80.32,False,Holiday,Weather,Stable,Regular,,,,False
1320,2024-10-01,25,187,48.7,False,Holiday,Competitor Pricing,Increasing,Premium,,,,False
6547,2024-05-08,65,259,55.78,True,Festival,Unknown,Stable,Budget,,,,False
1105,2024-08-18,6,5,53.12,True,Festival,Economic Indicator,Decreasing,Premium,,,,False
6040,2024-10-27,3,477,51.77,True,Holiday,Competitor Pricing,Increasing,Regular,,,,False
5036,2024-04-17,30,336,54.11,False,Festival,Unknown,Increasing,Budget,,,,False
3434,2024-01-09,30,483,80.07,True,Festival,Competitor Pricing,Stable,Budget,,,,False
6711,2024-04-30,30,191,87.12,False,Holiday,Unknown,Stable,Regular,,,,False
4183,2024-03-26,41,314,61.91,True,Unknown,Unknown,Decreasing,Premium,,,,False
2355,2024-03-10,70,371,37.69,False,Unknown,Unknown,Increasing,Premium,,,,False
8505,2024-06-24,97,92,50.79,False,Holiday,Unknown,Decreasing,Premium,,,,False
4416,2024-07-20,11,452,22.44,False,Festival,Competitor Pricing,Increasing,Regular,,,,False
1610,2024-04-17,21,115,71.72,True,Unknown,Unknown,Increasing,Budget,,,,False
3220,2024-10-09,33,395,21.04,True,Festival,Economic Indicator,Decreasing,Premium,,,,False
3598,2024-06-20,92,2,64.99,True,Holiday,Economic Indicator,Decreasing,Regular,,,,False
6585,2024-02-03,58,61,53.47,False,Unknown,Unknown,Increasing,Regular,,,,False
2063,2024-06-01,26,65,9.51,True,Holiday,Weather,Increasing,Budget,,,,False
8166,2024-07-21,39,154,99.9,False,Holiday,Weather,Stable,Regular,,,,False
8869,2024-11-09,43,375,99.77,True,Unknown,Competitor Pricing,Stable,Premium,,,,False
3837,2024-02-06,22,314,53.24,True,Festival,Unknown,Increasing,Budget,,,,False
6295,2024-01-15,46,232,12.37,True,Holiday,Unknown,Decreasing,Regular,,,,False
6975,2024-01-15,72,399,99.71,False,Festival,Unknown,Decreasing,Regular,,,,False
6352,2024-11-23,10,47,47.51,False,Holiday,Economic Indicator,Decreasing,Budget,,,,False
6054,2024-06-27,49,103,47.81,True,Festival,Weather,Increasing,Budget,,,,False
6039,2024-04-28,77,433,60.32,False,Unknown,Competitor Pricing,Stable,Regular,,,,False
5877,2024-02-01,49,59,28.75,True,Unknown,Economic Indicator,Increasing,Regular,,,,False
2226,2024-05-01,14,314,61.84,True,Holiday,Economic Indicator,Stable,Regular,,,,False
3547,2024-04-12,30,24,11.63,False,Festival,Weather,Stable,Regular,,,,False
5706,2024-01-27,18,284,17.78,True,Holiday,Economic Indicator,Stable,Regular,,,,False
9139,2024-12-07,55,123,74.17,False,Holiday,Competitor Pricing,Stable,Premium,,,,False
6000,2024-05-29,84,17,45.58,False,Holiday,Economic Indicator,Stable,Budget,55.19,29.64,1.04,True
3922,2024-01-19,78,116,19.76,True,Festival,Competitor Pricing,Increasing,Regular,,,,False
2497,2024-12-18,93,260,28.44,False,Unknown,Weather,Stable,Regular,,,,False
3166,2024-11-03,43,169,83.87,True,Holiday,Unknown,Increasing,Budget,,,,False
4980,2024-04-23,50,190,27.8,True,Festival,Competitor Pricing,Increasing,Regular,,,,False
1349,2024-07-02,36,93,47.31,True,Unknown,Unknown,Increasing,Budget,,,,False
5085,2024-06-11,92,456,14.66,True,Holiday,Weather,Decreasing,Premium,,,,False
4467,2024-08-04,14,389,39.67,True,Holiday,Competitor Pricing,Decreasing,Regular,,,,False
8369,2024-11-06,90,364,53.85,False,Festival,Weather,Decreasing,Regular,,,,False
3534,2024-12-28,72,399,66.83,False,Unknown,Competitor Pricing,Decreasing,Budget,,,,False
8035,2024-10-08,24,230,5.4,False,Holiday,Weather,Decreasing,Budget,,,,False
3698,2024-02-05,31,454,75.56,True,Festival,Unknown,Increasing,Premium,,,,False
9641,2024-10-13,11,35,61.07,True,Festival,Weather,Increasing,Premium,,,,False
4986,2024-11-20,22,255,69.69,False,Holiday,Weather,Stable,Premium,,,,False
6598,2024-03-08,97,388,78.17,True,Unknown,Economic Indicator,Stable,Regular,,,,False
2001,2024-02-18,92,391,14.12,False,Holiday,Weather,Decreasing,Regular,,,,False
5810,2024-03-05,78,321,11.33,True,Unknown,Economic Indicator,Increasing,Regular,,,,False
6898,2024-07-09,5,177,22.81,True,Unknown,Economic Indicator,Stable,Premium,,,,False
1395,2024-12-11,9,342,23.41,False,Holiday,Competitor Pricing,Decreasing,Regular,,,,False
3386,2024-06-29,39,38,5.3,True,Unknown,Unknown,Increasing,Budget,,,,False
1912,2024-07-09,97,147,89.24,True,Festival,Unknown,Decreasing,Premium,97.13,9.16,2.36,True
4630,2024-06-11,96,142,83.42,True,Unknown,Weather,Stable,Budget,,,,False
7059,2024-08-20,5,481,50.91,True,Holiday,Economic Indicator,Stable,Budget,,,,False
4834,2024-05-25,40,333,79.6,True,Festival,Unknown,Decreasing,Regular,,,,False
7099,2024-12-05,19,444,91.55,False,Unknown,Unknown,Decreasing,Budget,,,,False
1879,2024-08-27,19,135,34.24,False,Unknown,Competitor Pricing,Decreasing,Budget,,,,False
3015,2024-03-07,90,174,48.86,False,Holiday,Economic Indicator,Stable,Regular,,,,False
7383,2024-03-24,2,382,6.57,False,Unknown,Economic Indicator,Increasing,Regular,,,,False
3462,2024-01-24,27,93,72.78,True,Unknown,Competitor Pricing,Stable,Budget,,,,False
8413,2024-11-24,17,165,23.76,False,Holiday,Weather,Decreasing,Premium,,,,False
2296,2024-04-16,14,87,53.68,True,Holiday,Economic Indicator,Decreasing,Regular,,,,False
6947,2024-12-27,78,480,21.1,False,Festival,Economic Indicator,Increasing,Premium,29.11,8.68,2.39,True
1835,2024-03-19,78,346,7.77,True,Holiday,Economic Indicator,Increasing,Regular,,,,False
5021,2024-07-12,16,375,44.82,True,Festival,Economic Indicator,Increasing,Budget,,,,False
7323,2024-06-03,67,348,24.62,False,Holiday,Unknown,Decreasing,Premium,,,,False
4762,2024-07-02,81,47,99.58,False,Holiday,Weather,Decreasing,Budget,,,,False
1155,2024-10-18,3,12,57.93,True,Unknown,Competitor Pricing,Decreasing,Budget,,,,False
6215,2024-07-02,10,480,68.93,True,Festival,Unknown,Increasing,Regular,,,,False
4711,2024-11-24,27,164,78.3,False,Unknown,Competitor Pricing,Increasing,Regular,,,,False
1087,2024-07-24,50,360,21.0,True,Festival,Unknown,Increasing,Regular,,,,False
7520,2024-01-22,77,357,87.55,False,Festival,Economic Indicator,Decreasing,Regular,,,,False
2004,2024-01-24,72,308,56.15,False,Holiday,Unknown,Stable,Budget,,,,False
9970,2024-12-09,19,370,75.01,True,Festival,Weather,Stable,Premium,,,,False
2964,2024-07-14,82,24,78.71,True,Holiday,Economic Indicator,Stable,Premium,,,,False
2222,2024-03-08,88,421,87.93,True,Festival,Competitor Pricing,Stable,Regular,,,,False
1657,2024-09-15,19,283,7.67,True,Holiday,Economic Indicator,Stable,Premium,,,,False
8799,2024-03-10,81,255,67.83,True,Holiday,Weather,Decreasing,Regular,,,,False
1411,2024-05-08,73,30,31.16,True,Festival,Competitor Pricing,Decreasing,Regular,,,,False
1486,2024-03-29,69,418,6.34,False,Holiday,Economic Indicator,Decreasing,Premium,,,,False
6139,2024-09-21,13,319,97.02,False,Festival,Weather,Increasing,Budget,,,,False
3151,2024-08-27,67,149,48.8,True,Unknown,Economic Indicator,Decreasing,Budget,,,,False
9109,2024-10-12,93,101,41.31,False,Festival,Weather,Increasing,Premium,,,,False
7227,2024-10-26,48,250,43.43,False,Festival,Unknown,Decreasing,Premium,,,,False
9208,2024-10-09,80,110,21.46,False,Unknown,Weather,Stable,Premium,,,,False
4667,2024-07-28,43,340,89.71,False,Festival,Weather,Increasing,Regular,,,,False
7391,2024-02-16,26,273,66.88,False,Festival,Competitor Pricing,Increasing,Budget,,,,False
3247,2024-11-27,67,254,48.35,False,Festival,Economic Indicator,Increasing,Premium,,,,False
2899,2024-12-30,16,130,13.95,True,Festival,Competitor Pricing,Decreasing,Premium,,,,False
4236,2024-09-27,67,221,62.32,False,Holiday,Unknown,Decreasing,Regular,,,,False
5746,2024-03-18,59,48,96.23,False,Unknown,Competitor Pricing,Increasing,Regular,,,,False
3269,2024-10-23,81,429,16.61,True,Festival,Competitor Pricing,Stable,Regular,,,,False
7082,2024-12-29,36,102,60.72,False,Holiday,Competitor Pricing,Stable,Premium,,,,False
4534,2024-12-10,64,124,56.8,False,Holiday,Weather,Decreasing,Regular,,,,False
4714,2024-09-17,31,103,83.53,False,Holiday,Competitor Pricing,Stable,Regular,,,,False
9538,2024-05-07,52,35,29.11,False,Festival,Unknown,Stable,Regular,,,,False
1486,2024-08-02,2,400,61.0,False,Festival,Unknown,Stable,Premium,,,,False
1789,2024-10-23,86,228,91.66,True,Unknown,Competitor Pricing,Stable,Budget,,,,False
2612,2024-02-10,39,150,65.6,False,Holiday,Economic Indicator,Increasing,Regular,,,,False
3371,2024-07-26,78,108,58.55,False,Unknown,Weather,Increasing,Regular,,,,False
9739,2024-10-15,46,485,7.31,False,Holiday,Weather,Stable,Regular,,,,False
8530,2024-10-03,72,368,61.87,False,Unknown,Competitor Pricing,Decreasing,Budget,,,,False
8606,2024-02-05,10,452,82.4,True,Festival,Unknown,Increasing,Regular,,,,False
4619,2024-03-24,97,287,77.24,False,Holiday,Weather,Increasing,Budget,,,,False
2527,2024-03-16,25,420,18.3,False,Festival,Competitor Pricing,Stable,Premium,,,,False
7282,2024-12-14,37,45,52.07,False,Unknown,Weather,Increasing,Regular,,,,False
1096,2024-03-16,89,401,74.83,True,Unknown,Economic Indicator,Increasing,Premium,,,,False
1954,2024-01-02,27,481,28.69,True,Festival,Weather,Stable,Budget,,,,False
5443,2024-04-25,71,334,46.6,False,Festival,Unknown,Decreasing,Regular,,,,False
6685,2024-03-15,83,206,30.89,True,Unknown,Competitor Pricing,Increasing,Regular,,,,False
4691,2024-05-02,49,3,83.15,True,Holiday,Unknown,Stable,Regular,,,,False
1879,2024-03-16,81,362,71.64,False,Holiday,Weather,Stable,Budget,,,,False
9804,2024-12-29,66,124,24.03,False,Unknown,Economic Indicator,Increasing,Premium,,,,False
6256,2024-11-27,92,194,77.57,True,Holiday,Economic Indicator,Stable,Regular,,,,False
3183,2024-10-11,53,484,41.6,True,Festival,Economic Indicator,Stable,Premium,,,,False
2452,2024-11-11,20,75,94.23,False,Holiday,Unknown,Stable,Budget,,,,False
8463,2024-01-01,8,394,68.61,False,Unknown,Weather,Decreasing,Regular,,,,False
5546,2024-12-27,73,293,35.28,True,Holiday,Competitor Pricing,Decreasing,Regular,,,,False
1533,2024-04-04,47,343,44.52,False,Festival,Economic Indicator,Increasing,Budget,,,,False
6657,2024-08-04,38,268,75.6,False,Festival,Competitor Pricing,Increasing,Regular,,,,False
1847,2024-12-05,81,45,98.99,True,Holiday,Weather,Increasing,Premium,,,,False
2749,2024-05-21,25,434,73.29,False,Holiday,Unknown,Stable,Regular,,,,False
7683,2024-06-01,81,53,53.73,False,Unknown,Weather,Stable,Premium,,,,False
3003,2024-11-23,69,94,43.18,False,Unknown,Weather,Stable,Budget,,,,False
8921,2024-03-27,24,204,50.87,True,Holiday,Economic Indicator,Stable,Budget,,,,False
9533,2024-05-08,51,299,73.76,True,Holiday,Unknown,Increasing,Budget,,,,False
3945,2024-10-27,63,195,24.94,True,Festival,Unknown,Increasing,Budget,,,,False
2131,2024-10-18,52,252,11.16,False,Festival,Unknown,Stable,Budget,,,,False
5860,2024-12-08,94,66,44.38,False,Festival,Weather,Decreasing,Premium,,,,False
1701,2024-10-19,22,335,26.99,False,Festival,Unknown,Decreasing,Regular,,,,False
2259,2024-07-09,4,75,29.95,False,Festival,Competitor Pricing,Increasing,Premium,,,,False
6089,2024-04-17,39,220,93.24,False,Holiday,Unknown,Increasing,Premium,,,,False
9718,2024-06-22,1,111,71.65,False,Unknown,Weather,Decreasing,Budget,,,,False
1719,2024-07-23,20,10,89.77,True,Festival,Competitor Pricing,Increasing,Regular,,,,False
3187,2024-04-30,82,302,46.37,False,Unknown,Competitor Pricing,Decreasing,Budget,,,,False
6892,2024-11-02,52,51,9.22,False,Unknown,Economic Indicator,Decreasing,Regular,,,,False
5794,2024-04-22,97,66,98.56,True,Holiday,Weather,Decreasing,Premium,,,,False
5670,2024-06-11,39,303,40.25,True,Holiday,Weather,Stable,Budget,,,,False
5488,2024-09-04,36,287,22.68,True,Festival,Weather,Stable,Budget,,,,False
8405,2024-08-25,40,257,93.87,False,Unknown,Weather,Increasing,Budget,,,,False
9467,2024-10-13,31,201,30.73,False,Unknown,Weather,Decreasing,Budget,,,,False
4633,2024-08-20,47,23,13.28,True,Festival,Competitor Pricing,Increasing,Regular,,,,False
6260,2024-07-19,85,452,99.57,False,Holiday,Weather,Stable,Regular,,,,False
3101,2024-10-28,4,378,42.08,False,Holiday,Competitor Pricing,Increasing,Regular,,,,False
9934,2024-10-05,95,484,32.93,False,Holiday,Weather,Increasing,Premium,,,,False
6168,2024-08-15,16,141,13.64,True,Holiday,Unknown,Decreasing,Budget,,,,False
9104,2024-09-01,8,66,38.12,False,Unknown,Unknown,Increasing,Budget,,,,False
5934,2024-03-25,16,39,23.34,False,Holiday,Economic Indicator,Increasing,Premium,,,,False
2773,2024-11-17,31,430,20.76,False,Holiday,Weather,Stable,Regular,,,,False
7224,2024-10-22,27,487,79.91,False,Unknown,Competitor Pricing,Decreasing,Budget,,,,False
5052,2024-06-23,55,323,93.79,False,Holiday,Competitor Pricing,Decreasing,Regular,,,,False
8803,2024-02-02,22,489,51.07,True,Unknown,Weather,Stable,Regular,,,,False
1839,2024-04-22,90,1,9.9,True,Festival,Unknown,Decreasing,Premium,,,,False
4002,2024-02-23,87,126,95.56,True,Unknown,Weather,Stable,Premium,,,,False
9349,2024-12-24,49,426,50.31,False,Unknown,Economic Indicator,Decreasing,Budget,,,,False
7102,2024-07-23,3,303,47.63,True,Unknown,Economic Indicator,Increasing,Premium,,,,False
2081,2024-02-24,76,287,89.22,True,Festival,Competitor Pricing,Decreasing,Premium,,,,False
2644,2024-08-21,19,198,29.84,False,Festival,Weather,Decreasing,Premium,,,,False
9303,2024-07-16,29,176,47.22,False,Unknown,Competitor Pricing,Stable,Budget,,,,False
9104,2024-08-13,2,93,67.18,True,Unknown,Weather,Stable,Budget,,,,False
2179,2024-08-14,2,455,95.0,False,Festival,Unknown,Stable,Regular,,,,False
5229,2024-09-24,84,228,36.53,False,Festival,Competitor Pricing,Stable,Regular,,,,False
1745,2024-12-10,62,189,76.85,False,Festival,Economic Indicator,Stable,Budget,,,,False
4513,2024-05-07,50,407,69.69,False,Festival,Weather,Decreasing,Budget,,,,False
3560,2024-08-10,90,265,50.6,True,Festival,Competitor Pricing,Decreasing,Premium,,,,False
5380,2024-12-06,85,126,15.07,True,Unknown,Weather,Decreasing,Premium,,,,False
9745,2024-11-09,16,299,6.36,True,Festival,Competitor Pricing,Increasing,Budget,,,,False
8493,2024-04-01,66,192,39.48,True,Festival,Economic Indicator,Increasing,Regular,,,,False
4301,2024-03-05,24,79,42.03,False,Holiday,Unknown,Increasing,Budget,,,,False
7895,2024-02-12,24,316,21.12,True,Unknown,Competitor Pricing,Stable,Budget,,,,False
8985,2024-11-18,97,19,10.48,False,Unknown,Weather,Stable,Regular,,,,False
7587,2024-07-12,47,404,53.54,True,Holiday,Weather,Decreasing,Premium,,,,False
6953,2024-12-26,49,435,28.21,True,Unknown,Unknown,Stable,Premium,,,,False
9969,2024-01-06,69,360,38.19,False,Holiday,Competitor Pricing,Decreasing,Regular,,,,False
3352,2024-02-25,96,368,72.69,True,Unknown,Unknown,Decreasing,Budget,,,,False
7875,2024-03-08,38,485,11.85,True,Holiday,Competitor Pricing,Stable,Budget,31.69,8.2,1.37,True
7812,2024-03-30,39,454,99.94,True,Festival,Competitor Pricing,Increasing,Budget,,,,False
4069,2024-07-11,25,343,39.06,True,Festival,Weather,Increasing,Regular,,,,False
9377,2024-07-06,82,398,57.98,False,Festival,Competitor Pricing,Decreasing,Premium,,,,False
2504,2024-01-12,95,158,43.75,False,Unknown,Unknown,Stable,Premium,,,,False
7957,2024-08-21,44,29,5.57,True,Unknown,Weather,Decreasing,Budget,,,,False
8943,2024-08-19,50,178,86.95,True,Unknown,Weather,Decreasing,Budget,,,,False
2641,2024-03-15,88,493,38.06,True,Holiday,Unknown,Increasing,Regular,,,,False
7666,2024-08-25,18,375,32.67,False,Unknown,Competitor Pricing,Increasing,Budget,,,,False
7309,2024-11-14,42,419,75.08,True,Holiday,Weather,Stable,Regular,,,,False
1898,2024-07-08,63,203,68.35,False,Festival,Economic Indicator,Stable,Premium,,,,False
1040,2024-02-16,52,163,26.04,False,Festival,Unknown,Decreasing,Premium,,,,False
9317,2024-06-18,20,69,47.78,False,Holiday,Weather,Decreasing,Budget,,,,False
7060,2024-05-29,24,203,11.58,True,Festival,Unknown,Decreasing,Budget,,,,False
4115,2024-08-20,77,93,22.79,True,Festival,Unknown,Increasing,Budget,,,,False
3672,2024-07-19,13,123,6.3,False,Holiday,Unknown,Stable,Premium,,,,False
7223,2024-11-12,68,495,36.6,False,Holiday,Economic Indicator,Decreasing,Regular,,,,False
5412,2024-09-24,74,37,23.34,True,Festival,Competitor Pricing,Increasing,Regular,,,,False
6820,2024-01-26,68,293,30.18,True,Unknown,Economic Indicator,Stable,Budget,,,,False
2528,2024-02-08,28,150,57.94,True,Holiday,Weather,Decreasing,Regular,,,,False
6291,2024-07-09,21,300,15.27,False,Holiday,Unknown,Increasing,Budget,,,,False
3851,2024-11-25,26,369,42.27,False,Holiday,Economic Indicator,Stable,Budget,,,,False
9769,2024-01-29,87,235,87.42,False,Holiday,Unknown,Decreasing,Premium,,,,False
8284,2024-03-10,98,155,34.43,False,Festival,Competitor Pricing,Stable,Regular,,,,False
1235,2024-10-20,44,218,58.46,False,Festival,Competitor Pricing,Decreasing,Budget,,,,False
9780,2024-12-21,79,301,24.99,True,Holiday,Economic Indicator,Decreasing,Budget,,,,False
6431,2024-04-29,39,463,32.45,False,Unknown,Unknown,Increasing,Budget,,,,False
1215,2024-08-02,52,188,84.82,True,Festival,Competitor Pricing,Increasing,Premium,,,,False
3668,2024-08-12,9,465,36.8,False,Festival,Competitor Pricing,Increasing,Budget,,,,False
2259,2024-01-26,1,357,21.66,True,Unknown,Economic Indicator,Decreasing,Budget,,,,False
7109,2024-12-04,5,401,93.48,True,Unknown,Weather,Stable,Regular,,,,False
5877,2024-06-05,70,479,55.2,True,Festival,Weather,Increasing,Regular,,,,False
7279,2024-10-04,4,181,33.09,True,Unknown,Competitor Pricing,Stable,Budget,,,,False
7711,2024-09-03,35,499,46.38,True,Holiday,Unknown,Stable,Regular,,,,False
8958,2024-08-30,79,133,97.7,True,Festival,Competitor Pricing,Stable,Budget,,,,False
2973,2024-08-06,2,250,8.96,True,Holiday,Competitor Pricing,Decreasing,Budget,,,,False
9168,2024-05-26,90,385,95.31,False,Unknown,Competitor Pricing,Stable,Premium,,,,False
2850,2024-01-19,62,461,82.54,False,Holiday,Economic Indicator,Stable,Regular,,,,False
9558,2024-01-26,24,486,50.19,False,Unknown,Weather,Stable,Budget,,,,False
4244,2024-03-20,95,491,86.14,False,Unknown,Competitor Pricing,Decreasing,Premium,,,,False
9509,2024-07-02,76,374,66.98,False,Holiday,Competitor Pricing,Decreasing,Budget,,,,False
7049,2024-06-24,12,432,25.7,False,Unknown,Competitor Pricing,Increasing,Premium,,,,False
6203,2024-09-01,46,12,36.96,False,Holiday,Economic Indicator,Increasing,Premium,,,,False
2240,2024-02-02,48,386,83.13,False,Holiday,Unknown,Decreasing,Premium,,,,False
6702,2024-11-12,56,367,64.78,False,Holiday,Economic Indicator,Decreasing,Premium,,,,False
4258,2024-10-24,48,482,99.25,False,Unknown,Unknown,Increasing,Premium,,,,False
2098,2024-08-02,57,351,39.78,False,Holiday,Competitor Pricing,Decreasing,Budget,,,,False
5844,2024-09-20,51,272,23.4,False,Festival,Economic Indicator,Stable,Premium,,,,False
7146,2024-07-15,85,83,71.11,True,Unknown,Competitor Pricing,Increasing,Premium,,,,False
3339,2024-01-17,61,2,53.97,False,Holiday,Economic Indicator,Increasing,Budget,,,,False
6318,2024-09-06,13,146,81.57,True,Holiday,Economic Indicator,Stable,Regular,,,,False
7384,2024-03-18,78,55,26.43,False,Unknown,Competitor Pricing,Stable,Budget,,,,False
7548,2024-06-11,2,380,12.38,True,Festival,Economic Indicator,Stable,Budget,,,,False
1647,2024-01-27,48,340,47.77,False,Unknown,Unknown,Increasing,Budget,,,,False
8731,2024-05-21,2,415,39.25,True,Holiday,Unknown,Decreasing,Budget,,,,False
7993,2024-02-20,65,259,46.85,True,Holiday,Competitor Pricing,Stable,Premium,,,,False
9461,2024-05-31,1,169,94.84,True,Festival,Weather,Decreasing,Regular,,,,False
4216,2024-06-20,86,292,79.94,False,Festival,Economic Indicator,Stable,Premium,,,,False
5464,2024-11-23,1,382,7.88,True,Unknown,Competitor Pricing,Increasing,Regular,,,,False
1193,2024-11-18,15,371,21.56,False,Unknown,Weather,Stable,Budget,,,,False
6227,2024-09-17,63,347,85.23,False,Festival,Unknown,Stable,Premium,,,,False
8029,2024-10-03,31,406,62.79,True,Festival,Economic Indicator,Stable,Regular,,,,False
8676,2024-01-19,29,124,83.05,True,Unknown,Unknown,Stable,Premium,,,,False
2186,2024-12-18,27,169,12.29,True,Festival,Unknown,Decreasing,Premium,,,,False
8237,2024-05-07,67,234,30.29,False,Holiday,Competitor Pricing,Stable,Regular,,,,False
3505,2024-10-17,69,129,80.68,True,Unknown,Economic Indicator,Stable,Regular,,,,False
7286,2024-08-08,40,272,43.09,False,Unknown,Unknown,Decreasing,Premium,,,,False
7658,2024-10-11,66,85,18.42,False,Unknown,Unknown,Stable,Premium,,,,False
5716,2024-02-19,1,195,68.24,False,Holiday,Competitor Pricing,Stable,Regular,,,,False
3105,2024-04-29,73,368,11.09,True,Unknown,Competitor Pricing,Increasing,Premium,,,,False
7679,2024-12-22,92,328,60.64,False,Holiday,Competitor Pricing,Increasing,Premium,,,,False
9230,2024-09-18,94,373,18.69,True,Festival,Competitor Pricing,Increasing,Regular,,,,False
9527,2024-10-02,88,161,91.39,False,Festival,Economic Indicator,Stable,Budget,,,,False
8584,2024-01-18,83,335,61.1,True,Unknown,Competitor Pricing,Stable,Regular,,,,False
6417,2024-09-02,75,354,30.53,False,Unknown,Unknown,Decreasing,Budget,,,,False
7060,2024-12-20,13,100,72.85,True,Holiday,Unknown,Increasing,Premium,,,,False
3269,2024-08-29,25,291,46.9,False,Unknown,Unknown,Increasing,Regular,,,,False
7626,2024-06-20,24,210,80.64,True,Festival,Competitor Pricing,Increasing,Regular,,,,False
7529,2024-07-04,68,135,41.82,False,Holiday,Competitor Pricing,Decreasing,Budget,,,,False
4472,2024-11-15,53,277,80.91,False,Festival,Unknown,Stable,Premium,,,,False
5724,2024-03-14,90,201,61.56,True,Holiday,Competitor Pricing,Increasing,Budget,,,,False
7232,2024-07-30,13,407,63.67,False,Unknown,Weather,Increasing,Premium,,,,False
8029,2024-10-03,15,371,91.29,True,Festival,Economic Indicator,Increasing,Budget,,,,False
5749,2024-11-05,60,165,22.2,False,Unknown,Competitor Pricing,Stable,Budget,,,,False
1848,2024-02-10,84,330,42.55,True,Festival,Unknown,Stable,Regular,,,,False
1631,2024-01-21,15,242,77.56,True,Unknown,Unknown,Decreasing,Premium,,,,False
4633,2024-03-15,96,295,77.53,True,Festival,Competitor Pricing,Stable,Budget,,,,False
4625,2024-03-23,93,119,61.09,True,Festival,Unknown,Decreasing,Budget,,,,False
5959,2024-07-07,86,323,36.96,False,Holiday,Competitor Pricing,Decreasing,Regular,,,,False
4460,2024-05-06,49,431,77.59,True,Unknown,Economic Indicator,Stable,Regular,,,,False
3781,2024-07-29,35,144,22.21,True,Unknown,Weather,Decreasing,Budget,,,,False
4280,2024-12-06,29,245,14.87,False,Holiday,Weather,Stable,Premium,,,,False
6071,2024-11-08,47,27,40.32,True,Unknown,Unknown,Decreasing,Budget,,,,False
5545,2024-08-21,25,465,96.24,True,Holiday,Unknown,Stable,Premium,57.84,64.92,1.28,True
1760,2024-02-26,13,77,23.94,False,Holiday,Economic Indicator,Decreasing,Regular,,,,False
5296,2024-01-03,47,12,92.65,True,Holiday,Weather,Stable,Regular,,,,False
5089,2024-01-20,84,190,89.84,True,Unknown,Weather,Increasing,Regular,,,,False
2524,2024-11-20,9,124,13.09,True,Festival,Unknown,Decreasing,Premium,,,,False
6505,2024-06-07,41,200,23.0,True,Holiday,Unknown,Increasing,Premium,,,,False
8073,2024-06-01,43,167,28.21,True,Festival,Unknown,Stable,Premium,,,,False
5979,2024-11-06,38,371,26.72,True,Unknown,Weather,Stable,Regular,,,,False
6782,2024-04-25,11,279,9.21,False,Unknown,Economic Indicator,Decreasing,Budget,,,,False
2458,2024-02-08,42,230,85.44,False,Holiday,Weather,Stable,Premium,,,,False
6772,2024-11-30,79,357,36.37,True,Unknown,Competitor Pricing,Stable,Premium,,,,False
4259,2024-01-05,36,166,31.67,True,Festival,Weather,Stable,Budget,,,,False
7364,2024-05-22,23,212,95.89,True,Unknown,Economic Indicator,Stable,Premium,,,,False
5942,2024-06-05,88,306,78.19,True,Holiday,Competitor Pricing,Increasing,Budget,,,,False
5031,2024-02-16,24,454,27.84,True,Unknown,Weather,Stable,Budget,,,,False
8514,2024-10-07,67,141,77.49,True,Festival,Unknown,Increasing,Premium,,,,False
5159,2024-05-10,22,447,50.44,False,Holiday,Weather,Stable,Regular,,,,False
2657,2024-10-02,30,252,79.74,True,Holiday,Unknown,Stable,Regular,,,,False
4468,2024-06-02,56,122,14.59,False,Festival,Weather,Stable,Regular,,,,False
1660,2024-02-02,89,398,38.76,True,Holiday,Weather,Increasing,Regular,,,,False
3049,2024-05-15,94,320,12.36,True,Unknown,Economic Indicator,Decreasing,Premium,,,,False
1762,2024-12-16,63,451,69.72,True,Unknown,Unknown,Decreasing,Budget,,,,False
5209,2024-06-30,35,88,30.3,False,Festival,Economic Indicator,Increasing,Premium,,,,False
1655,2024-03-30,58,151,53.39,False,Festival,Weather,Increasing,Budget,,,,False
3104,2024-12-02,86,412,85.05,False,Unknown,Unknown,Stable,Premium,,,,False
4591,2024-11-07,55,213,34.27,True,Holiday,Competitor Pricing,Decreasing,Premium,,,,False
8245,2024-07-07,89,303,16.04,False,Festival,Weather,Increasing,Regular,,,,False
3667,2024-10-03,31,375,94.13,True,Unknown,Weather,Increasing,Regular,,,,False
7813,2024-11-08,13,494,97.35,True,Festival,Economic Indicator,Increasing,Premium,,,,False
3029,2024-12-10,31,126,22.49,True,Holiday,Unknown,Stable,Regular,,,,False
4712,2024-09-01,90,385,53.09,False,Festival,Economic Indicator,Stable,Premium,,,,False
2876,2024-09-12,76,271,97.92,False,Unknown,Economic Indicator,Decreasing,Budget,,,,False
6979,2024-03-21,31,305,19.27,False,Unknown,Weather,Increasing,Regular,,,,False
9569,2024-10-23,54,101,29.32,True,Holiday,Competitor Pricing,Decreasing,Premium,,,,False
2432,2024-11-20,67,294,11.22,True,Festival,Competitor Pricing,Stable,Regular,45.89,46.22,1.41,True
4529,2024-04-28,76,131,48.76,False,Festival,Unknown,Decreasing,Premium,,,,False
5531,2024-12-15,42,79,95.61,True,Festival,Unknown,Increasing,Budget,,,,False
1101,2024-05-06,26,435,94.08,False,Unknown,Weather,Increasing,Budget,,,,False
3096,2024-04-26,56,477,9.8,True,Holiday,Economic Indicator,Increasing,Budget,,,,False
4801,2024-08-05,9,54,69.92,True,Festival,Unknown,Increasing,Regular,,,,False
8465,2024-08-27,25,55,97.09,False,Festival,Economic Indicator,Increasing,Premium,,,,False
7536,2024-04-18,90,303,94.1,True,Holiday,Unknown,Increasing,Regular,,,,False
3426,2024-07-22,93,208,95.84,True,Unknown,Economic Indicator,Increasing,Regular,,,,False
6681,2024-04-24,41,213,43.49,False,Holiday,Competitor Pricing,Stable,Premium,,,,False
4382,2024-01-04,63,412,75.32,False,Festival,Unknown,Decreasing,Budget,,,,False
5315,2024-01-27,69,2,72.56,True,Holiday,Weather,Stable,Regular,,,,False
2461,2024-10-02,86,273,88.28,False,Festival,Competitor Pricing,Decreasing,Budget,,,,False
9210,2024-05-15,12,449,43.73,True,Holiday,Competitor Pricing,Stable,Premium,,,,False
6561,2024-09-15,54,232,83.27,True,Holiday,Economic Indicator,Stable,Regular,,,,False
8868,2024-07-24,82,160,47.23,False,Unknown,Competitor Pricing,Increasing,Budget,,,,False
1713,2024-05-21,86,257,28.49,True,Unknown,Competitor Pricing,Decreasing,Regular,,,,False
1197,2024-12-23,23,120,7.65,False,Festival,Economic Indicator,Stable,Regular,,,,False
3462,2024-08-20,84,465,11.87,False,Unknown,Weather,Increasing,Budget,,,,False
8811,2024-02-01,13,317,58.57,True,Unknown,Economic Indicator,Decreasing,Budget,,,,False
9365,2024-08-30,37,144,7.42,False,Festival,Economic Indicator,Stable,Premium,,,,False
6599,2024-05-28,8,185,97.31,True,Holiday,Competitor Pricing,Stable,Budget,,,,False
8701,2024-07-15,3,370,61.73,True,Festival,Unknown,Stable,Premium,,,,False
4513,2024-12-01,29,197,15.78,False,Unknown,Competitor Pricing,Increasing,Budget,,,,False
3430,2024-01-09,96,248,72.87,True,Holiday,Unknown,Increasing,Premium,,,,False
7745,2024-03-30,20,187,15.87,False,Unknown,Competitor Pricing,Decreasing,Budget,,,,False
7485,2024-05-23,24,332,63.9,False,Festival,Unknown,Decreasing,Regular,,,,False
9136,2024-11-26,79,90,49.79,False,Festival,Competitor Pricing,Decreasing,Regular,,,,False
3793,2024-09-30,82,375,6.3,False,Unknown,Competitor Pricing,Increasing,Budget,,,,False
5010,2024-02-04,60,295,24.65,False,Unknown,Economic Indicator,Stable,Budget,41.56,33.24,0.86,True
1266,2024-12-07,88,438,71.3,False,Unknown,Economic Indicator,Increasing,Regular,,,,False
3821,2024-02-19,9,108,44.21,False,Festival,Weather,Decreasing,Premium,,,,False
5690,2024-08-11,6,162,13.89,False,Holiday,Competitor Pricing,Increasing,Budget,,,,False
8981,2024-03-03,6,471,48.39,False,Festival,Economic Indicator,Decreasing,Regular,,,,False
4137,2024-04-02,17,286,94.99,True,Festival,Weather,Increasing,Budget,,,,False
6792,2024-09-08,6,1,92.85,False,Festival,Unknown,Stable,Premium,48.38,52.77,1.87,True
1524,2024-08-24,14,67,91.79,True,Festival,Economic Indicator,Increasing,Premium,,,,False
6629,2024-07-10,69,186,35.47,False,Festival,Economic Indicator,Increasing,Budget,,,,False
2405,2024-09-16,50,270,69.42,True,Festival,Economic Indicator,Decreasing,Premium,,,,False
1878,2024-02-12,49,190,17.52,True,Unknown,Competitor Pricing,Decreasing,Premium,,,,False
5163,2024-06-13,31,298,19.35,False,Unknown,Competitor Pricing,Increasing,Premium,,,,False
4930,2024-09-16,8,196,10.9,False,Holiday,Weather,Increasing,Budget,,,,False
9578,2024-02-13,16,338,21.13,False,Festival,Weather,Increasing,Premium,,,,False
7345,2024-05-01,13,407,89.38,True,Unknown,Economic Indicator,Increasing,Premium,,,,False
9341,2024-11-27,30,277,78.77,True,Festival,Competitor Pricing,Stable,Budget,,,,False
6909,2024-06-13,63,217,67.1,False,Unknown,Economic Indicator,Stable,Premium,,,,False
2995,2024-07-25,60,18,83.19,True,Holiday,Unknown,Stable,Budget,,,,False
5792,2024-09-20,10,57,13.05,True,Holiday,Competitor Pricing,Stable,Premium,,,,False
7471,2024-09-24,1,209,73.69,True,Holiday,Unknown,Decreasing,Budget,,,,False
2229,2024-12-23,97,30,93.15,True,Holiday,Weather,Increasing,Budget,,,,False
8572,2024-12-10,59,333,89.61,True,Holiday,Weather,Stable,Regular,,,,False
7000,2024-03-05,39,265,52.26,False,Holiday,Economic Indicator,Increasing,Budget,,,,False
7550,2024-01-22,97,92,91.57,True,Holiday,Economic Indicator,Stable,Budget,,,,False
3426,2024-11-30,4,365,19.31,True,Unknown,Unknown,Increasing,Budget,,,,False
1589,2024-01-03,18,490,5.92,True,Holiday,Competitor Pricing,Stable,Budget,,,,False
4815,2024-08-17,74,246,15.18,True,Holiday,Weather,Decreasing,Premium,,,,False
9249,2024-06-11,70,311,68.02,False,Unknown,Economic Indicator,Increasing,Regular,,,,False
6269,2024-04-08,2,449,81.2,True,Festival,Unknown,Decreasing,Premium,,,,False
9202,2024-04-11,44,304,74.31,True,Unknown,Weather,Increasing,Regular,,,,False
9879,2024-06-30,36,139,19.53,False,Festival,Economic Indicator,Stable,Budget,,,,False
2033,2024-11-13,95,39,54.0,True,Holiday,Economic Indicator,Increasing,Premium,,,,False
2156,2024-05-03,23,38,98.42,True,Festival,Weather,Decreasing,Regular,,,,False
3514,2024-12-02,68,17,24.2,True,Holiday,Competitor Pricing,Increasing,Budget,,,,False
2463,2024-04-02,94,108,48.95,True,Holiday,Weather,Increasing,Budget,,,,False
6826,2024-07-27,89,154,69.0,False,Festival,Unknown,Stable,Premium,,,,False
2253,2024-06-25,93,438,65.08,True,Festival,Weather,Stable,Budget,,,,False
2677,2024-12-07,91,47,26.43,False,Festival,Economic Indicator,Stable,Regular,,,,False
5974,2024-08-25,87,455,66.03,True,Festival,Economic Indicator,Increasing,Budget,,,,False
4574,2024-01-06,16,469,26.91,True,Festival,Economic Indicator,Increasing,Budget,,,,False
9998,2024-03-02,7,253,33.99,True,Unknown,Competitor Pricing,Stable,Budget,,,,False
8003,2024-11-13,11,230,22.5,False,Holiday,Economic Indicator,Increasing,Premium,,,,False
1254,2024-03-27,86,428,80.13,True,Unknown,Unknown,Decreasing,Regular,,,,False
4720,2024-02-29,33,125,87.8,False,Festival,Competitor Pricing,Stable,Budget,,,,False
1099,2024-06-02,79,327,78.53,True,Unknown,Weather,Stable,Budget,,,,False
6435,2024-11-02,73,44,22.81,False,Festival,Economic Indicator,Stable,Budget,,,,False
7860,2024-05-13,78,175,46.67,True,Festival,Economic Indicator,Decreasing,Regular,,,,False
8447,2024-08-20,39,343,18.29,True,Holiday,Competitor Pricing,Decreasing,Premium,,,,False
8323,2024-02-13,59,375,96.77,False,Holiday,Competitor Pricing,Increasing,Budget,,,,False
2403,2024-06-11,18,430,30.52,True,Holiday,Competitor Pricing,Stable,Premium,,,,False
8326,2024-05-01,73,408,91.84,True,Festival,Weather,Stable,Regular,,,,False
3824,2024-12-11,79,304,81.37,True,Holiday,Weather,Increasing,Budget,,,,False
7718,2024-06-17,40,268,75.7,True,Unknown,Weather,Decreasing,Budget,,,,False
5695,2024-04-23,64,109,68.21,True,Holiday,Weather,Decreasing,Regular,,,,False
5251,2024-02-05,7,181,88.93,True,Unknown,Weather,Stable,Premium,,,,False
9009,2024-12-26,34,119,42.01,False,Festival,Competitor Pricing,Decreasing,Budget,,,,False
8873,2024-08-20,36,390,55.61,False,Festival,Competitor Pricing,Decreasing,Premium,,,,False
1709,2024-05-15,12,54,13.99,True,Holiday,Weather,Stable,Budget,,,,False
7592,2024-11-15,27,346,56.15,False,Unknown,Weather,Increasing,Budget,,,,False
8377,2024-01-02,86,339,21.98,True,Unknown,Economic Indicator,Increasing,Regular,,,,False
8043,2024-10-29,83,150,38.6,True,Unknown,Weather,Decreasing,Premium,,,,False
5319,2024-12-28,34,62,13.06,True,Festival,Weather,Stable,Budget,,,,False
9016,2024-05-08,77,367,82.25,False,Unknown,Unknown,Stable,Regular,,,,False
8538,2024-05-07,34,84,91.79,True,Festival,Competitor Pricing,Increasing,Budget,,,,False
2162,2024-03-10,20,398,44.1,True,Unknown,Economic Indicator,Stable,Budget,,,,False
5996,2024-11-11,36,299,23.35,False,Festival,Economic Indicator,Increasing,Regular,,,,False
3270,2024-12-06,50,2,28.86,False,Festival,Weather,Increasing,Premium,,,,False
4640,2024-04-05,20,87,84.15,True,Festival,Unknown,Decreasing,Premium,,,,False
8029,2024-09-05,10,273,31.06,True,Holiday,Weather,Stable,Regular,,,,False
8940,2024-01-07,43,376,39.43,False,Unknown,Competitor Pricing,Increasing,Regular,,,,False
7638,2024-12-27,72,461,10.89,False,Unknown,Competitor Pricing,Stable,Regular,,,,False
4415,2024-10-04,61,62,34.04,False,Holiday,Unknown,Stable,Regular,,,,False
2101,2024-09-15,92,396,76.83,True,Holiday,Weather,Stable,Regular,,,,False
5499,2024-01-12,32,239,46.56,False,Holiday,Unknown,Increasing,Premium,,,,False
1141,2024-07-25,95,423,53.46,True,Festival,Competitor Pricing,Decreasing,Regular,,,,False
6448,2024-05-23,69,177,22.23,False,Unknown,Competitor Pricing,Increasing,Regular,,,,False
9501,2024-09-10,7,132,77.69,True,Unknown,Unknown,Stable,Budget,,,,False
3019,2024-12-22,13,103,57.01,False,Unknown,Unknown,Increasing,Regular,,,,False
8926,2024-01-28,92,107,7.73,True,Unknown,Competitor Pricing,Stable,Regular,,,,False
9325,2024-08-11,21,175,58.92,False,Holiday,Economic Indicator,Increasing,Regular,,,,False
7965,2024-04-01,56,284,90.54,False,Festival,Competitor Pricing,Decreasing,Premium,,,,False
7856,2024-05-03,73,462,49.26,False,Festival,Competitor Pricing,Decreasing,Premium,,,,False
1929,2024-01-25,72,44,7.5,False,Festival,Unknown,Increasing,Regular,,,,False
6635,2024-07-15,76,86,60.95,True,Unknown,Economic Indicator,Stable,Budget,,,,False
3154,2024-09-12,1,310,73.6,False,Holiday,Competitor Pricing,Decreasing,Regular,,,,False
3417,2024-02-08,76,413,99.5,True,Unknown,Weather,Decreasing,Premium,,,,False
1539,2024-02-26,22,486,8.31,True,Festival,Unknown,Decreasing,Regular,,,,False
4381,2024-12-25,77,467,65.19,False,Holiday,Weather,Decreasing,Premium,,,,False
9890,2024-02-16,7,23,82.55,False,Unknown,Unknown,Decreasing,Budget,,,,False
7136,2024-02-18,52,153,96.83,False,Festival,Weather,Stable,Regular,,,,False
2597,2024-10-26,22,211,69.77,True,Holiday,Weather,Stable,Budget,,,,False
9214,2024-02-08,81,7,98.97,False,Holiday,Unknown,Decreasing,Regular,,,,False
5409,2024-08-29,83,177,82.05,False,Unknown,Competitor Pricing,Decreasing,Budget,,,,False
1928,2024-05-23,53,302,40.83,True,Unknown,Weather,Stable,Budget,,,,False
2574,2024-05-15,49,45,18.97,True,Unknown,Weather,Decreasing,Budget,,,,False
2460,2024-03-08,86,306,28.92,True,Unknown,Weather,Decreasing,Premium,,,,False
6918,2024-05-31,56,6,6.19,False,Festival,Unknown,Stable,Regular,,,,False
7715,2024-02-10,36,355,7.57,True,Festival,Weather,Increasing,Regular,,,,False
6123,2024-01-11,22,466,29.6,False,Holiday,Weather,Stable,Regular,,,,False
5231,2024-08-01,95,212,40.37,True,Festival,Unknown,Increasing,Regular,,,,False
9517,2024-06-10,35,193,17.63,True,Unknown,Unknown,Stable,Premium,,,,False
6138,2024-11-15,64,67,75.44,True,Holiday,Unknown,Decreasing,Premium,,,,False
4578,2024-11-07,17,91,26.91,False,Holiday,Competitor Pricing,Stable,Regular,,,,False
6807,2024-05-25,17,439,57.6,True,Festival,Weather,Increasing,Budget,,,,False
7416,2024-03-25,27,165,38.93,False,Unknown,Competitor Pricing,Decreasing,Regular,,,,False
2872,2024-02-14,22,50,76.94,False,Holiday,Economic Indicator,Decreasing,Budget,,,,False
5682,2024-07-15,51,402,67.56,True,Holiday,Weather,Decreasing,Regular,,,,False
3962,2024-11-05,14,253,67.01,False,Holiday,Weather,Stable,Regular,,,,False
2214,2024-12-28,47,378,93.97,False,Unknown,Weather,Decreasing,Budget,,,,False
7635,2024-12-12,47,349,13.31,True,Holiday,Weather,Decreasing,Regular,,,,False
9701,2024-10-28,21,147,19.31,False,Holiday,Economic Indicator,Stable,Premium,,,,False
7866,2024-09-12,39,307,47.13,True,Holiday,Competitor Pricing,Increasing,Premium,,,,False
4329,2024-01-24,32,90,55.32,False,Holiday,Weather,Stable,Premium,,,,False
7012,2024-10-19,79,98,16.57,True,Holiday,Unknown,Decreasing,Regular,,,,False
1081,2024-04-09,64,307,82.62,False,Holiday,Weather,Stable,Budget,,,,False
4769,2024-09-19,94,266,18.23,True,Unknown,Competitor Pricing,Decreasing,Regular,,,,False
8262,2024-12-08,65,347,8.77,False,Holiday,Economic Indicator,Increasing,Budget,,,,False
6447,2024-01-11,43,135,50.26,True,Festival,Weather,Increasing,Regular,,,,False
4513,2024-12-27,97,116,6.56,False,Festival,Unknown,Stable,Regular,,,,False
6824,2024-05-08,63,367,84.73,True,Unknown,Unknown,Increasing,Budget,,,,False
9632,2024-06-27,89,289,78.4,True,Unknown,Unknown,Stable,Budget,,,,False
3354,2024-06-16,95,242,20.69,True,Festival,Weather,Decreasing,Premium,,,,False
6530,2024-03-18,77,322,45.72,True,Unknown,Competitor Pricing,Increasing,Budget,,,,False
2453,2024-11-21,3,13,66.36,False,Holiday,Unknown,Decreasing,Regular,,,,False
7831,2024-08-09,99,38,35.44,False,Unknown,Unknown,Increasing,Regular,,,,False
3167,2024-05-30,36,373,22.44,False,Holiday,Weather,Stable,Premium,,,,False
1881,2024-05-09,85,107,11.59,False,Holiday,Weather,Decreasing,Budget,,,,False
4864,2024-10-09,68,462,80.69,False,Holiday,Unknown,Decreasing,Regular,,,,False
1327,2024-05-12,43,407,22.57,True,Festival,Weather,Stable,Regular,,,,False
2111,2024-01-17,90,48,49.63,True,Unknown,Weather,Increasing,Premium,15.7,39.93,2.18,True
3949,2024-07-23,8,462,70.95,True,Unknown,Competitor Pricing,Increasing,Budget,,,,False
5077,2024-02-13,53,496,55.33,True,Festival,Unknown,Decreasing,Premium,,,,False
2139,2024-02-21,72,320,79.33,True,Festival,Weather,Decreasing,Budget,,,,False
8332,2024-05-06,66,168,26.23,False,Festival,Weather,Stable,Budget,,,,False
3337,2024-02-07,6,303,54.0,True,Holiday,Unknown,Decreasing,Premium,,,,False
2582,2024-08-08,67,434,96.52,False,Unknown,Economic Indicator,Increasing,Budget,,,,False
4648,2024-03-17,76,12,59.24,False,Unknown,Economic Indicator,Decreasing,Budget,,,,False
4973,2024-09-15,61,417,17.21,True,Unknown,Weather,Decreasing,Regular,,,,False
2293,2024-05-19,6,85,16.74,True,Festival,Economic Indicator,Stable,Premium,,,,False
2351,2024-04-16,72,277,20.54,False,Holiday,Weather,Decreasing,Premium,,,,False
2641,2024-02-03,86,316,21.59,False,Holiday,Weather,Stable,Premium,,,,False
2384,2024-10-02,44,426,45.07,False,Festival,Unknown,Stable,Premium,8.54,57.0,0.95,True
9652,2024-06-13,22,311,79.74,False,Holiday,Weather,Stable,Premium,,,,False
4264,2024-06-19,86,131,26.66,False,Holiday,Economic Indicator,Increasing,Budget,,,,False
4465,2024-03-10,79,413,32.09,True,Holiday,Unknown,Increasing,Regular,,,,False
8008,2024-08-18,28,190,35.0,True,Festival,Economic Indicator,Increasing,Premium,,,,False
3465,2024-01-31,48,383,75.98,True,Holiday,Economic Indicator,Decreasing,Budget,,,,False
1595,2024-12-24,43,110,46.59,False,Unknown,Weather,Stable,Regular,,,,False
6758,2024-11-25,66,318,86.95,False,Unknown,Competitor Pricing,Increasing,Regular,,,,False
3959,2024-05-15,90,378,48.38,True,Festival,Unknown,Decreasing,Premium,,,,False
7410,2024-09-25,47,282,86.12,False,Unknown,Competitor Pricing,Decreasing,Premium,,,,False
5924,2024-02-17,44,449,44.71,False,Festival,Weather,Stable,Regular,,,,False
7716,2024-12-21,92,259,68.34,False,Festival,Weather,Increasing,Budget,,,,False
2417,2024-12-04,90,436,9.77,False,Holiday,Unknown,Stable,Budget,,,,False
8382,2024-07-12,88,80,40.83,False,Holiday,Unknown,Increasing,Premium,,,,False
5522,2024-03-26,34,11,36.05,False,Holiday,Unknown,Decreasing,Regular,,,,False
5174,2024-12-16,90,83,21.75,False,Festival,Weather,Stable,Budget,,,,False
9263,2024-02-07,93,328,80.19,True,Unknown,Unknown,Decreasing,Regular,,,,False
6397,2024-02-13,80,253,34.63,False,Unknown,Economic Indicator,Increasing,Premium,,,,False
6905,2024-01-23,60,304,98.37,False,Unknown,Competitor Pricing,Increasing,Regular,,,,False
8143,2024-06-22,50,392,87.33,False,Holiday,Competitor Pricing,Decreasing,Budget,,,,False
2573,2024-01-13,57,281,11.97,True,Holiday,Weather,Decreasing,Budget,,,,False
5425,2024-05-05,21,451,27.61,False,Festival,Unknown,Decreasing,Budget,,,,False
8986,2024-03-16,11,365,51.61,False,Festival,Unknown,Stable,Premium,,,,False
3628,2024-09-19,20,104,31.55,True,Unknown,Economic Indicator,Increasing,Premium,,,,False
8449,2024-03-22,19,100,85.73,False,Festival,Economic Indicator,Stable,Premium,,,,False
4160,2024-04-29,62,252,44.43,True,Unknown,Economic Indicator,Stable,Premium,,,,False
4795,2024-01-08,79,42,28.04,False,Festival,Economic Indicator,Decreasing,Budget,,,,False
9921,2024-12-22,79,265,59.55,True,Unknown,Weather,Stable,Regular,,,,False
2202,2024-04-09,74,483,65.24,True,Unknown,Competitor Pricing,Increasing,Regular,,,,False
7445,2024-11-11,44,450,75.12,True,Unknown,Unknown,Stable,Premium,,,,False
6028,2024-04-23,1,210,72.28,False,Holiday,Competitor Pricing,Increasing,Regular,,,,False
1321,2024-01-19,95,359,99.9,True,Festival,Economic Indicator,Stable,Budget,,,,False
9401,2024-05-03,24,232,13.33,False,Holiday,Weather,Decreasing,Premium,,,,False
8526,2024-10-02,2,480,91.8,False,Holiday,Unknown,Stable,Premium,,,,False
9438,2024-09-02,17,185,5.38,True,Holiday,Unknown,Decreasing,Premium,,,,False
8060,2024-07-28,7,99,59.25,True,Holiday,Weather,Increasing,Premium,,,,False
8284,2024-10-02,56,59,83.41,False,Festival,Competitor Pricing,Increasing,Premium,,,,False
8841,2024-08-12,53,376,12.32,False,Holiday,Weather,Stable,Budget,,,,False
1100,2024-01-13,2,294,89.61,True,Unknown,Weather,Increasing,Budget,,,,False
4264,2024-12-18,93,432,83.49,True,Unknown,Competitor Pricing,Increasing,Premium,,,,False
4540,2024-03-07,54,60,14.71,False,Festival,Weather,Decreasing,Budget,,,,False
7479,2024-03-07,66,97,90.31,True,Unknown,Weather,Increasing,Premium,,,,False
6631,2024-06-08,66,280,33.05,False,Festival,Weather,Increasing,Budget,,,,False
4798,2024-01-23,15,386,75.84,False,Unknown,Unknown,Increasing,Regular,,,,False
9126,2024-11-30,70,145,71.84,True,Festival,Unknown,Increasing,Budget,,,,False
3534,2024-10-13,79,233,40.97,True,Festival,Weather,Increasing,Budget,,,,False
7696,2024-11-28,88,365,25.29,True,Unknown,Unknown,Decreasing,Budget,,,,False
4872,2024-10-21,67,348,24.99,False,Holiday,Competitor Pricing,Decreasing,Premium,,,,False
6652,2024-03-15,23,344,51.84,True,Festival,Unknown,Stable,Premium,,,,False
2612,2024-12-20,9,93,18.99,True,Festival,Weather,Increasing,Regular,,,,False
5977,2024-08-27,22,22,24.49,False,Holiday,Weather,Stable,Budget,,,,False
5294,2024-12-09,53,300,67.1,True,Festival,Unknown,Increasing,Premium,,,,False
4244,2024-12-24,70,473,69.12,True,Holiday,Weather,Increasing,Budget,,,,False
9300,2024-08-27,58,103,6.39,True,Holiday,Weather,Decreasing,Budget,,,,False
5158,2024-05-27,53,234,56.01,False,Festival,Weather,Increasing,Budget,,,,False
3734,2024-09-28,81,210,67.27,False,Festival,Economic Indicator,Increasing,Premium,,,,False
6711,2024-06-15,47,322,60.51,False,Unknown,Competitor Pricing,Stable,Regular,,,,False
8648,2024-01-10,96,400,69.21,False,Holiday,Economic Indicator,Increasing,Premium,,,,False
2462,2024-07-24,33,108,12.76,False,Unknown,Unknown,Increasing,Budget,,,,False
9762,2024-11-28,95,100,51.35,False,Holiday,Unknown,Decreasing,Regular,,,,False
8489,2024-05-12,98,54,91.71,False,Holiday,Competitor Pricing,Stable,Budget,,,,False
3888,2024-11-30,21,244,70.55,False,Festival,Competitor Pricing,Decreasing,Budget,,,,False
9366,2024-05-07,47,493,22.75,False,Holiday,Economic Indicator,Stable,Budget,,,,False
3715,2024-05-05,75,12,47.92,True,Unknown,Unknown,Increasing,Regular,,,,False
6633,2024-04-23,18,92,43.05,True,Holiday,Competitor Pricing,Increasing,Budget,,,,False
4401,2024-04-25,91,449,10.65,True,Festival,Unknown,Decreasing,Budget,,,,False
8555,2024-09-26,52,150,80.51,True,Unknown,Competitor Pricing,Decreasing,Budget,,,,False
2800,2024-12-18,6,66,38.33,True,Unknown,Weather,Stable,Premium,,,,False
3685,2024-09-30,29,185,78.71,False,Unknown,Weather,Stable,Regular,,,,False
6966,2024-05-22,61,132,58.87,True,Festival,Competitor Pricing,Decreasing,Regular,,,,False
1299,2024-10-24,99,129,5.84,True,Festival,Economic Indicator,Stable,Budget,,,,False
4376,2024-12-26,81,273,86.38,True,Holiday,Weather,Increasing,Premium,,,,False
4915,2024-05-06,50,225,19.68,True,Unknown,Economic Indicator,Stable,Budget,,,,False
2185,2024-02-05,6,174,48.03,False,Unknown,Unknown,Increasing,Budget,,,,False
5799,2024-12-28,6,125,86.7,True,Unknown,Competitor Pricing,Decreasing,Budget,,,,False
5421,2024-02-28,37,53,46.08,False,Holiday,Economic Indicator,Increasing,Regular,,,,False
7803,2024-02-20,53,65,88.72,False,Festival,Weather,Decreasing,Regular,,,,False
5205,2024-10-12,2,55,82.17,False,Festival,Economic Indicator,Increasing,Budget,,,,False
3588,2024-04-24,59,298,44.9,True,Festival,Economic Indicator,Increasing,Regular,,,,False
4110,2024-12-28,84,341,38.7,False,Unknown,Competitor Pricing,Stable,Premium,,,,False
3742,2024-06-15,30,308,26.7,False,Festival,Competitor Pricing,Decreasing,Regular,,,,False
3062,2024-01-11,86,183,53.03,True,Festival,Competitor Pricing,Decreasing,Premium,,,,False
3334,2024-10-31,2,37,59.93,False,Holiday,Unknown,Decreasing,Premium,,,,False
7509,2024-05-16,89,157,30.5,False,Festival,Competitor Pricing,Decreasing,Premium,33.37,47.46,2.08,True
3968,2024-02-18,56,325,64.24,True,Unknown,Economic Indicator,Stable,Premium,,,,False
4448,2024-04-02,35,100,27.11,True,Holiday,Competitor Pricing,Decreasing,Premium,,,,False
6404,2024-01-28,92,82,21.74,True,Unknown,Unknown,Increasing,Regular,,,,False
9914,2024-10-01,37,33,6.52,False,Holiday,Competitor Pricing,Stable,Premium,,,,False
9259,2024-05-31,21,252,82.03,False,Festival,Weather,Stable,Premium,,,,False
9263,2024-08-21,88,250,85.23,False,Holiday,Unknown,Decreasing,Premium,,,,False
7818,2024-10-28,11,377,90.82,False,Unknown,Competitor Pricing,Decreasing,Budget,,,,False
4316,2024-11-15,59,273,54.28,False,Unknown,Unknown,Stable,Regular,,,,False
1096,2024-09-03,7,64,64.26,True,Holiday,Unknown,Increasing,Budget,,,,False
6663,2024-07-24,45,347,80.13,False,Festival,Unknown,Stable,Premium,,,,False
8465,2024-12-04,50,271,78.09,False,Festival,Competitor Pricing,Increasing,Budget,,,,False
7104,2024-01-02,18,475,86.55,False,Holiday,Economic Indicator,Stable,Premium,,,,False
8330,2024-02-11,70,177,56.25,False,Unknown,Unknown,Decreasing,Budget,,,,False
3269,2024-09-26,30,295,65.72,False,Festival,Competitor Pricing,Decreasing,Premium,,,,False
6030,2024-05-11,71,304,55.31,False,Unknown,Competitor Pricing,Stable,Regular,,,,False
2077,2024-07-23,37,261,17.17,True,Holiday,Competitor Pricing,Decreasing,Regular,,,,False
5807,2024-06-22,16,350,64.22,True,Festival,Economic Indicator,Decreasing,Budget,,,,False
8878,2024-11-14,46,118,37.03,True,Unknown,Unknown,Increasing,Regular,,,,False
2497,2024-11-27,61,396,44.78,False,Unknown,Unknown,Increasing,Budget,,,,False
3154,2024-11-03,55,72,70.39,False,Holiday,Weather,Increasing,Regular,,,,False
4300,2024-05-27,58,335,67.58,True,Festival,Economic Indicator,Increasing,Premium,,,,False
2270,2024-10-03,30,8,43.86,False,Festival,Competitor Pricing,Stable,Regular,,,,False
4369,2024-08-22,60,215,34.52,False,Holiday,Economic Indicator,Decreasing,Regular,,,,False
5954,2024-07-30,85,414,92.43,False,Festival,Unknown,Decreasing,Budget,,,,False
2533,2024-06-18,86,192,79.43,True,Holiday,Weather,Stable,Budget,,,,False
9151,2024-06-16,66,88,74.22,False,Festival,Unknown,Stable,Regular,,,,False
3027,2024-09-16,51,11,85.96,True,Festival,Economic Indicator,Increasing,Regular,,,,False
6438,2024-04-30,90,109,18.93,True,Festival,Weather,Stable,Budget,,,,False
4415,2024-09-12,38,391,61.48,True,Holiday,Competitor Pricing,Increasing,Premium,,,,False
7263,2024-02-06,45,15,48.72,True,Festival,Competitor Pricing,Decreasing,Premium,,,,False
3105,2024-04-07,80,42,40.13,True,Festival,Unknown,Increasing,Regular,,,,False
5366,2024-07-23,8,306,94.5,False,Holiday,Competitor Pricing,Decreasing,Premium,,,,False
3454,2024-12-03,81,28,66.4,True,Holiday,Unknown,Stable,Regular,,,,False
3373,2024-10-19,98,293,82.21,True,Holiday,Weather,Decreasing,Regular,,,,False
8680,2024-03-12,58,288,58.08,True,Unknown,Unknown,Increasing,Budget,,,,False
2468,2024-11-26,81,48,68.78,False,Festival,Economic Indicator,Increasing,Premium,,,,False
4600,2024-01-27,89,397,35.71,False,Holiday,Competitor Pricing,Stable,Regular,,,,False
6541,2024-05-17,22,47,9.25,True,Holiday,Unknown,Stable,Budget,,,,False
7650,2024-12-05,27,299,74.18,False,Unknown,Competitor Pricing,Decreasing,Budget,,,,False
3050,2024-01-28,65,414,61.16,True,Festival,Economic Indicator,Stable,Regular,,,,False
3979,2024-01-02,88,469,95.44,False,Festival,Weather,Increasing,Premium,,,,False
3480,2024-10-16,33,211,13.17,True,Festival,Economic Indicator,Increasing,Budget,,,,False
4831,2024-04-28,12,298,89.94,False,Holiday,Competitor Pricing,Decreasing,Regular,,,,False
3137,2024-09-27,88,65,87.17,False,Holiday,Unknown,Stable,Premium,,,,False
4205,2024-07-30,10,443,84.94,False,Festival,Weather,Stable,Budget,,,,False
3259,2024-02-25,60,22,28.18,False,Unknown,Competitor Pricing,Increasing,Premium,,,,False
6352,2024-12-19,63,361,87.57,False,Unknown,Competitor Pricing,Stable,Premium,,,,False
6400,2024-08-07,91,453,84.83,False,Unknown,Unknown,Increasing,Budget,,,,False
6566,2024-07-03,8,325,43.28,True,Festival,Unknown,Increasing,Budget,,,,False
4067,2024-08-27,94,331,5.31,False,Festival,Weather,Decreasing,Regular,,,,False
5217,2024-08-31,34,418,87.54,True,Festival,Competitor Pricing,Increasing,Budget,,,,False
5344,2024-02-14,92,419,99.39,True,Festival,Competitor Pricing,Decreasing,Regular,,,,False
9287,2024-01-11,80,334,87.73,False,Unknown,Competitor Pricing,Increasing,Budget,,,,False
2947,2024-04-26,11,139,81.0,True,Holiday,Competitor Pricing,Stable,Budget,,,,False
3714,2024-08-15,42,129,13.77,False,Holiday,Unknown,Stable,Premium,,,,False
9341,2024-10-15,12,430,37.11,True,Festival,Weather,Stable,Premium,,,,False
4741,2024-10-08,87,273,56.64,False,Holiday,Competitor Pricing,Increasing,Regular,,,,False
1447,2024-03-22,64,336,43.15,False,Unknown,Competitor Pricing,Decreasing,Budget,,,,False
9397,2024-01-10,8,25,14.57,True,Festival,Weather,Decreasing,Regular,,,,False
6275,2024-09-13,1,200,14.57,False,Holiday,Competitor Pricing,Stable,Regular,,,,False
3625,2024-02-26,1,71,93.76,True,Holiday,Economic Indicator,Decreasing,Budget,,,,False
1147,2024-08-01,8,475,72.5,True,Unknown,Competitor Pricing,Stable,Budget,,,,False
1279,2024-10-23,93,282,90.94,False,Festival,Weather,Stable,Budget,,,,False
2504,2024-10-02,52,321,24.07,False,Holiday,Weather,Increasing,Regular,,,,False
7136,2024-08-24,89,286,12.18,True,Festival,Economic Indicator,Increasing,Regular,,,,False
7284,2024-10-06,71,299,66.48,True,Holiday,Economic Indicator,Increasing,Budget,,,,False
5948,2024-02-29,91,360,52.65,True,Holiday,Unknown,Stable,Regular,,,,False
2101,2024-08-16,78,392,60.8,False,Unknown,Competitor Pricing,Decreasing,Premium,70.56,74.38,1.04,True
3638,2024-06-04,86,329,33.8,True,Festival,Unknown,Increasing,Regular,,,,False
5728,2024-07-08,41,116,7.49,False,Unknown,Competitor Pricing,Increasing,Regular,,,,False
5337,2024-07-16,20,84,84.26,False,Festival,Weather,Stable,Premium,,,,False
3900,2024-05-10,52,344,65.53,False,Unknown,Weather,Decreasing,Premium,,,,False
1471,2024-09-13,10,351,42.15,True,Unknown,Economic Indicator,Increasing,Premium,,,,False
2566,2024-07-11,72,114,68.06,False,Holiday,Economic Indicator,Stable,Regular,,,,False
7962,2024-01-26,20,252,70.71,True,Holiday,Competitor Pricing,Stable,Regular,,,,False
4013,2024-05-10,47,134,87.18,False,Festival,Weather,Decreasing,Regular,,,,False
7861,2024-07-18,92,396,29.43,False,Festival,Economic Indicator,Decreasing,Regular,,,,False
5181,2024-09-01,74,262,95.48,True,Holiday,Weather,Stable,Budget,,,,False
2106,2024-12-15,90,140,5.51,False,Unknown,Weather,Decreasing,Budget,,,,False
3315,2024-05-12,53,21,8.74,False,Unknown,Economic Indicator,Decreasing,Budget,,,,False
8852,2024-07-07,4,463,63.91,False,Holiday,Weather,Stable,Regular,,,,False
8888,2024-06-22,17,116,69.9,True,Festival,Weather,Increasing,Budget,,,,False
3542,2024-08-02,81,183,85.9,False,Unknown,Weather,Stable,Budget,,,,False
3627,2024-12-12,52,146,97.49,True,Holiday,Weather,Stable,Budget,,,,False
3129,2024-06-01,97,213,11.9,True,Unknown,Competitor Pricing,Decreasing,Regular,,,,False
2931,2024-08-16,51,21,21.16,False,Festival,Unknown,Increasing,Premium,,,,False
2359,2024-04-26,69,208,27.66,True,Festival,Economic Indicator,Decreasing,Premium,,,,False
3455,2024-01-30,24,287,87.2,False,Holiday,Weather,Stable,Budget,,,,False
3223,2024-08-09,51,95,72.3,False,Holiday,Competitor Pricing,Decreasing,Budget,,,,False
8642,2024-04-16,42,270,63.85,False,Holiday,Competitor Pricing,Stable,Premium,,,,False
9715,2024-05-21,5,312,19.81,True,Festival,Economic Indicator,Decreasing,Regular,,,,False
2369,2024-10-03,79,223,28.94,True,Festival,Unknown,Stable,Budget,,,,False
1485,2024-07-09,85,275,89.65,True,Festival,Economic Indicator,Decreasing,Budget,,,,False
1958,2024-04-08,85,481,16.76,False,Unknown,Economic Indicator,Stable,Premium,,,,False
4874,2024-05-23,77,74,92.69,True,Holiday,Economic Indicator,Decreasing,Regular,,,,False
1052,2024-05-03,73,111,37.0,False,Festival,Weather,Stable,Regular,,,,False
6958,2024-05-07,45,451,21.47,True,Festival,Unknown,Decreasing,Regular,,,,False
1204,2024-04-13,12,251,94.99,False,Unknown,Competitor Pricing,Decreasing,Regular,,,,False
7078,2024-06-16,98,90,71.57,True,Festival,Economic Indicator,Decreasing,Regular,,,,False
4595,2024-10-02,29,363,58.03,True,Unknown,Economic Indicator,Stable,Premium,,,,False
1357,2024-06-09,45,450,91.29,True,Unknown,Unknown,Decreasing,Budget,,,,False
9503,2024-05-07,27,225,18.57,False,Festival,Weather,Decreasing,Regular,,,,False
7128,2024-05-22,38,415,99.5,False,Unknown,Competitor Pricing,Increasing,Regular,,,,False
5580,2024-01-24,20,106,5.68,True,Festival,Weather,Stable,Regular,,,,False
5215,2024-01-31,61,185,16.14,False,Unknown,Competitor Pricing,Increasing,Budget,,,,False
4846,2024-04-22,38,299,14.36,True,Unknown,Unknown,Stable,Regular,,,,False
1363,2024-04-19,75,158,16.42,True,Holiday,Competitor Pricing,Increasing,Regular,,,,False
6380,2024-01-06,34,390,22.61,False,Festival,Unknown,Decreasing,Regular,,,,False
9120,2024-03-13,46,371,68.54,True,Festival,Weather,Stable,Regular,,,,False
3018,2024-03-27,98,36,51.13,False,Festival,Economic Indicator,Increasing,Premium,,,,False
3372,2024-02-24,82,409,33.18,False,Unknown,Weather,Decreasing,Budget,,,,False
1082,2024-09-25,2,258,57.75,False,Festival,Competitor Pricing,Stable,Regular,,,,False
5425,2024-06-27,13,484,12.33,True,Holiday,Weather,Increasing,Budget,,,,False
4452,2024-07-16,6,94,78.76,False,Festival,Unknown,Stable,Regular,,,,False
4749,2024-03-20,94,128,25.76,True,Unknown,Competitor Pricing,Stable,Budget,,,,False
4764,2024-11-19,59,50,16.19,True,Festival,Weather,Increasing,Budget,,,,False
1339,2024-06-28,38,408,69.48,True,Unknown,Competitor Pricing,Increasing,Budget,,,,False
9105,2024-07-10,12,240,15.41,True,Unknown,Unknown,Stable,Premium,,,,False
7597,2024-02-17,37,419,90.56,False,Festival,Economic Indicator,Decreasing,Regular,,,,False
2187,2024-06-17,70,202,61.24,True,Festival,Weather,Stable,Premium,,,,False
6678,2024-01-20,62,156,20.11,True,Unknown,Weather,Stable,Regular,,,,False
3752,2024-07-07,24,365,16.37,True,Unknown,Unknown,Stable,Budget,,,,False
4297,2024-01-26,27,421,95.53,True,Unknown,Weather,Stable,Budget,,,,False
5830,2024-12-09,18,459,8.81,False,Unknown,Weather,Decreasing,Budget,,,,False
3430,2024-09-09,75,271,8.99,True,Unknown,Unknown,Decreasing,Budget,,,,False
6087,2024-10-23,6,322,59.27,False,Festival,Weather,Increasing,Premium,,,,False
6806,2024-11-24,36,146,80.7,False,Unknown,Economic Indicator,Decreasing,Budget,,,,False
5952,2024-07-26,81,393,24.55,False,Holiday,Competitor Pricing,Decreasing,Premium,,,,False
6944,2024-01-29,46,126,24.36,True,Unknown,Unknown,Increasing,Premium,,,,False
2499,2024-02-11,68,499,52.78,True,Holiday,Competitor Pricing,Increasing,Budget,,,,False
4198,2024-03-16,17,170,13.95,True,Holiday,Unknown,Increasing,Premium,,,,False
6720,2024-09-18,96,351,93.59,True,Unknown,Unknown,Decreasing,Premium,,,,False
9437,2024-11-12,16,28,28.89,True,Festival,Competitor Pricing,Stable,Budget,,,,False
4652,2024-06-21,88,363,85.09,True,Festival,Weather,Increasing,Budget,,,,False
3239,2024-01-03,29,407,39.71,True,Holiday,Competitor Pricing,Stable,Regular,,,,False
5642,2024-09-25,24,426,13.85,True,Holiday,Economic Indicator,Stable,Budget,,,,False
3813,2024-10-27,34,313,87.97,True,Holiday,Competitor Pricing,Decreasing,Regular,56.14,69.34,1.46,True
2443,2024-04-23,74,491,46.51,False,Holiday,Weather,Increasing,Premium,,,,False
5479,2024-10-04,89,450,72.93,True,Unknown,Economic Indicator,Decreasing,Budget,,,,False
8010,2024-07-03,38,431,14.82,True,Unknown,Unknown,Decreasing,Premium,,,,False
4894,2024-08-14,91,266,75.58,False,Festival,Unknown,Increasing,Budget,,,,False
4890,2024-09-15,5,85,25.21,False,Unknown,Unknown,Decreasing,Premium,,,,False
1281,2024-05-16,89,198,72.56,False,Festival,Economic Indicator,Stable,Premium,,,,False
7452,2024-01-06,44,117,24.02,True,Holiday,Unknown,Stable,Budget,,,,False
1920,2024-08-26,69,216,67.98,False,Festival,Competitor Pricing,Increasing,Premium,,,,False
3403,2024-01-05,72,16,39.92,True,Holiday,Weather,Stable,Budget,,,,False
1504,2024-07-07,9,20,55.51,True,Festival,Economic Indicator,Decreasing,Budget,,,,False
3995,2024-01-05,46,343,81.19,False,Holiday,Weather,Increasing,Regular,,,,False
2405,2024-08-03,82,193,98.37,False,Unknown,Unknown,Stable,Premium,,,,False
6916,2024-05-17,44,31,50.27,False,Holiday,Unknown,Increasing,Regular,,,,False
3098,2024-01-26,73,17,84.27,False,Unknown,Weather,Increasing,Budget,,,,False
3051,2024-05-10,84,498,50.65,False,Unknown,Competitor Pricing,Stable,Regular,,,,False
1989,2024-01-16,68,321,69.86,True,Festival,Unknown,Stable,Regular,,,,False
6728,2024-02-08,17,124,92.16,True,Unknown,Unknown,Decreasing,Budget,,,,False
6634,2024-07-23,66,63,53.03,True,Festival,Economic Indicator,Stable,Regular,,,,False
6842,2024-12-29,4,485,80.65,False,Unknown,Economic Indicator,Increasing,Budget,,,,False
7047,2024-11-20,31,100,51.79,False,Holiday,Economic Indicator,Decreasing,Budget,,,,False
7940,2024-09-03,58,96,30.92,False,Festival,Economic Indicator,Decreasing,Budget,,,,False
8069,2024-04-10,82,71,21.02,False,Holiday,Competitor Pricing,Stable,Premium,,,,False
5782,2024-11-01,2,114,45.68,False,Unknown,Weather,Decreasing,Regular,,,,False
2967,2024-02-08,80,402,15.48,False,Holiday,Economic Indicator,Decreasing,Regular,,,,False
6923,2024-03-11,25,353,20.57,False,Festival,Economic Indicator,Stable,Premium,,,,False
1059,2024-12-18,45,177,36.6,False,Unknown,Weather,Increasing,Premium,,,,False
7830,2024-02-22,51,387,23.94,False,Unknown,Economic Indicator,Stable,Regular,,,,False
9660,2024-08-13,59,198,85.75,True,Festival,Weather,Stable,Budget,,,,False
6043,2024-08-04,18,287,96.52,True,Festival,Competitor Pricing,Decreasing,Budget,,,,False
7486,2024-09-21,28,369,54.92,False,Unknown,Competitor Pricing,Stable,Budget,,,,False
6529,2024-01-05,6,372,76.29,True,Unknown,Competitor Pricing,Increasing,Regular,,,,False
4707,2024-01-27,63,94,36.08,False,Festival,Weather,Stable,Premium,,,,False
5949,2024-08-21,39,458,57.18,True,Festival,Unknown,Decreasing,Premium,,,,False
6782,2024-04-04,93,174,89.04,True,Festival,Economic Indicator,Increasing,Regular,,,,False
9897,2024-07-13,98,4,56.99,False,Unknown,Competitor Pricing,Decreasing,Premium,,,,False
5960,2024-11-24,51,164,73.09,True,Unknown,Economic Indicator,Increasing,Budget,,,,False
1116,2024-12-17,52,406,66.18,False,Festival,Competitor Pricing,Increasing,Premium,,,,False
1321,2024-08-05,71,443,81.41,True,Festival,Unknown,Stable,Regular,,,,False
5262,2024-11-30,13,278,38.1,False,Unknown,Economic Indicator,Stable,Regular,,,,False
1756,2024-11-04,2,225,65.23,False,Festival,Economic Indicator,Increasing,Premium,,,,False
1007,2024-03-27,86,459,19.66,True,Unknown,Unknown,Increasing,Regular,,,,False
4838,2024-03-29,79,91,38.93,False,Festival,Unknown,Stable,Premium,,,,False
8511,2024-04-06,40,163,72.07,True,Unknown,Weather,Decreasing,Premium,,,,False
9599,2024-12-06,15,334,15.5,False,Unknown,Economic Indicator,Increasing,Premium,,,,False
2731,2024-12-05,38,282,82.16,True,Festival,Unknown,Stable,Premium,,,,False
7094,2024-07-09,70,223,84.86,False,Holiday,Economic Indicator,Decreasing,Regular,,,,False
3021,2024-02-21,28,8,65.26,True,Unknown,Weather,Stable,Budget,,,,False
3270,2024-12-23,14,81,43.86,False,Festival,Unknown,Increasing,Budget,,,,False
2233,2024-10-14,98,25,79.79,True,Unknown,Unknown,Stable,Regular,,,,False
8996,2024-05-10,48,56,85.03,True,Unknown,Weather,Decreasing,Regular,,,,False
1775,2024-01-28,75,41,28.26,False,Unknown,Economic Indicator,Stable,Budget,,,,False
3547,2024-06-04,33,399,30.55,False,Holiday,Economic Indicator,Increasing,Premium,,,,False
7407,2024-05-04,40,209,29.37,True,Festival,Weather,Increasing,Budget,,,,False
8695,2024-05-01,74,185,20.97,False,Festival,Economic Indicator,Increasing,Regular,,,,False
8418,2024-01-21,93,90,33.49,True,Festival,Competitor Pricing,Decreasing,Premium,,,,False
8787,2024-08-11,5,195,65.55,False,Holiday,Economic Indicator,Stable,Premium,,,,False
9326,2024-09-15,23,33,29.34,True,Holiday,Economic Indicator,Decreasing,Budget,,,,False
4602,2024-11-24,28,126,12.12,True,Festival,Weather,Increasing,Regular,,,,False
7509,2024-12-20,54,121,38.43,False,Festival,Weather,Increasing,Budget,,,,False
9289,2024-06-03,86,360,97.61,False,Holiday,Competitor Pricing,Stable,Budget,,,,False
3997,2024-06-13,52,477,98.93,True,Festival,Weather,Increasing,Budget,,,,False
6272,2024-12-30,87,127,5.92,False,Festival,Economic Indicator,Increasing,Premium,,,,False
6560,2024-11-28,90,292,31.35,True,Unknown,Unknown,Decreasing,Premium,,,,False
1835,2024-06-30,22,231,82.94,False,Unknown,Weather,Decreasing,Regular,,,,False
9941,2024-10-29,78,89,6.99,False,Unknown,Weather,Increasing,Regular,,,,False
9338,2024-08-17,57,312,45.92,True,Festival,Competitor Pricing,Stable,Premium,,,,False
4500,2024-11-13,13,5,90.36,True,Festival,Competitor Pricing,Stable,Regular,,,,False
3628,2024-08-22,66,351,5.9,False,Holiday,Competitor Pricing,Decreasing,Premium,,,,False
2587,2024-04-15,17,176,59.91,False,Festival,Competitor Pricing,Stable,Budget,,,,False
7293,2024-04-28,69,365,7.95,False,Festival,Unknown,Decreasing,Budget,,,,False
8219,2024-03-22,89,468,95.22,True,Holiday,Unknown,Stable,Premium,,,,False
9519,2024-10-31,32,179,26.79,True,Unknown,Competitor Pricing,Stable,Regular,,,,False
2209,2024-11-08,51,454,36.86,False,Unknown,Economic Indicator,Stable,Regular,,,,False
6548,2024-08-23,40,293,82.92,True,Unknown,Unknown,Decreasing,Premium,,,,False
7866,2024-10-04,88,407,27.34,False,Holiday,Competitor Pricing,Decreasing,Regular,,,,False
8570,2024-09-09,47,493,25.65,True,Holiday,Weather,Decreasing,Regular,,,,False
5378,2024-11-12,52,356,69.2,True,Unknown,Unknown,Decreasing,Premium,,,,False
2294,2024-04-29,35,460,33.98,False,Unknown,Competitor Pricing,Increasing,Regular,,,,False
2289,2024-06-10,99,306,77.03,False,Unknown,Unknown,Stable,Premium,,,,False
9650,2024-11-18,9,360,31.34,True,Festival,Unknown,Stable,Budget,,,,False
6989,2024-02-01,57,461,16.39,False,Festival,Competitor Pricing,Stable,Premium,,,,False
8297,2024-01-01,5,412,15.4,True,Holiday,Competitor Pricing,Decreasing,Premium,,,,False
9757,2024-08-01,19,142,44.25,True,Unknown,Economic Indicator,Stable,Premium,,,,False
1971,2024-02-21,78,350,74.86,False,Festival,Competitor Pricing,Decreasing,Regular,,,,False
1078,2024-06-25,1,53,95.42,True,Festival,Competitor Pricing,Increasing,Regular,,,,False
9898,2024-05-31,33,455,79.81,False,Holiday,Weather,Increasing,Budget,,,,False
2691,2024-05-09,99,347,92.22,True,Unknown,Unknown,Increasing,Premium,,,,False
9829,2024-01-06,2,425,33.97,True,Holiday,Unknown,Decreasing,Regular,,,,False
5419,2024-12-12,22,249,61.74,False,Festival,Unknown,Decreasing,Premium,,,,False
4581,2024-08-30,75,112,38.11,False,Holiday,Weather,Stable,Regular,,,,False
8840,2024-12-21,36,32,8.91,False,Festival,Unknown,Increasing,Budget,,,,False
9757,2024-05-10,51,144,92.76,True,Festival,Competitor Pricing,Increasing,Budget,,,,False
6773,2024-06-08,10,99,49.61,False,Holiday,Competitor Pricing,Increasing,Premium,,,,False
8462,2024-08-17,83,19,26.46,False,Festival,Economic Indicator,Increasing,Premium,98.32,95.32,2.01,True
4170,2024-02-16,45,151,73.59,False,Holiday,Weather,Increasing,Premium,,,,False
8874,2024-04-08,84,226,30.98,True,Unknown,Economic Indicator,Stable,Regular,,,,False
6656,2024-02-19,58,60,80.73,False,Festival,Unknown,Stable,Premium,,,,False
2335,2024-05-20,83,248,86.12,True,Festival,Unknown,Increasing,Budget,,,,False
6775,2024-04-08,67,196,23.86,True,Unknown,Unknown,Increasing,Premium,,,,False
4580,2024-03-18,74,160,9.0,False,Unknown,Competitor Pricing,Decreasing,Budget,,,,False
7473,2024-06-14,73,452,63.33,False,Festival,Unknown,Stable,Budget,,,,False
9748,2024-11-05,16,157,73.82,True,Holiday,Unknown,Increasing,Premium,,,,False
1640,2024-12-07,5,77,42.83,False,Festival,Competitor Pricing,Decreasing,Budget,,,,False
3957,2024-06-25,11,465,75.26,False,Unknown,Competitor Pricing,Decreasing,Premium,,,,False
5993,2024-03-20,85,244,48.75,False,Festival,Competitor Pricing,Increasing,Budget,,,,False
6165,2024-05-21,51,297,21.08,True,Holiday,Economic Indicator,Stable,Premium,,,,False
9396,2024-07-07,62,372,90.49,True,Holiday,Weather,Increasing,Premium,,,,False
1467,2024-07-19,22,165,50.31,False,Unknown,Economic Indicator,Decreasing,Premium,,,,False
3803,2024-08-22,30,144,29.92,True,Holiday,Unknown,Decreasing,Budget,,,,False
3317,2024-01-23,22,31,99.38,False,Holiday,Unknown,Increasing,Premium,,,,False
3073,2024-09-02,70,292,72.03,False,Holiday,Unknown,Decreasing,Premium,,,,False
8245,2024-09-22,28,345,29.5,False,Holiday,Weather,Increasing,Regular,,,,False
8471,2024-05-23,28,395,24.2,False,Unknown,Competitor Pricing,Stable,Budget,,,,False
9705,2024-09-22,85,350,81.86,False,Holiday,Unknown,Increasing,Premium,,,,False
4093,2024-05-01,84,266,68.09,True,Unknown,Competitor Pricing,Increasing,Budget,,,,False
1558,2024-08-14,99,404,77.98,True,Festival,Weather,Stable,Budget,,,,False
4731,2024-12-23,63,438,20.35,True,Holiday,Economic Indicator,Increasing,Regular,,,,False
4428,2024-07-31,66,305,72.16,False,Festival,Competitor Pricing,Decreasing,Premium,,,,False
3547,2024-05-11,72,429,26.51,True,Holiday,Unknown,Decreasing,Regular,,,,False
5950,2024-06-09,32,165,79.62,True,Festival,Competitor Pricing,Stable,Budget,,,,False
3009,2024-10-28,52,276,41.55,True,Unknown,Weather,Increasing,Premium,,,,False
3267,2024-02-15,22,103,8.29,True,Festival,Economic Indicator,Decreasing,Budget,,,,False
4916,2024-12-07,31,161,98.26,False,Unknown,Weather,Decreasing,Budget,,,,False
9745,2024-02-01,52,309,82.21,True,Festival,Economic Indicator,Stable,Regular,,,,False
3613,2024-01-05,33,349,82.1,True,Unknown,Competitor Pricing,Decreasing,Regular,,,,False
9452,2024-06-01,51,350,21.14,False,Holiday,Weather,Increasing,Premium,,,,False
5882,2024-06-03,74,129,69.09,True,Holiday,Weather,Increasing,Regular,,,,False
6467,2024-01-25,29,422,31.51,False,Holiday,Unknown,Stable,Budget,,,,False
4353,2024-03-07,63,67,40.25,False,Festival,Competitor Pricing,Decreasing,Premium,,,,False
7444,2024-10-01,90,226,15.45,False,Unknown,Unknown,Decreasing,Premium,,,,False
2696,2024-02-25,42,354,90.88,True,Unknown,Weather,Decreasing,Premium,,,,False
1594,2024-06-28,66,402,32.88,False,Festival,Competitor Pricing,Decreasing,Regular,,,,False
8555,2024-05-04,12,44,46.4,False,Holiday,Weather,Stable,Budget,,,,False
1566,2024-10-06,37,194,83.09,True,Festival,Competitor Pricing,Stable,Premium,,,,False
2400,2024-09-03,75,457,49.52,False,Holiday,Competitor Pricing,Decreasing,Budget,,,,False
3319,2024-06-26,98,472,98.15,True,Unknown,Weather,Increasing,Budget,,,,False
7861,2024-01-24,8,226,65.23,True,Holiday,Competitor Pricing,Decreasing,Premium,,,,False
4592,2024-04-14,4,143,58.81,False,Unknown,Weather,Decreasing,Regular,,,,False
4251,2024-03-19,52,153,8.02,False,Unknown,Economic Indicator,Increasing,Premium,,,,False
4395,2024-03-11,49,348,48.8,False,Unknown,Unknown,Increasing,Regular,,,,False
7869,2024-07-07,91,114,84.54,True,Festival,Competitor Pricing,Increasing,Budget,,,,False
5694,2024-05-29,19,44,26.03,False,Holiday,Weather,Increasing,Premium,,,,False
8972,2024-08-03,70,378,6.7,False,Unknown,Unknown,Increasing,Budget,,,,False
7957,2024-06-24,79,274,92.11,True,Unknown,Competitor Pricing,Stable,Regular,,,,False
4975,2024-06-23,52,205,38.99,True,Unknown,Weather,Increasing,Premium,,,,False
9305,2024-02-23,3,76,95.94,False,Festival,Competitor Pricing,Decreasing,Budget,,,,False
5373,2024-05-07,89,44,77.79,False,Holiday,Weather,Increasing,Regular,,,,False
7425,2024-08-20,30,113,82.61,True,Unknown,Competitor Pricing,Decreasing,Budget,,,,False
6686,2024-06-02,11,12,96.87,True,Festival,Economic Indicator,Stable,Premium,,,,False
7302,2024-06-20,54,307,21.36,True,Holiday,Unknown,Decreasing,Regular,,,,False
9597,2024-06-13,70,274,40.34,True,Holiday,Weather,Decreasing,Regular,,,,False
8577,2024-10-17,63,421,9.76,False,Unknown,Unknown,Stable,Premium,,,,False
6101,2024-11-07,67,219,65.37,False,Festival,Weather,Stable,Regular,,,,False
7419,2024-06-04,49,239,23.88,False,Festival,Economic Indicator,Increasing,Budget,,,,False
1437,2024-11-28,29,399,53.92,True,Unknown,Competitor Pricing,Decreasing,Premium,,,,False
7156,2024-08-25,28,100,6.35,False,Holiday,Weather,Increasing,Regular,,,,False
2388,2024-07-09,45,94,73.48,False,Unknown,Unknown,Decreasing,Premium,,,,False
7648,2024-06-25,39,193,59.54,False,Unknown,Unknown,Stable,Budget,,,,False
7126,2024-01-25,12,325,11.76,False,Festival,Unknown,Decreasing,Budget,,,,False
4977,2024-07-25,95,458,83.66,False,Unknown,Unknown,Increasing,Budget,,,,False
9172,2024-06-07,43,498,57.93,True,Holiday,Competitor Pricing,Increasing,Premium,,,,False
3973,2024-10-16,54,273,35.17,True,Unknown,Weather,Stable,Regular,,,,False
6853,2024-07-31,88,430,35.79,True,Festival,Unknown,Increasing,Regular,,,,False
3550,2024-03-25,3,115,61.07,True,Holiday,Unknown,Decreasing,Regular,,,,False
9977,2024-04-17,93,8,21.53,False,Festival,Unknown,Decreasing,Premium,,,,False
3685,2024-06-14,40,293,14.4,False,Unknown,Economic Indicator,Increasing,Budget,,,,False
9326,2024-01-19,15,77,25.39,False,Unknown,Weather,Stable,Regular,,,,False
2417,2024-02-17,96,2,49.3,True,Holiday,Unknown,Stable,Premium,,,,False
8654,2024-03-11,5,347,21.34,False,Festival,Competitor Pricing,Increasing,Premium,,,,False
8476,2024-11-08,76,414,67.93,False,Unknown,Economic Indicator,Increasing,Premium,,,,False
6424,2024-05-04,32,57,15.24,False,Unknown,Weather,Stable,Regular,,,,False
2195,2024-06-22,2,33,12.52,True,Festival,Unknown,Increasing,Premium,,,,False
9076,2024-11-05,55,162,52.52,True,Unknown,Unknown,Decreasing,Regular,,,,False
5670,2024-02-18,92,129,64.34,False,Festival,Unknown,Increasing,Budget,,,,False
7641,2024-05-11,12,8,83.53,False,Holiday,Weather,Decreasing,Budget,,,,False
8289,2024-08-28,24,338,24.93,True,Holiday,Weather,Decreasing,Regular,,,,False
9138,2024-05-05,48,163,63.34,True,Festival,Unknown,Stable,Budget,,,,False
7130,2024-11-19,2,164,59.8,False,Festival,Economic Indicator,Increasing,Budget,,,,False
8878,2024-05-23,80,484,99.64,True,Festival,Economic Indicator,Decreasing,Premium,,,,False
2015,2024-10-01,3,480,37.84,True,Unknown,Unknown,Decreasing,Regular,,,,False
2820,2024-07-13,31,147,48.68,False,Festival,Competitor Pricing,Stable,Regular,,,,False
6802,2024-03-10,98,266,87.91,True,Unknown,Unknown,Decreasing,Budget,,,,False
6147,2024-01-05,13,104,7.73,False,Unknown,Economic Indicator,Increasing,Regular,,,,False
4206,2024-10-22,85,4,64.7,True,Holiday,Economic Indicator,Increasing,Budget,,,,False
7677,2024-10-23,50,83,78.55,False,Holiday,Economic Indicator,Decreasing,Premium,,,,False
4829,2024-04-03,9,359,98.17,True,Unknown,Weather,Stable,Premium,,,,False
7975,2024-05-03,32,273,98.03,True,Festival,Competitor Pricing,Stable,Budget,,,,False
7549,2024-07-14,81,6,61.92,False,Festival,Competitor Pricing,Stable,Premium,67.6,71.08,1.67,True
2220,2024-02-21,45,108,49.29,True,Festival,Competitor Pricing,Increasing,Budget,,,,False
5514,2024-02-19,55,439,90.83,False,Holiday,Competitor Pricing,Decreasing,Regular,,,,False
3301,2024-04-19,89,474,97.82,False,Holiday,Competitor Pricing,Stable,Budget,,,,False
7804,2024-08-08,35,72,23.82,False,Unknown,Weather,Increasing,Regular,,,,False
5936,2024-06-14,32,418,97.04,True,Holiday,Weather,Decreasing,Regular,,,,False
8807,2024-04-30,66,390,41.95,True,Holiday,Economic Indicator,Increasing,Premium,,,,False
9592,2024-01-03,95,410,18.31,True,Unknown,Competitor Pricing,Decreasing,Regular,,,,False
3394,2024-03-19,2,179,78.38,False,Unknown,Competitor Pricing,Decreasing,Regular,,,,False
8846,2024-08-14,85,202,63.61,True,Festival,Competitor Pricing,Decreasing,Premium,,,,False
2453,2024-07-27,19,56,64.44,False,Unknown,Competitor Pricing,Decreasing,Budget,,,,False
5724,2024-08-08,6,25,29.81,True,Unknown,Economic Indicator,Stable,Regular,,,,False
1926,2024-01-28,72,220,20.23,False,Holiday,Competitor Pricing,Increasing,Budget,,,,False
2741,2024-03-28,78,326,86.14,False,Holiday,Competitor Pricing,Stable,Budget,,,,False
8108,2024-08-19,70,139,65.07,False,Unknown,Competitor Pricing,Stable,Budget,,,,False
8483,2024-09-07,1,60,14.13,True,Holiday,Competitor Pricing,Stable,Premium,,,,False
7257,2024-09-03,70,419,9.27,False,Festival,Weather,Increasing,Premium,,,,False
5014,2024-06-12,65,6,41.83,True,Holiday,Weather,Decreasing,Budget,,,,False
8347,2024-01-20,2,253,45.57,True,Festival,Unknown,Increasing,Budget,,,,False
4826,2024-02-22,75,398,26.5,False,Unknown,Economic Indicator,Stable,Budget,,,,False
6955,2024-09-07,15,373,57.96,True,Holiday,Competitor Pricing,Decreasing,Premium,,,,False
8163,2024-03-10,19,368,76.82,False,Festival,Competitor Pricing,Increasing,Budget,,,,False
5091,2024-09-20,25,213,68.21,False,Holiday,Economic Indicator,Decreasing,Regular,,,,False
4954,2024-04-02,74,95,23.92,True,Holiday,Unknown,Decreasing,Regular,,,,False
6626,2024-01-12,95,105,91.24,False,Festival,Unknown,Decreasing,Premium,,,,False
6521,2024-03-28,16,201,51.6,True,Holiday,Economic Indicator,Decreasing,Regular,,,,False
1416,2024-08-26,6,199,97.42,True,Holiday,Unknown,Increasing,Regular,37.9,32.61,2.36,True
5736,2024-06-12,51,156,13.46,True,Festival,Economic Indicator,Increasing,Premium,,,,False
5956,2024-10-30,27,456,56.63,True,Unknown,Unknown,Decreasing,Regular,,,,False
8820,2024-02-16,83,390,5.14,True,Holiday,Weather,Stable,Premium,,,,False
5021,2024-06-23,40,481,44.66,False,Festival,Economic Indicator,Increasing,Budget,,,,False
9931,2024-10-27,98,162,81.03,False,Unknown,Competitor Pricing,Increasing,Premium,,,,False
2350,2024-07-27,64,330,31.6,True,Holiday,Weather,Increasing,Budget,,,,False
4079,2024-04-01,73,487,60.76,True,Festival,Weather,Increasing,Premium,,,,False
7319,2024-05-27,33,392,29.73,True,Holiday,Competitor Pricing,Decreasing,Budget,,,,False
6215,2024-08-29,36,494,82.43,False,Holiday,Weather,Stable,Premium,,,,False
5207,2024-10-10,14,459,74.79,False,Festival,Weather,Increasing,Premium,,,,False
6906,2024-08-19,2,430,41.86,True,Festival,Economic Indicator,Stable,Regular,,,,False
1758,2024-08-03,35,300,66.99,True,Unknown,Weather,Decreasing,Premium,,,,False
5531,2024-08-12,93,304,90.53,True,Holiday,Weather,Increasing,Premium,75.63,25.65,1.59,True
3632,2024-02-20,37,152,22.55,False,Unknown,Weather,Decreasing,Premium,,,,False
7349,2024-12-14,37,452,37.97,False,Holiday,Weather,Increasing,Premium,,,,False
3822,2024-08-25,96,346,10.06,False,Unknown,Competitor Pricing,Decreasing,Premium,,,,False
7676,2024-04-20,14,232,53.42,True,Unknown,Unknown,Decreasing,Premium,,,,False
3584,2024-03-29,48,456,31.91,False,Festival,Economic Indicator,Stable,Budget,,,,False
7948,2024-03-23,35,23,53.11,True,Unknown,Economic Indicator,Increasing,Budget,,,,False
4988,2024-02-18,94,102,82.49,True,Holiday,Competitor Pricing,Increasing,Budget,,,,False
9924,2024-03-17,97,80,88.54,False,Holiday,Economic Indicator,Stable,Regular,,,,False
6937,2024-10-26,32,361,51.85,False,Festival,Economic Indicator,Stable,Budget,,,,False
4482,2024-04-14,79,150,65.31,False,Holiday,Competitor Pricing,Decreasing,Budget,,,,False
6849,2024-09-06,18,159,29.95,True,Festival,Weather,Increasing,Budget,,,,False
1916,2024-10-08,74,60,14.99,False,Festival,Economic Indicator,Stable,Regular,,,,False
2564,2024-06-07,36,311,24.1,False,Unknown,Unknown,Increasing,Premium,,,,False
7717,2024-03-31,55,257,78.72,False,Unknown,Competitor Pricing,Stable,Premium,,,,False
9496,2024-04-08,60,404,94.63,False,Holiday,Competitor Pricing,Increasing,Budget,,,,False
8821,2024-10-26,12,372,9.07,True,Holiday,Competitor Pricing,Stable,Premium,,,,False
4617,2024-07-24,22,128,66.08,False,Unknown,Unknown,Increasing,Premium,,,,False
7032,2024-06-10,32,387,86.18,False,Holiday,Economic Indicator,Increasing,Premium,,,,False
2598,2024-04-13,24,435,72.35,True,Holiday,Competitor Pricing,Increasing,Budget,,,,False
4864,2024-10-10,11,12,56.2,True,Festival,Unknown,Decreasing,Budget,,,,False
2346,2024-05-29,11,437,79.68,True,Holiday,Competitor Pricing,Decreasing,Budget,,,,False
6364,2024-12-15,7,300,44.08,False,Unknown,Weather,Stable,Premium,,,,False
3880,2024-02-09,57,19,10.09,True,Unknown,Competitor Pricing,Decreasing,Regular,,,,False
4693,2024-06-17,53,5,19.02,True,Holiday,Competitor Pricing,Increasing,Budget,,,,False
5733,2024-05-14,82,339,26.41,False,Holiday,Unknown,Decreasing,Regular,,,,False
9009,2024-12-16,21,242,77.57,True,Festival,Weather,Stable,Premium,,,,False
2467,2024-10-23,30,319,40.39,False,Unknown,Unknown,Increasing,Regular,,,,False
6484,2024-04-06,57,274,84.24,False,Unknown,Economic Indicator,Increasing,Premium,,,,False
4685,2024-03-08,88,310,68.69,False,Festival,Weather,Increasing,Budget,,,,False
1444,2024-04-12,43,101,57.84,False,Festival,Weather,Decreasing,Budget,,,,False
1854,2024-12-16,46,260,15.63,False,Festival,Unknown,Stable,Premium,,,,False
4747,2024-06-25,6,3,69.57,False,Festival,Competitor Pricing,Stable,Premium,,,,False
7159,2024-05-27,5,37,48.32,True,Holiday,Unknown,Stable,Premium,,,,False
5543,2024-08-28,83,270,41.21,True,Holiday,Unknown,Decreasing,Budget,,,,False
5604,2024-03-13,84,339,76.74,False,Festival,Economic Indicator,Increasing,Regular,,,,False
3797,2024-03-11,40,464,47.18,True,Holiday,Weather,Increasing,Budget,,,,False
2619,2024-03-12,56,202,63.01,False,Holiday,Competitor Pricing,Increasing,Regular,,,,False
5104,2024-03-03,90,270,67.48,False,Festival,Unknown,Increasing,Regular,,,,False
2121,2024-07-11,29,489,57.33,True,Festival,Weather,Stable,Premium,,,,False
3835,2024-01-15,5,327,9.02,True,Holiday,Weather,Decreasing,Regular,,,,False
9480,2024-12-20,39,338,25.21,True,Holiday,Economic Indicator,Stable,Premium,,,,False
8220,2024-03-22,59,292,81.44,False,Festival,Unknown,Increasing,Regular,,,,False
3504,2024-08-22,58,391,65.76,False,Holiday,Competitor Pricing,Increasing,Premium,,,,False
7240,2024-01-05,86,162,29.28,False,Festival,Weather,Increasing,Premium,,,,False
5740,2024-10-07,44,385,94.82,False,Unknown,Economic Indicator,Stable,Budget,,,,False
8075,2024-07-11,13,389,74.28,False,Holiday,Weather,Decreasing,Budget,,,,False
6772,2024-12-07,81,334,49.3,True,Festival,Economic Indicator,Stable,Budget,,,,False
8164,2024-10-18,91,155,74.41,False,Unknown,Economic Indicator,Decreasing,Premium,,,,False
5684,2024-06-03,14,258,61.28,True,Holiday,Weather,Stable,Premium,,,,False
7710,2024-08-21,7,51,19.63,False,Holiday,Economic Indicator,Decreasing,Budget,,,,False
1410,2024-02-15,41,315,78.32,True,Festival,Weather,Increasing,Premium,,,,False
6855,2024-12-20,64,87,30.96,True,Unknown,Weather,Decreasing,Budget,,,,False
2097,2024-12-25,37,89,21.5,False,Unknown,Competitor Pricing,Stable,Regular,,,,False
2860,2024-05-30,82,167,11.59,False,Unknown,Weather,Increasing,Regular,,,,False
1170,2024-08-23,90,414,83.54,True,Festival,Weather,Decreasing,Budget,,,,False
5830,2024-03-13,90,233,61.12,True,Unknown,Economic Indicator,Increasing,Regular,,,,False
2829,2024-07-09,56,203,41.56,False,Festival,Competitor Pricing,Decreasing,Premium,,,,False
4581,2024-02-24,35,474,95.97,False,Holiday,Competitor Pricing,Decreasing,Regular,,,,False
4111,2024-08-06,19,215,60.6,False,Unknown,Economic Indicator,Stable,Premium,,,,False
7133,2024-03-10,80,371,86.61,True,Unknown,Weather,Stable,Premium,,,,False
3252,2024-12-27,93,216,98.46,False,Unknown,Weather,Stable,Regular,,,,False
3581,2024-05-07,67,241,51.24,False,Holiday,Unknown,Increasing,Regular,,,,False
3915,2024-09-23,51,70,6.22,True,Festival,Unknown,Decreasing,Premium,,,,False
6735,2024-10-11,15,359,25.32,True,Festival,Competitor Pricing,Decreasing,Premium,,,,False
9127,2024-04-07,39,36,64.17,True,Unknown,Weather,Stable,Budget,,,,False
6817,2024-01-29,22,288,58.03,True,Holiday,Unknown,Increasing,Budget,,,,False
9668,2024-07-01,22,205,86.98,False,Holiday,Competitor Pricing,Stable,Regular,,,,False
4353,2024-11-13,52,270,48.7,True,Unknown,Economic Indicator,Decreasing,Regular,,,,False
5029,2024-07-19,26,138,13.82,False,Unknown,Economic Indicator,Decreasing,Budget,,,,False
5276,2024-06-30,22,307,8.51,True,Unknown,Competitor Pricing,Stable,Regular,,,,False
6175,2024-06-04,42,237,45.41,True,Holiday,Weather,Stable,Premium,,,,False
7986,2024-07-26,93,457,86.09,False,Unknown,Economic Indicator,Decreasing,Premium,,,,False
1383,2024-04-15,75,290,16.88,False,Unknown,Unknown,Stable,Premium,,,,False
7000,2024-12-12,64,223,78.77,True,Festival,Economic Indicator,Decreasing,Budget,,,,False
3051,2024-09-03,35,120,75.73,False,Holiday,Weather,Increasing,Budget,,,,False
1894,2024-07-23,14,332,48.27,True,Holiday,Competitor Pricing,Increasing,Regular,,,,False
3318,2024-12-25,80,160,24.36,False,Holiday,Unknown,Decreasing,Premium,,,,False
4616,2024-02-12,56,309,24.36,True,Holiday,Economic Indicator,Decreasing,Budget,,,,False
8228,2024-10-20,8,195,37.04,False,Unknown,Unknown,Increasing,Premium,,,,False
4657,2024-01-25,89,416,22.92,True,Festival,Weather,Increasing,Budget,,,,False
8946,2024-02-16,84,451,23.04,True,Unknown,Unknown,Increasing,Budget,,,,False
7902,2024-06-07,86,203,95.37,True,Holiday,Weather,Stable,Regular,,,,False
7303,2024-02-24,90,244,22.8,False,Unknown,Weather,Stable,Regular,,,,False
3443,2024-05-24,24,455,80.17,True,Festival,Unknown,Stable,Budget,,,,False
6862,2024-02-24,43,283,79.37,True,Unknown,Unknown,Decreasing,Premium,,,,False
7187,2024-10-10,53,146,63.84,True,Festival,Weather,Stable,Regular,,,,False
3604,2024-07-09,73,295,20.15,True,Holiday,Economic Indicator,Stable,Regular,,,,False
7433,2024-05-27,26,320,77.9,False,Festival,Weather,Stable,Premium,,,,False
6774,2024-02-12,69,46,78.48,True,Festival,Weather,Decreasing,Premium,,,,False
2296,2024-06-02,58,49,64.3,False,Unknown,Competitor Pricing,Increasing,Regular,,,,False
8394,2024-07-16,27,156,24.48,False,Festival,Weather,Stable,Premium,,,,False
1867,2024-06-09,18,38,19.76,False,Festival,Economic Indicator,Increasing,Budget,,,,False
3751,2024-12-26,85,218,18.05,False,Festival,Economic Indicator,Decreasing,Regular,,,,False
1917,2024-05-10,82,443,7.02,True,Unknown,Competitor Pricing,Decreasing,Premium,,,,False
2052,2024-12-11,91,482,15.37,False,Unknown,Unknown,Increasing,Regular,,,,False
9870,2024-03-20,35,248,41.84,True,Holiday,Weather,Increasing,Budget,,,,False
9411,2024-06-18,25,346,90.36,True,Unknown,Economic Indicator,Stable,Budget,,,,False
5477,2024-02-20,78,101,70.0,False,Festival,Unknown,Increasing,Premium,,,,False
7382,2024-05-03,35,2,55.1,False,Holiday,Competitor Pricing,Decreasing,Premium,,,,False
8092,2024-10-28,67,486,66.62,False,Unknown,Unknown,Stable,Regular,,,,False
4348,2024-05-10,36,253,67.54,True,Festival,Economic Indicator,Stable,Budget,,,,False
1590,2024-11-27,43,208,25.81,False,Holiday,Competitor Pricing,Increasing,Regular,,,,False
2338,2024-12-17,26,117,56.73,False,Holiday,Unknown,Decreasing,Premium,,,,False
8454,2024-01-27,22,73,7.69,False,Festival,Weather,Decreasing,Premium,,,,False
1170,2024-07-20,54,415,75.59,True,Holiday,Weather,Stable,Budget,,,,False
5012,2024-08-21,80,78,70.02,True,Festival,Unknown,Decreasing,Premium,,,,False
2703,2024-05-05,28,217,84.18,False,Holiday,Economic Indicator,Increasing,Premium,,,,False
1648,2024-10-29,45,36,57.84,False,Holiday,Weather,Stable,Regular,,,,False
8294,2024-09-01,58,57,40.2,True,Festival,Competitor Pricing,Decreasing,Regular,,,,False
7885,2024-10-10,94,352,50.92,False,Holiday,Unknown,Stable,Budget,,,,False
2060,2024-03-03,40,32,62.82,True,Festival,Weather,Decreasing,Budget,,,,False
3514,2024-11-23,96,33,35.87,True,Holiday,Unknown,Increasing,Regular,,,,False
7839,2024-11-05,93,272,44.82,True,Unknown,Weather,Increasing,Budget,,,,False
3439,2024-10-13,25,488,48.66,True,Festival,Weather,Decreasing,Budget,,,,False
8667,2024-08-15,20,252,39.05,False,Holiday,Unknown,Increasing,Budget,,,,False
2315,2024-11-22,59,137,32.48,False,Holiday,Unknown,Increasing,Regular,,,,False
8112,2024-11-21,8,77,93.45,True,Festival,Economic Indicator,Decreasing,Regular,,,,False
6184,2024-07-15,62,236,25.58,True,Unknown,Economic Indicator,Stable,Premium,,,,False
9929,2024-05-08,40,415,61.06,True,Festival,Unknown,Stable,Regular,,,,False
9745,2024-05-29,60,6,25.54,False,Unknown,Weather,Increasing,Premium,,,,False
6926,2024-08-03,74,262,53.24,False,Holiday,Competitor Pricing,Stable,Budget,,,,False
8157,2024-08-27,95,355,71.78,True,Holiday,Unknown,Decreasing,Budget,,,,False
6630,2024-08-26,47,247,40.11,True,Holiday,Competitor Pricing,Stable,Budget,,,,False
5435,2024-09-08,40,278,41.1,True,Unknown,Economic Indicator,Decreasing,Budget,,,,False
5599,2024-09-14,81,334,15.83,True,Holiday,Competitor Pricing,Increasing,Regular,,,,False
8218,2024-01-09,96,456,35.17,False,Festival,Competitor Pricing,Increasing,Budget,,,,False
7556,2024-07-03,71,383,43.51,True,Holiday,Weather,Stable,Premium,,,,False
3632,2024-02-01,67,63,16.01,False,Holiday,Economic Indicator,Decreasing,Premium,,,,False
2147,2024-10-07,84,170,70.43,True,Festival,Unknown,Increasing,Regular,,,,False
9663,2024-12-10,15,305,91.24,True,Festival,Economic Indicator,Stable,Regular,,,,False
5339,2024-11-30,62,161,65.72,True,Festival,Unknown,Decreasing,Regular,,,,False
4823,2024-05-29,45,424,32.39,True,Unknown,Weather,Stable,Budget,,,,False
9677,2024-02-03,90,220,75.91,True,Unknown,Unknown,Decreasing,Regular,,,,False
2784,2024-10-11,75,50,17.28,False,Unknown,Weather,Decreasing,Premium,,,,False
7805,2024-03-20,53,79,21.05,False,Festival,Competitor Pricing,Decreasing,Premium,,,,False
1400,2024-12-12,23,220,63.81,False,Holiday,Weather,Increasing,Regular,,,,False
4403,2024-12-24,68,478,30.93,True,Holiday,Competitor Pricing,Stable,Regular,,,,False
8174,2024-03-22,73,279,52.69,False,Festival,Unknown,Decreasing,Premium,,,,False
8161,2024-07-12,12,257,28.96,False,Unknown,Economic Indicator,Stable,Budget,,,,False
3056,2024-07-30,13,391,8.61,False,Unknown,Economic Indicator,Decreasing,Premium,,,,False
6103,2024-09-25,3,117,75.08,True,Holiday,Weather,Increasing,Budget,,,,False
8211,2024-12-07,82,12,38.48,True,Unknown,Economic Indicator,Decreasing,Budget,,,,False
7014,2024-09-14,19,392,56.26,True,Holiday,Economic Indicator,Decreasing,Premium,,,,False
6128,2024-11-04,75,233,36.74,False,Unknown,Weather,Increasing,Regular,,,,False
1132,2024-08-08,34,259,60.57,True,Festival,Competitor Pricing,Stable,Premium,,,,False
6939,2024-06-19,86,437,46.18,False,Holiday,Competitor Pricing,Stable,Budget,,,,False
6740,2024-03-21,12,210,73.51,True,Festival,Competitor Pricing,Stable,Budget,,,,False
4687,2024-12-10,28,54,5.51,True,Festival,Weather,Increasing,Premium,,,,False
8515,2024-10-02,22,207,5.21,True,Festival,Unknown,Increasing,Regular,,,,False
2029,2024-10-27,52,97,71.18,True,Festival,Weather,Stable,Budget,,,,False
1251,2024-08-16,27,76,51.15,True,Unknown,Competitor Pricing,Decreasing,Premium,,,,False
6656,2024-06-14,29,173,18.4,True,Festival,Economic Indicator,Stable,Regular,,,,False
3214,2024-07-22,9,184,44.24,True,Festival,Competitor Pricing,Increasing,Premium,,,,False
8845,2024-10-31,28,50,70.34,True,Festival,Weather,Decreasing,Regular,,,,False
5442,2024-09-30,10,279,24.79,True,Unknown,Economic Indicator,Stable,Regular,,,,False
5334,2024-06-21,49,461,7.31,False,Unknown,Competitor Pricing,Increasing,Budget,,,,False
7018,2024-04-21,2,355,47.17,False,Unknown,Weather,Increasing,Budget,,,,False
5483,2024-12-02,28,15,5.51,True,Festival,Weather,Decreasing,Premium,,,,False
8491,2024-07-23,94,76,55.9,False,Unknown,Competitor Pricing,Decreasing,Regular,,,,False
1853,2024-04-15,39,225,62.32,False,Festival,Competitor Pricing,Decreasing,Regular,,,,False
3759,2024-06-30,9,138,91.79,True,Unknown,Unknown,Stable,Regular,,,,False
1112,2024-10-25,50,307,96.54,False,Festival,Competitor Pricing,Stable,Premium,,,,False
1933,2024-04-27,6,185,82.42,False,Festival,Weather,Stable,Budget,,,,False
4403,2024-05-25,15,399,8.14,False,Unknown,Weather,Increasing,Regular,,,,False
8537,2024-04-22,42,477,24.86,False,Unknown,Competitor Pricing,Decreasing,Budget,,,,False
5768,2024-11-26,23,232,51.15,False,Festival,Weather,Decreasing,Regular,,,,False
6049,2024-06-10,53,338,98.48,False,Holiday,Unknown,Increasing,Regular,,,,False
6151,2024-02-10,58,290,52.27,False,Festival,Unknown,Decreasing,Premium,,,,False
7072,2024-08-02,67,457,31.06,True,Unknown,Economic Indicator,Increasing,Premium,,,,False
5687,2024-03-01,77,391,67.74,False,Unknown,Weather,Stable,Budget,,,,False
6838,2024-04-12,22,390,92.89,True,Unknown,Unknown,Stable,Regular,,,,False
5245,2024-11-09,19,218,34.51,True,Festival,Economic Indicator,Decreasing,Premium,,,,False
2848,2024-12-21,31,480,50.67,True,Holiday,Economic Indicator,Increasing,Premium,,,,False
4412,2024-05-12,87,195,16.98,False,Unknown,Economic Indicator,Stable,Regular,,,,False
8059,2024-04-22,30,197,43.05,False,Festival,Weather,Stable,Budget,,,,False
2538,2024-12-14,19,212,64.38,True,Unknown,Economic Indicator,Stable,Premium,,,,False
2339,2024-01-01,91,293,7.18,False,Holiday,Economic Indicator,Decreasing,Budget,,,,False
2157,2024-06-28,57,6,32.1,False,Holiday,Economic Indicator,Stable,Premium,,,,False
8348,2024-08-28,88,436,10.11,True,Unknown,Economic Indicator,Increasing,Regular,,,,False
2989,2024-05-30,52,80,85.42,True,Festival,Economic Indicator,Stable,Budget,,,,False
1250,2024-10-22,11,417,80.5,False,Festival,Economic Indicator,Stable,Premium,,,,False
6176,2024-06-01,45,385,52.93,False,Festival,Competitor Pricing,Increasing,Regular,,,,False
5494,2024-07-04,81,236,31.2,True,Festival,Weather,Increasing,Premium,,,,False
9790,2024-06-21,66,42,84.08,False,Unknown,Competitor Pricing,Increasing,Regular,,,,False
9449,2024-07-01,38,383,63.56,True,Festival,Competitor Pricing,Decreasing,Premium,,,,False
3917,2024-12-06,14,376,40.73,True,Festival,Unknown,Increasing,Premium,,,,False
3604,2024-03-03,78,219,77.93,False,Unknown,Competitor Pricing,Increasing,Premium,,,,False
5494,2024-08-26,91,293,67.55,True,Unknown,Weather,Stable,Premium,,,,False
8753,2024-04-04,54,191,41.37,False,Holiday,Unknown,Increasing,Regular,,,,False
6542,2024-08-01,88,481,77.23,False,Unknown,Weather,Increasing,Regular,,,,False
9425,2024-09-12,31,328,20.45,True,Holiday,Weather,Decreasing,Premium,,,,False
2335,2024-03-10,57,223,7.41,True,Unknown,Unknown,Decreasing,Budget,,,,False
2444,2024-01-16,85,236,22.44,True,Festival,Competitor Pricing,Decreasing,Regular,,,,False
5028,2024-03-16,1,392,69.97,True,Festival,Weather,Increasing,Premium,,,,False
2187,2024-06-10,4,89,46.16,False,Unknown,Unknown,Decreasing,Regular,,,,False
1077,2024-11-15,6,382,96.23,True,Festival,Unknown,Decreasing,Budget,,,,False
8128,2024-09-13,51,28,54.22,True,Unknown,Unknown,Decreasing,Regular,,,,False
5185,2024-02-11,24,371,99.22,False,Festival,Competitor Pricing,Increasing,Premium,,,,False
9253,2024-01-30,3,57,50.66,True,Unknown,Economic Indicator,Increasing,Budget,,,,False
1854,2024-12-18,86,308,53.18,True,Holiday,Unknown,Decreasing,Budget,,,,False
9787,2024-12-07,8,398,51.28,True,Festival,Unknown,Decreasing,Regular,,,,False
7916,2024-11-02,19,221,15.18,True,Festival,Economic Indicator,Stable,Regular,,,,False
5214,2024-09-14,94,448,28.9,False,Holiday,Weather,Stable,Budget,,,,False
4368,2024-05-06,62,300,29.14,False,Festival,Economic Indicator,Stable,Budget,,,,False
6948,2024-11-19,62,148,62.39,True,Holiday,Economic Indicator,Decreasing,Budget,,,,False
8048,2024-11-05,11,211,70.36,True,Unknown,Unknown,Increasing,Budget,,,,False
9376,2024-09-11,28,140,56.38,True,Unknown,Economic Indicator,Stable,Budget,,,,False
1440,2024-05-19,98,23,30.07,True,Holiday,Competitor Pricing,Decreasing,Budget,,,,False
7490,2024-07-03,55,317,83.14,False,Holiday,Unknown,Stable,Budget,,,,False
8811,2024-07-31,58,43,25.09,False,Holiday,Unknown,Stable,Budget,,,,False
7191,2024-06-12,80,76,29.02,False,Festival,Weather,Decreasing,Regular,,,,False
9191,2024-08-18,80,356,82.15,False,Holiday,Economic Indicator,Increasing,Regular,,,,False
6370,2024-05-07,4,353,62.27,True,Unknown,Unknown,Stable,Budget,,,,False
4169,2024-10-22,37,92,41.48,False,Unknown,Weather,Stable,Premium,,,,False
6945,2024-06-24,34,111,93.07,True,Unknown,Economic Indicator,Decreasing,Regular,,,,False
3743,2024-01-19,78,495,69.35,True,Unknown,Unknown,Decreasing,Budget,,,,False
9235,2024-07-20,78,466,50.83,False,Festival,Weather,Increasing,Budget,,,,False
8353,2024-01-13,5,83,72.77,False,Unknown,Economic Indicator,Decreasing,Premium,,,,False
7823,2024-11-19,40,225,86.18,False,Unknown,Weather,Increasing,Premium,41.34,76.71,2.36,True
5770,2024-11-22,85,380,98.07,True,Unknown,Economic Indicator,Increasing,Budget,,,,False
6876,2024-08-29,18,451,9.47,True,Festival,Unknown,Decreasing,Budget,,,,False
2670,2024-12-05,91,77,42.75,False,Festival,Unknown,Decreasing,Regular,,,,False
1518,2024-04-09,87,340,47.4,True,Unknown,Economic Indicator,Increasing,Premium,,,,False
9462,2024-09-06,89,222,33.5,True,Unknown,Competitor Pricing,Decreasing,Budget,,,,False
8887,2024-08-11,91,426,20.24,False,Holiday,Weather,Stable,Budget,,,,False
7196,2024-05-07,41,421,37.1,False,Holiday,Economic Indicator,Increasing,Regular,,,,False
4752,2024-10-02,5,233,47.65,False,Unknown,Unknown,Stable,Regular,,,,False
8187,2024-03-21,50,195,30.63,False,Unknown,Competitor Pricing,Decreasing,Regular,,,,False
8149,2024-01-27,99,274,36.88,False,Unknown,Competitor Pricing,Decreasing,Premium,,,,False
6030,2024-07-28,85,366,55.45,False,Holiday,Unknown,Stable,Premium,,,,False
5670,2024-08-06,68,445,72.79,True,Unknown,Economic Indicator,Increasing,Regular,,,,False
5622,2024-05-27,28,428,49.14,False,Holiday,Unknown,Stable,Budget,,,,False
4822,2024-05-29,4,247,89.92,True,Holiday,Competitor Pricing,Decreasing,Budget,,,,False
2833,2024-12-22,88,167,52.22,True,Festival,Unknown,Stable,Premium,,,,False
2122,2024-12-16,57,45,42.21,True,Festival,Economic Indicator,Stable,Budget,,,,False
9416,2024-05-11,58,239,53.31,False,Holiday,Economic Indicator,Increasing,Budget,,,,False
5694,2024-11-03,70,234,15.5,False,Festival,Weather,Increasing,Regular,,,,False
5166,2024-09-02,5,456,80.47,True,Festival,Economic Indicator,Increasing,Regular,,,,False
5738,2024-02-16,36,122,15.34,False,Festival,Competitor Pricing,Decreasing,Budget,,,,False
2488,2024-09-19,18,86,71.63,False,Festival,Unknown,Stable,Budget,,,,False
3758,2024-03-06,66,332,66.1,False,Holiday,Economic Indicator,Increasing,Premium,,,,False
2143,2024-03-07,64,45,33.65,True,Holiday,Economic Indicator,Increasing,Budget,,,,False
8272,2024-05-28,2,42,95.6,True,Unknown,Competitor Pricing,Decreasing,Regular,,,,False
3204,2024-12-21,43,497,89.24,False,Unknown,Unknown,Decreasing,Budget,,,,False
3703,2024-05-13,73,139,37.64,False,Holiday,Competitor Pricing,Decreasing,Regular,,,,False
6446,2024-04-13,90,38,98.53,False,Festival,Unknown,Increasing,Premium,,,,False
3618,2024-06-17,91,108,44.66,False,Festival,Competitor Pricing,Stable,Premium,,,,False
8294,2024-07-17,58,48,26.53,True,Unknown,Unknown,Decreasing,Regular,,,,False
8687,2024-12-18,80,45,61.25,False,Festival,Weather,Stable,Premium,,,,False
8462,2024-08-29,54,410,91.77,False,Holiday,Economic Indicator,Increasing,Regular,,,,False
7631,2024-01-02,27,438,37.94,False,Unknown,Weather,Increasing,Budget,,,,False
3732,2024-01-13,62,14,78.23,False,Unknown,Unknown,Decreasing,Premium,,,,False
8356,2024-09-20,48,167,98.37,True,Holiday,Competitor Pricing,Stable,Regular,,,,False
5441,2024-02-17,61,207,6.12,False,Unknown,Competitor Pricing,Stable,Regular,,,,False
4834,2024-09-15,45,26,73.1,True,Unknown,Competitor Pricing,Decreasing,Premium,,,,False
2749,2024-07-30,58,457,29.18,True,Unknown,Weather,Increasing,Budget,,,,False
6947,2024-02-20,47,431,72.02,False,Festival,Weather,Stable,Budget,,,,False
3152,2024-09-29,83,319,69.95,True,Unknown,Economic Indicator,Increasing,Budget,,,,False
4587,2024-06-11,76,430,97.91,True,Festival,Weather,Stable,Premium,,,,False
7208,2024-04-22,60,135,5.42,False,Festival,Weather,Stable,Regular,,,,False
1687,2024-03-13,75,114,28.96,False,Festival,Economic Indicator,Increasing,Regular,,,,False
4425,2024-01-24,99,239,60.02,True,Festival,Economic Indicator,Decreasing,Budget,,,,False
9992,2024-07-05,94,345,38.4,False,Holiday,Economic Indicator,Decreasing,Premium,,,,False
1303,2024-04-05,72,180,72.37,False,Holiday,Competitor Pricing,Increasing,Premium,,,,False
7769,2024-05-16,65,335,52.0,False,Unknown,Economic Indicator,Decreasing,Premium,,,,False
5699,2024-03-09,47,335,61.95,False,Festival,Competitor Pricing,Decreasing,Premium,,,,False
1608,2024-10-08,15,155,29.83,False,Festival,Unknown,Stable,Premium,,,,False
4199,2024-07-23,20,107,19.27,False,Holiday,Economic Indicator,Increasing,Budget,,,,False
5226,2024-09-07,21,52,43.9,False,Unknown,Unknown,Decreasing,Budget,,,,False
2070,2024-01-25,68,218,61.88,True,Holiday,Weather,Increasing,Budget,,,,False
4773,2024-03-17,26,156,81.2,True,Holiday,Competitor Pricing,Decreasing,Premium,,,,False
5779,2024-09-30,61,470,7.47,True,Festival,Unknown,Stable,Budget,,,,False
4787,2024-07-22,46,481,29.11,False,Festival,Weather,Stable,Premium,,,,False
9766,2024-09-11,45,494,7.65,False,Unknown,Unknown,Increasing,Budget,,,,False
5192,2024-05-15,16,437,32.45,True,Unknown,Unknown,Stable,Budget,,,,False
5244,2024-11-30,58,353,38.25,False,Unknown,Weather,Decreasing,Budget,,,,False
6475,2024-12-23,14,41,31.75,False,Festival,Economic Indicator,Increasing,Premium,,,,False
7765,2024-04-17,68,221,47.55,True,Holiday,Unknown,Decreasing,Premium,,,,False
6630,2024-02-09,27,406,43.87,False,Holiday,Economic Indicator,Decreasing,Regular,,,,False
4906,2024-03-27,19,280,45.09,True,Festival,Weather,Increasing,Regular,,,,False
4614,2024-11-07,46,64,51.04,False,Festival,Weather,Stable,Regular,,,,False
8815,2024-03-28,77,192,99.52,True,Holiday,Unknown,Increasing,Premium,,,,False
3004,2024-06-22,66,183,22.2,False,Festival,Economic Indicator,Decreasing,Regular,,,,False
8338,2024-02-27,80,125,66.02,False,Unknown,Weather,Increasing,Regular,,,,False
2117,2024-02-09,43,361,50.33,True,Unknown,Economic Indicator,Stable,Budget,,,,False
6567,2024-01-30,82,344,84.87,False,Holiday,Weather,Increasing,Budget,,,,False
9938,2024-07-20,38,198,62.6,False,Holiday,Unknown,Increasing,Premium,,,,False
9456,2024-08-24,1,414,50.17,False,Unknown,Weather,Decreasing,Budget,,,,False
6524,2024-11-30,40,144,54.3,True,Unknown,Unknown,Increasing,Budget,,,,False
4945,2024-05-15,69,133,37.12,False,Festival,Competitor Pricing,Increasing,Premium,,,,False
9456,2024-09-20,72,304,41.1,True,Unknown,Economic Indicator,Decreasing,Budget,,,,False
3529,2024-05-18,47,442,15.48,False,Festival,Unknown,Stable,Regular,,,,False
3214,2024-03-14,91,251,80.2,False,Unknown,Weather,Decreasing,Budget,,,,False
7495,2024-01-15,53,22,83.75,False,Holiday,Competitor Pricing,Increasing,Budget,,,,False
4665,2024-07-26,21,133,68.78,False,Holiday,Competitor Pricing,Decreasing,Budget,,,,False
4235,2024-03-21,32,455,6.64,True,Festival,Economic Indicator,Decreasing,Regular,,,,False
8956,2024-08-19,33,324,85.42,False,Festival,Economic Indicator,Increasing,Budget,,,,False
2153,2024-02-05,29,100,66.34,False,Holiday,Unknown,Stable,Premium,,,,False
3177,2024-05-13,23,215,40.98,False,Festival,Weather,Stable,Budget,,,,False
9704,2024-12-04,59,60,18.9,False,Holiday,Weather,Decreasing,Premium,,,,False
8995,2024-06-29,34,237,88.98,False,Festival,Unknown,Stable,Premium,,,,False
8038,2024-01-20,71,159,60.23,True,Unknown,Competitor Pricing,Decreasing,Regular,,,,False
7538,2024-01-28,2,156,70.18,False,Festival,Competitor Pricing,Increasing,Regular,,,,False
7873,2024-05-21,97,408,19.47,False,Unknown,Economic Indicator,Decreasing,Premium,,,,False
3397,2024-10-13,66,464,37.5,False,Festival,Economic Indicator,Stable,Premium,,,,False
4720,2024-12-22,7,42,80.29,True,Unknown,Competitor Pricing,Increasing,Premium,,,,False
2974,2024-07-16,34,160,32.21,False,Festival,Economic Indicator,Stable,Premium,,,,False
9157,2024-12-17,89,166,36.59,True,Festival,Unknown,Decreasing,Budget,,,,False
9088,2024-03-06,84,363,59.0,True,Festival,Economic Indicator,Increasing,Regular,,,,False
7104,2024-01-23,68,354,65.03,False,Holiday,Unknown,Increasing,Regular,,,,False
5615,2024-05-08,15,95,71.25,False,Festival,Weather,Stable,Premium,,,,False
7788,2024-10-21,83,102,88.26,True,Festival,Competitor Pricing,Stable,Budget,,,,False
9417,2024-06-19,41,380,98.09,True,Festival,Economic Indicator,Increasing,Budget,47.68,12.49,0.68,True
5851,2024-04-28,96,455,33.23,True,Holiday,Unknown,Decreasing,Regular,,,,False
4542,2024-07-08,42,122,99.87,True,Unknown,Weather,Increasing,Premium,,,,False
7047,2024-01-16,83,19,26.42,True,Festival,Economic Indicator,Stable,Regular,,,,False
4820,2024-02-05,44,468,17.77,True,Unknown,Competitor Pricing,Decreasing,Budget,,,,False
6010,2024-02-18,42,105,87.72,True,Festival,Weather,Decreasing,Premium,,,,False
9128,2024-08-20,66,441,53.63,True,Holiday,Weather,Decreasing,Regular,,,,False
2594,2024-05-04,32,464,98.7,True,Festival,Weather,Increasing,Budget,,,,False
9530,2024-10-25,27,457,20.01,False,Holiday,Weather,Increasing,Premium,,,,False
5503,2024-12-05,10,305,13.11,True,Holiday,Unknown,Decreasing,Premium,,,,False
6840,2024-08-10,5,36,22.78,False,Unknown,Unknown,Stable,Regular,,,,False
2143,2024-03-28,71,84,32.83,False,Unknown,Economic Indicator,Decreasing,Premium,,,,False
6561,2024-07-09,79,244,40.15,False,Unknown,Competitor Pricing,Increasing,Regular,,,,False
7394,2024-03-19,52,184,92.85,True,Festival,Economic Indicator,Stable,Budget,,,,False
9255,2024-02-21,61,346,77.84,True,Festival,Competitor Pricing,Decreasing,Budget,,,,False
9513,2024-05-13,39,191,33.06,True,Holiday,Unknown,Increasing,Regular,,,,False
2679,2024-02-09,12,469,66.47,False,Festival,Competitor Pricing,Increasing,Regular,,,,False
2799,2024-05-05,80,416,6.7,True,Festival,Unknown,Decreasing,Premium,,,,False
1177,2024-07-13,20,369,73.63,True,Unknown,Weather,Stable,Budget,,,,False
4253,2024-04-07,40,321,68.34,False,Unknown,Weather,Stable,Regular,,,,False
3538,2024-10-29,29,462,48.69,False,Festival,Unknown,Decreasing,Budget,,,,False
8198,2024-02-16,75,101,81.95,False,Unknown,Weather,Increasing,Budget,,,,False
5822,2024-12-14,99,431,97.17,False,Festival,Unknown,Decreasing,Premium,,,,False
8313,2024-08-22,4,153,7.09,False,Unknown,Economic Indicator,Stable,Budget,,,,False
6211,2024-08-28,75,123,93.59,True,Unknown,Economic Indicator,Increasing,Premium,,,,False
6878,2024-05-05,59,151,71.75,False,Unknown,Weather,Increasing,Premium,,,,False
8667,2024-03-30,44,1,20.15,False,Unknown,Weather,Decreasing,Budget,,,,False
9780,2024-01-28,13,392,78.18,False,Holiday,Economic Indicator,Stable,Premium,,,,False
8688,2024-12-22,52,376,5.21,False,Holiday,Competitor Pricing,Increasing,Budget,,,,False
6219,2024-05-09,31,123,47.73,False,Unknown,Weather,Decreasing,Regular,,,,False
3707,2024-03-10,94,489,27.15,False,Festival,Competitor Pricing,Decreasing,Regular,,,,False
9972,2024-08-07,66,234,56.29,False,Unknown,Economic Indicator,Decreasing,Premium,,,,False
7255,2024-02-22,34,241,42.08,True,Unknown,Unknown,Increasing,Premium,,,,False
3051,2024-02-14,65,109,34.63,False,Festival,Unknown,Increasing,Budget,,,,False
7506,2024-09-08,80,82,81.51,False,Festival,Weather,Decreasing,Budget,,,,False
3438,2024-01-01,85,47,56.66,False,Unknown,Economic Indicator,Stable,Premium,,,,False
2966,2024-08-01,7,77,41.27,True,Festival,Competitor Pricing,Increasing,Regular,,,,False
3732,2024-09-26,90,60,19.28,True,Holiday,Unknown,Increasing,Budget,,,,False
3548,2024-07-23,32,239,38.57,False,Holiday,Competitor Pricing,Decreasing,Regular,,,,False
6933,2024-08-17,51,196,40.99,False,Holiday,Weather,Stable,Regular,,,,False
9764,2024-11-13,54,308,82.39,False,Holiday,Competitor Pricing,Decreasing,Regular,,,,False
4525,2024-08-18,20,262,61.16,False,Festival,Weather,Increasing,Budget,,,,False
1092,2024-03-25,72,272,84.45,False,Unknown,Economic Indicator,Stable,Premium,,,,False
3643,2024-03-22,64,372,88.94,True,Holiday,Weather,Decreasing,Premium,,,,False
1056,2024-12-16,80,242,11.13,False,Unknown,Competitor Pricing,Stable,Regular,,,,False
9445,2024-02-03,70,128,47.11,False,Unknown,Competitor Pricing,Stable,Premium,,,,False
4146,2024-11-13,25,237,46.37,False,Unknown,Competitor Pricing,Stable,Premium,,,,False
2931,2024-05-31,96,300,89.82,False,Festival,Economic Indicator,Stable,Budget,,,,False
2338,2024-02-20,46,46,29.6,False,Unknown,Weather,Increasing,Premium,,,,False
7327,2024-04-12,95,119,63.05,True,Holiday,Weather,Decreasing,Regular,,,,False
1306,2024-01-27,95,18,74.99,True,Unknown,Economic Indicator,Stable,Budget,,,,False
2778,2024-06-03,60,137,42.1,True,Festival,Unknown,Stable,Regular,,,,False
1340,2024-10-12,46,93,24.77,False,Festival,Weather,Stable,Budget,,,,False
7559,2024-08-23,55,409,8.08,True,Festival,Competitor Pricing,Decreasing,Budget,,,,False
5700,2024-08-09,55,92,47.84,True,Unknown,Weather,Increasing,Premium,,,,False
8162,2024-11-16,38,86,9.46,True,Holiday,Weather,Stable,Budget,,,,False
9693,2024-05-13,92,205,32.52,True,Unknown,Weather,Stable,Budget,,,,False
1122,2024-09-17,36,43,98.68,True,Holiday,Economic Indicator,Stable,Budget,,,,False
2287,2024-08-04,65,458,79.76,True,Unknown,Economic Indicator,Increasing,Premium,,,,False
6432,2024-07-11,65,5,85.55,True,Festival,Economic Indicator,Decreasing,Budget,,,,False
2626,2024-07-23,61,195,42.96,False,Holiday,Competitor Pricing,Stable,Premium,,,,False
4521,2024-04-15,78,119,94.18,False,Unknown,Unknown,Increasing,Regular,,,,False
6351,2024-09-18,19,96,6.77,True,Holiday,Economic Indicator,Stable,Budget,,,,False
4963,2024-10-23,96,172,5.53,False,Unknown,Economic Indicator,Increasing,Premium,,,,False
4695,2024-09-10,29,296,49.29,False,Unknown,Competitor Pricing,Stable,Premium,,,,False
6479,2024-01-07,42,278,48.36,True,Festival,Competitor Pricing,Decreasing,Premium,,,,False
1455,2024-02-07,70,225,58.16,True,Holiday,Weather,Stable,Budget,,,,False
4468,2024-07-08,28,263,71.97,True,Holiday,Economic Indicator,Stable,Regular,,,,False
8899,2024-12-07,98,283,84.49,True,Festival,Competitor Pricing,Stable,Premium,,,,False
7086,2024-11-06,70,105,22.42,True,Unknown,Weather,Stable,Premium,,,,False
3500,2024-08-10,87,487,63.59,False,Festival,Competitor Pricing,Decreasing,Premium,,,,False
4792,2024-07-05,48,278,23.89,True,Unknown,Weather,Increasing,Budget,,,,False
8900,2024-02-16,41,188,98.83,True,Unknown,Unknown,Decreasing,Regular,,,,False
4987,2024-03-07,56,217,15.08,True,Holiday,Economic Indicator,Increasing,Budget,,,,False
8473,2024-05-19,68,152,97.03,True,Unknown,Weather,Stable,Regular,,,,False
2007,2024-08-12,3,62,20.26,True,Unknown,Economic Indicator,Decreasing,Budget,,,,False
6008,2024-01-22,50,256,58.15,True,Unknown,Weather,Increasing,Budget,,,,False
3216,2024-02-25,16,397,14.14,False,Holiday,Economic Indicator,Stable,Premium,,,,False
6519,2024-10-18,82,129,5.65,False,Festival,Economic Indicator,Increasing,Regular,,,,False
1199,2024-04-02,29,177,10.18,False,Holiday,Economic Indicator,Stable,Premium,,,,False
1878,2024-12-20,77,357,57.08,True,Festival,Economic Indicator,Stable,Premium,,,,False
2032,2024-01-07,19,422,87.72,False,Holiday,Unknown,Stable,Regular,,,,False
4403,2024-03-09,88,161,9.21,True,Festival,Competitor Pricing,Stable,Budget,,,,False
7147,2024-05-18,5,4,60.65,True,Unknown,Competitor Pricing,Stable,Budget,,,,False
2631,2024-06-07,64,353,69.92,True,Unknown,Unknown,Stable,Budget,,,,False
1873,2024-10-04,78,456,63.73,False,Holiday,Competitor Pricing,Decreasing,Budget,,,,False
7833,2024-09-12,85,472,9.19,True,Holiday,Unknown,Increasing,Regular,,,,False
4624,2024-02-28,54,470,12.78,False,Festival,Economic Indicator,Stable,Premium,,,,False
4225,2024-06-14,48,361,57.23,False,Unknown,Weather,Decreasing,Premium,,,,False
7638,2024-07-01,65,122,32.57,False,Unknown,Unknown,Decreasing,Premium,,,,False
1476,2024-01-15,56,397,38.6,False,Festival,Economic Indicator,Increasing,Budget,,,,False
6106,2024-10-01,33,357,14.43,True,Holiday,Economic Indicator,Increasing,Regular,,,,False
7380,2024-06-02,69,184,72.57,False,Festival,Unknown,Decreasing,Premium,,,,False
2472,2024-07-27,76,77,38.97,True,Unknown,Economic Indicator,Decreasing,Regular,,,,False
6583,2024-12-12,94,68,95.42,False,Unknown,Economic Indicator,Stable,Budget,,,,False
6714,2024-06-03,76,186,73.66,True,Festival,Competitor Pricing,Decreasing,Premium,,,,False
8840,2024-10-17,34,98,15.21,False,Festival,Competitor Pricing,Stable,Regular,,,,False
5441,2024-11-06,88,28,46.78,False,Holiday,Competitor Pricing,Decreasing,Premium,,,,False
7568,2024-07-30,25,320,40.77,True,Unknown,Unknown,Increasing,Premium,,,,False
2088,2024-05-04,53,9,57.67,True,Holiday,Unknown,Increasing,Regular,,,,False
7845,2024-09-09,96,499,16.51,True,Unknown,Competitor Pricing,Increasing,Regular,,,,False
5080,2024-06-26,47,445,56.42,False,Festival,Weather,Decreasing,Regular,,,,False
1498,2024-10-14,10,292,49.23,True,Unknown,Weather,Increasing,Regular,,,,False
2095,2024-10-26,9,405,92.13,True,Holiday,Economic Indicator,Increasing,Regular,,,,False
5823,2024-02-20,58,370,15.71,True,Festival,Competitor Pricing,Stable,Budget,,,,False
9642,2024-07-21,53,467,53.36,False,Festival,Competitor Pricing,Decreasing,Regular,,,,False
8157,2024-07-24,8,230,5.61,False,Holiday,Weather,Stable,Premium,,,,False
7469,2024-06-08,44,47,19.37,True,Unknown,Unknown,Decreasing,Premium,,,,False
7546,2024-08-07,93,412,21.61,True,Holiday,Economic Indicator,Decreasing,Budget,,,,False
1844,2024-09-22,22,213,82.36,False,Unknown,Unknown,Stable,Regular,,,,False
7752,2024-02-14,72,183,38.49,True,Holiday,Competitor Pricing,Decreasing,Regular,,,,False
2687,2024-06-17,62,497,60.07,False,Unknown,Weather,Decreasing,Budget,,,,False
5659,2024-03-12,30,94,75.82,False,Holiday,Competitor Pricing,Stable,Premium,,,,False
1129,2024-10-02,84,87,72.02,False,Holiday,Unknown,Increasing,Premium,,,,False
7123,2024-08-27,15,474,68.23,True,Holiday,Economic Indicator,Stable,Premium,,,,False
8010,2024-07-01,9,327,45.24,True,Unknown,Unknown,Decreasing,Regular,,,,False
7199,2024-07-17,43,306,52.33,False,Holiday,Unknown,Increasing,Premium,,,,False
5396,2024-06-12,69,133,10.1,True,Unknown,Unknown,Increasing,Budget,11.72,83.66,1.36,True
4795,2024-01-15,98,125,41.06,True,Festival,Weather,Increasing,Budget,,,,False
8674,2024-09-12,53,32,41.62,True,Unknown,Unknown,Stable,Premium,,,,False
7710,2024-12-06,4,470,85.28,False,Holiday,Weather,Stable,Premium,,,,False
1772,2024-01-30,69,262,46.36,False,Holiday,Weather,Stable,Budget,,,,False
5034,2024-07-13,67,251,14.03,True,Holiday,Competitor Pricing,Increasing,Regular,,,,False
3598,2024-06-17,80,46,73.96,True,Festival,Competitor Pricing,Increasing,Budget,,,,False
4629,2024-01-28,65,316,36.16,True,Unknown,Weather,Decreasing,Premium,,,,False
1000,2024-06-20,88,261,74.59,True,Holiday,Weather,Decreasing,Premium,,,,False
2674,2024-07-21,93,385,56.42,True,Unknown,Weather,Decreasing,Premium,,,,False
9923,2024-07-25,37,238,26.2,True,Unknown,Competitor Pricing,Increasing,Premium,,,,False
5979,2024-07-07,77,409,63.71,True,Unknown,Competitor Pricing,Stable,Regular,,,,False
9660,2024-08-02,88,150,62.98,True,Festival,Unknown,Decreasing,Budget,,,,False
4300,2024-03-03,68,102,65.26,True,Holiday,Unknown,Decreasing,Premium,,,,False
7744,2024-10-17,88,310,77.3,True,Festival,Competitor Pricing,Stable,Regular,,,,False
9215,2024-05-19,48,355,54.73,True,Festival,Unknown,Stable,Budget,,,,False
2020,2024-08-30,18,45,71.75,True,Festival,Unknown,Stable,Budget,,,,False
8940,2024-09-16,79,393,70.2,True,Unknown,Competitor Pricing,Increasing,Budget,,,,False
1760,2024-05-25,96,207,98.61,False,Holiday,Economic Indicator,Increasing,Regular,,,,False
7851,2024-12-29,53,77,59.03,False,Festival,Weather,Increasing,Premium,,,,False
5433,2024-07-03,36,449,27.38,False,Holiday,Economic Indicator,Stable,Regular,,,,False
5468,2024-01-09,50,180,58.72,True,Unknown,Weather,Increasing,Regular,,,,False
7349,2024-01-18,65,326,51.34,False,Festival,Economic Indicator,Stable,Budget,,,,False
1764,2024-06-12,32,458,30.19,False,Festival,Economic Indicator,Stable,Budget,,,,False
1419,2024-05-28,39,385,72.37,False,Unknown,Economic Indicator,Increasing,Regular,,,,False
8347,2024-08-24,43,307,51.43,True,Festival,Weather,Decreasing,Budget,,,,False
5009,2024-09-12,27,125,38.03,False,Unknown,Competitor Pricing,Stable,Premium,,,,False
1469,2024-06-18,46,259,71.06,True,Festival,Economic Indicator,Increasing,Regular,,,,False
6067,2024-12-10,32,447,50.18,False,Festival,Competitor Pricing,Decreasing,Budget,,,,False
4275,2024-01-08,30,246,40.75,False,Festival,Economic Indicator,Increasing,Budget,,,,False
6922,2024-03-12,3,233,13.33,False,Unknown,Unknown,Increasing,Premium,23.37,67.55,0.6,True
9751,2024-01-19,1,164,75.51,False,Holiday,Competitor Pricing,Increasing,Budget,,,,False
1021,2024-06-05,43,17,82.87,False,Unknown,Competitor Pricing,Decreasing,Premium,,,,False
6697,2024-10-14,41,312,87.16,False,Unknown,Economic Indicator,Increasing,Budget,,,,False
4342,2024-06-03,42,335,58.55,False,Festival,Competitor Pricing,Decreasing,Premium,,,,False
8664,2024-04-21,17,269,44.34,False,Unknown,Unknown,Stable,Budget,,,,False
2301,2024-07-28,29,86,75.59,True,Unknown,Weather,Stable,Regular,,,,False
8646,2024-10-02,88,437,86.89,False,Unknown,Unknown,Stable,Premium,,,,False
8114,2024-07-24,38,358,45.18,True,Holiday,Economic Indicator,Stable,Budget,,,,False
6534,2024-04-27,8,29,54.68,True,Festival,Weather,Stable,Premium,,,,False
7542,2024-10-19,59,338,74.48,False,Holiday,Economic Indicator,Decreasing,Budget,,,,False
2557,2024-06-26,66,222,46.28,True,Unknown,Competitor Pricing,Increasing,Budget,,,,False
6344,2024-04-01,78,199,93.86,True,Festival,Weather,Increasing,Regular,,,,False
6092,2024-03-16,79,36,92.98,True,Holiday,Weather,Decreasing,Budget,,,,False
1235,2024-07-29,46,187,81.85,True,Holiday,Weather,Increasing,Budget,,,,False
7839,2024-05-19,38,73,33.53,False,Festival,Economic Indicator,Increasing,Budget,,,,False
9022,2024-12-03,76,337,73.75,True,Festival,Economic Indicator,Stable,Premium,,,,False
4913,2024-03-25,62,88,78.77,False,Festival,Weather,Increasing,Premium,,,,False
6481,2024-05-09,87,27,52.45,True,Festival,Weather,Decreasing,Premium,,,,False
4436,2024-01-14,42,386,65.22,False,Festival,Weather,Decreasing,Regular,,,,False
9881,2024-01-07,72,449,94.34,True,Unknown,Competitor Pricing,Increasing,Budget,,,,False
9252,2024-09-04,3,128,25.99,False,Holiday,Weather,Decreasing,Premium,,,,False
9788,2024-05-30,65,427,62.83,False,Unknown,Weather,Decreasing,Premium,,,,False
6505,2024-06-02,67,303,11.2,True,Unknown,Weather,Stable,Budget,,,,False
9289,2024-01-18,86,419,68.29,True,Festival,Weather,Decreasing,Budget,,,,False
3435,2024-04-02,69,58,41.95,True,Festival,Economic Indicator,Increasing,Regular,,,,False
3724,2024-05-03,27,41,26.52,True,Unknown,Unknown,Decreasing,Premium,,,,False
7887,2024-04-11,42,287,78.38,False,Holiday,Competitor Pricing,Stable,Budget,,,,False
7908,2024-01-03,73,140,93.34,False,Unknown,Unknown,Stable,Premium,,,,False
5671,2024-11-13,42,145,86.78,False,Holiday,Competitor Pricing,Decreasing,Premium,,,,False
2532,2024-08-24,4,392,25.58,False,Holiday,Unknown,Stable,Budget,,,,False
8611,2024-04-29,13,253,59.03,True,Festival,Competitor Pricing,Increasing,Regular,,,,False
8643,2024-12-30,29,87,81.09,True,Holiday,Weather,Stable,Regular,,,,False
3661,2024-05-28,38,108,76.25,False,Holiday,Unknown,Stable,Regular,,,,False
5818,2024-05-23,52,133,65.04,False,Unknown,Economic Indicator,Increasing,Premium,,,,False
3643,2024-07-31,51,293,79.25,True,Unknown,Economic Indicator,Increasing,Regular,,,,False
3554,2024-06-28,82,376,52.52,False,Festival,Competitor Pricing,Increasing,Budget,,,,False
4812,2024-10-30,97,4,40.16,True,Holiday,Weather,Stable,Regular,,,,False
6248,2024-07-04,82,213,58.52,False,Holiday,Economic Indicator,Stable,Regular,,,,False
9576,2024-06-16,12,459,8.77,False,Unknown,Economic Indicator,Decreasing,Premium,,,,False
5372,2024-04-23,8,197,43.42,False,Festival,Competitor Pricing,Increasing,Budget,,,,False
3748,2024-01-30,71,296,82.14,True,Holiday,Competitor Pricing,Stable,Regular,,,,False
7335,2024-10-08,83,168,92.87,False,Holiday,Unknown,Increasing,Budget,,,,False
4729,2024-06-11,5,310,29.49,False,Festival,Unknown,Decreasing,Premium,,,,False
5793,2024-01-21,96,443,33.31,True,Festival,Economic Indicator,Increasing,Budget,,,,False
6688,2024-03-08,39,429,48.1,False,Unknown,Economic Indicator,Stable,Budget,,,,False
2831,2024-02-01,46,346,43.59,False,Festival,Unknown,Increasing,Budget,61.19,26.44,2.21,True
6634,2024-09-29,75,234,52.12,False,Festival,Economic Indicator,Decreasing,Regular,,,,False
2049,2024-08-16,76,425,7.9,True,Festival,Competitor Pricing,Decreasing,Regular,,,,False
7860,2024-12-11,42,176,82.59,False,Unknown,Unknown,Decreasing,Premium,,,,False
7624,2024-03-22,8,313,49.62,True,Unknown,Competitor Pricing,Decreasing,Regular,,,,False
8816,2024-05-12,28,10,33.16,True,Unknown,Unknown,Increasing,Regular,,,,False
9515,2024-06-27,7,87,99.54,False,Festival,Competitor Pricing,Stable,Budget,,,,False
1355,2024-10-03,66,94,41.01,True,Unknown,Unknown,Decreasing,Budget,,,,False
4647,2024-02-02,74,204,96.78,True,Unknown,Unknown,Increasing,Premium,,,,False
6696,2024-01-05,13,26,58.25,False,Festival,Economic Indicator,Increasing,Premium,,,,False
8872,2024-02-01,92,144,84.69,False,Festival,Unknown,Decreasing,Premium,,,,False
5976,2024-06-14,31,159,82.15,True,Unknown,Weather,Stable,Budget,,,,False
6985,2024-04-24,92,334,12.38,True,Unknown,Unknown,Decreasing,Premium,,,,False
9202,2024-05-26,75,336,87.36,True,Unknown,Weather,Increasing,Premium,,,,False
5543,2024-10-15,6,281,97.03,True,Festival,Unknown,Increasing,Budget,,,,False
9888,2024-07-25,14,106,12.46,True,Festival,Weather,Decreasing,Regular,,,,False
7132,2024-12-20,49,423,43.31,True,Festival,Unknown,Stable,Budget,,,,False
4983,2024-01-29,46,17,33.44,True,Unknown,Competitor Pricing,Decreasing,Regular,,,,False
3075,2024-03-18,18,383,65.31,True,Unknown,Weather,Increasing,Premium,,,,False
8806,2024-07-09,41,184,42.63,False,Unknown,Weather,Decreasing,Premium,,,,False
3081,2024-05-16,99,328,99.92,True,Unknown,Economic Indicator,Stable,Budget,,,,False
4490,2024-01-02,73,471,95.92,False,Unknown,Unknown,Decreasing,Regular,,,,False
8879,2024-07-05,28,11,34.54,False,Holiday,Competitor Pricing,Increasing,Premium,,,,False
7065,2024-10-07,33,461,57.59,False,Holiday,Weather,Increasing,Premium,,,,False
4555,2024-12-17,16,67,33.91,False,Festival,Weather,Increasing,Regular,,,,False
5673,2024-10-17,12,137,46.11,True,Holiday,Economic Indicator,Decreasing,Regular,,,,False
1152,2024-07-23,69,292,57.35,False,Festival,Weather,Decreasing,Premium,,,,False
9150,2024-05-30,74,202,86.13,True,Unknown,Economic Indicator,Stable,Budget,,,,False
6031,2024-01-14,26,150,83.31,True,Holiday,Weather,Stable,Regular,,,,False
9601,2024-01-12,28,54,15.7,True,Unknown,Unknown,Increasing,Regular,,,,False
2893,2024-10-09,47,131,83.3,False,Holiday,Weather,Increasing,Regular,,,,False
6852,2024-01-22,5,279,51.51,True,Holiday,Unknown,Stable,Regular,,,,False
1305,2024-06-27,39,391,37.85,False,Holiday,Unknown,Increasing,Budget,,,,False
5808,2024-02-16,22,110,46.24,True,Holiday,Weather,Decreasing,Budget,,,,False
1043,2024-11-21,61,432,46.64,False,Unknown,Economic Indicator,Stable,Budget,,,,False
5813,2024-05-09,2,280,32.26,False,Holiday,Competitor Pricing,Increasing,Premium,,,,False
2751,2024-01-31,20,241,98.56,True,Unknown,Unknown,Stable,Budget,,,,False
3091,2024-07-06,23,446,87.24,False,Holiday,Unknown,Stable,Premium,,,,False
4174,2024-03-09,62,114,59.94,True,Holiday,Economic Indicator,Increasing,Premium,21.25,97.32,2.47,True
3759,2024-05-10,45,384,83.59,True,Festival,Economic Indicator,Decreasing,Budget,,,,False
2156,2024-09-08,60,146,45.18,False,Festival,Weather,Stable,Budget,,,,False
5934,2024-12-27,48,477,30.74,True,Festival,Weather,Increasing,Regular,,,,False
9084,2024-09-14,77,175,60.13,True,Festival,Competitor Pricing,Stable,Budget,,,,False
1457,2024-04-19,58,433,9.35,False,Holiday,Unknown,Decreasing,Regular,,,,False
6045,2024-02-12,38,382,15.42,True,Unknown,Competitor Pricing,Decreasing,Budget,,,,False
8716,2024-02-23,81,34,81.66,True,Festival,Economic Indicator,Stable,Premium,,,,False
5196,2024-06-17,61,117,18.04,False,Unknown,Economic Indicator,Increasing,Premium,,,,False
5896,2024-01-19,52,334,11.89,True,Festival,Competitor Pricing,Decreasing,Budget,,,,False
2481,2024-01-17,94,342,77.24,True,Unknown,Competitor Pricing,Stable,Premium,,,,False
5419,2024-11-19,87,250,45.78,True,Unknown,Weather,Decreasing,Regular,,,,False
5460,2024-06-22,83,252,22.14,True,Unknown,Competitor Pricing,Increasing,Premium,,,,False
5800,2024-07-11,14,313,67.28,True,Festival,Unknown,Increasing,Premium,,,,False
7457,2024-09-16,82,161,76.64,False,Holiday,Economic Indicator,Increasing,Regular,,,,False
2728,2024-08-21,94,224,68.61,False,Unknown,Economic Indicator,Decreasing,Premium,,,,False
7363,2024-06-22,14,345,67.14,True,Festival,Weather,Increasing,Premium,,,,False
3250,2024-05-01,56,21,63.59,False,Holiday,Economic Indicator,Stable,Regular,,,,False
6923,2024-09-10,20,7,54.44,True,Unknown,Economic Indicator,Decreasing,Regular,,,,False
1231,2024-05-10,7,128,5.59,False,Festival,Weather,Decreasing,Budget,,,,False
7616,2024-04-26,68,74,54.33,True,Festival,Unknown,Increasing,Budget,,,,False
7318,2024-11-09,68,468,44.47,True,Festival,Weather,Stable,Budget,,,,False
6956,2024-11-24,38,193,57.3,False,Unknown,Economic Indicator,Increasing,Premium,,,,False
9910,2024-04-15,13,203,92.4,False,Festival,Competitor Pricing,Increasing,Premium,,,,False
9447,2024-08-11,87,458,64.93,False,Unknown,Unknown,Decreasing,Budget,,,,False
8794,2024-07-10,38,366,74.7,True,Holiday,Competitor Pricing,Decreasing,Premium,,,,False
6646,2024-08-16,79,70,68.36,True,Festival,Competitor Pricing,Increasing,Regular,,,,False
3353,2024-05-25,34,85,23.56,False,Festival,Unknown,Stable,Regular,,,,False
6638,2024-11-10,35,11,68.93,True,Festival,Unknown,Stable,Premium,,,,False
6808,2024-06-12,33,457,99.49,False,Festival,Unknown,Increasing,Budget,,,,False
3826,2024-04-06,57,186,94.14,False,Unknown,Weather,Decreasing,Regular,,,,False
1624,2024-06-17,94,331,60.51,True,Festival,Competitor Pricing,Stable,Premium,,,,False
4819,2024-08-24,22,153,63.64,False,Unknown,Weather,Decreasing,Premium,,,,False
8558,2024-05-13,82,217,43.46,False,Festival,Unknown,Stable,Premium,,,,False
2861,2024-07-22,56,430,30.8,True,Unknown,Weather,Stable,Premium,,,,False
6376,2024-11-06,97,390,94.76,True,Unknown,Economic Indicator,Decreasing,Premium,,,,False
4830,2024-06-30,25,368,71.5,True,Holiday,Competitor Pricing,Stable,Regular,,,,False
2946,2024-11-03,36,257,47.67,False,Holiday,Weather,Stable,Premium,,,,False
3624,2024-06-21,74,305,72.55,False,Holiday,Unknown,Decreasing,Premium,,,,False
9118,2024-05-18,20,211,49.99,False,Holiday,Unknown,Decreasing,Budget,,,,False
6375,2024-01-23,59,75,37.31,True,Holiday,Unknown,Decreasing,Premium,,,,False
6122,2024-10-11,94,390,38.17,False,Festival,Weather,Increasing,Regular,,,,False
5126,2024-01-23,96,120,39.99,False,Festival,Competitor Pricing,Decreasing,Premium,,,,False
7773,2024-03-08,62,221,26.38,True,Holiday,Competitor Pricing,Decreasing,Budget,,,,False
1416,2024-11-15,87,63,81.03,True,Unknown,Economic Indicator,Decreasing,Regular,,,,False
4411,2024-02-13,60,234,56.8,True,Festival,Economic Indicator,Increasing,Regular,,,,False
5928,2024-06-27,70,463,75.52,True,Holiday,Economic Indicator,Increasing,Premium,,,,False
5625,2024-07-27,64,139,88.64,False,Unknown,Competitor Pricing,Increasing,Regular,,,,False
3897,2024-10-17,43,171,28.33,False,Holiday,Unknown,Stable,Premium,,,,False
8663,2024-09-09,22,498,72.94,True,Holiday,Weather,Stable,Budget,,,,False
8136,2024-05-10,3,489,94.64,True,Holiday,Weather,Stable,Budget,,,,False
5152,2024-08-11,81,17,52.92,False,Festival,Economic Indicator,Increasing,Regular,,,,False
6155,2024-07-31,88,380,27.57,False,Holiday,Unknown,Decreasing,Premium,,,,False
3451,2024-07-05,71,219,25.29,False,Unknown,Economic Indicator,Stable,Budget,,,,False
3178,2024-12-22,11,288,92.64,False,Festival,Competitor Pricing,Decreasing,Premium,,,,False
3062,2024-03-22,32,292,52.9,True,Festival,Competitor Pricing,Decreasing,Budget,,,,False
6405,2024-01-08,1,277,75.02,False,Holiday,Unknown,Increasing,Regular,,,,False
6984,2024-12-26,81,406,90.37,True,Festival,Economic Indicator,Decreasing,Budget,,,,False
7366,2024-07-20,26,33,47.86,True,Unknown,Unknown,Stable,Budget,,,,False
2725,2024-06-25,51,419,43.59,False,Holiday,Weather,Increasing,Budget,,,,False
4552,2024-11-14,63,350,48.45,True,Festival,Economic Indicator,Increasing,Regular,,,,False
1892,2024-05-17,47,435,94.94,False,Festival,Unknown,Decreasing,Budget,,,,False
2999,2024-03-01,24,284,84.94,True,Unknown,Competitor Pricing,Stable,Regular,,,,False
2626,2024-08-24,65,169,31.93,True,Festival,Competitor Pricing,Decreasing,Premium,,,,False
4620,2024-02-26,9,303,71.38,False,Unknown,Competitor Pricing,Increasing,Budget,,,,False
9135,2024-03-10,73,433,75.09,False,Festival,Economic Indicator,Increasing,Budget,88.7,33.33,2.16,True
5726,2024-03-10,9,408,60.81,True,Festival,Unknown,Decreasing,Budget,,,,False
4159,2024-03-19,55,168,68.68,False,Festival,Unknown,Decreasing,Budget,,,,False
2696,2024-06-22,17,13,68.85,False,Holiday,Competitor Pricing,Stable,Budget,,,,False
6041,2024-07-27,83,319,81.27,True,Holiday,Weather,Increasing,Premium,,,,False
7912,2024-02-16,81,382,10.04,False,Festival,Unknown,Stable,Budget,,,,False
3692,2024-03-13,17,146,61.6,True,Holiday,Weather,Stable,Premium,,,,False
3837,2024-04-15,49,124,81.53,False,Holiday,Competitor Pricing,Decreasing,Regular,,,,False
4238,2024-05-30,66,419,26.08,True,Holiday,Unknown,Increasing,Premium,81.54,89.1,1.88,True
6384,2024-09-13,41,400,30.73,True,Festival,Weather,Decreasing,Budget,,,,False
9602,2024-04-22,38,80,65.09,False,Festival,Unknown,Increasing,Premium,,,,False
2330,2024-06-04,79,224,20.65,True,Holiday,Weather,Decreasing,Regular,,,,False
7174,2024-08-10,74,38,40.61,False,Unknown,Weather,Stable,Premium,,,,False
8363,2024-01-10,35,393,31.62,False,Unknown,Weather,Decreasing,Budget,,,,False
5384,2024-11-03,32,477,98.0,False,Festival,Unknown,Stable,Premium,,,,False
7043,2024-01-02,56,44,55.52,False,Festival,Unknown,Decreasing,Premium,,,,False
5986,2024-01-21,4,297,65.34,False,Holiday,Economic Indicator,Stable,Premium,,,,False
3260,2024-08-29,85,328,10.17,True,Holiday,Weather,Stable,Budget,,,,False
4472,2024-02-03,43,47,91.98,False,Festival,Unknown,Increasing,Premium,,,,False
2147,2024-07-17,15,356,19.46,True,Holiday,Unknown,Increasing,Regular,,,,False
9927,2024-07-09,26,7,63.27,True,Festival,Competitor Pricing,Increasing,Premium,,,,False
7967,2024-03-28,87,325,83.19,False,Holiday,Weather,Stable,Premium,,,,False
3310,2024-05-08,90,313,61.49,False,Festival,Competitor Pricing,Stable,Regular,,,,False
4420,2024-02-15,54,435,54.65,True,Festival,Weather,Decreasing,Regular,,,,False
4743,2024-01-30,42,236,55.07,False,Festival,Economic Indicator,Increasing,Budget,,,,False
5309,2024-03-19,91,321,52.45,False,Unknown,Economic Indicator,Increasing,Regular,,,,False
7083,2024-01-15,16,405,60.94,False,Festival,Unknown,Stable,Regular,,,,False
7723,2024-05-24,88,153,57.74,True,Unknown,Weather,Increasing,Premium,,,,False
9722,2024-06-20,18,431,46.19,False,Unknown,Competitor Pricing,Increasing,Budget,,,,False
6986,2024-02-26,34,429,98.67,False,Holiday,Unknown,Decreasing,Premium,,,,False
4584,2024-12-03,93,442,15.53,True,Unknown,Economic Indicator,Decreasing,Regular,,,,False
8352,2024-11-01,10,497,97.12,True,Festival,Competitor Pricing,Decreasing,Premium,,,,False
2814,2024-11-01,15,480,43.22,True,Festival,Economic Indicator,Decreasing,Premium,,,,False
5378,2024-09-12,48,431,86.44,True,Unknown,Weather,Decreasing,Budget,,,,False
2798,2024-04-01,79,444,28.15,False,Holiday,Weather,Decreasing,Premium,,,,False
2607,2024-03-28,11,15,41.09,False,Festival,Unknown,Stable,Premium,,,,False
3085,2024-09-17,82,236,19.77,False,Festival,Competitor Pricing,Increasing,Regular,,,,False
3365,2024-08-09,92,120,8.6,True,Festival,Competitor Pricing,Decreasing,Budget,,,,False
4195,2024-02-25,42,216,95.09,False,Festival,Weather,Stable,Budget,,,,False
6609,2024-02-28,59,244,83.63,False,Holiday,Competitor Pricing,Increasing,Regular,,,,False
4013,2024-12-28,74,9,59.77,False,Holiday,Unknown,Increasing,Regular,,,,False
2408,2024-11-17,1,143,85.64,True,Festival,Weather,Stable,Regular,,,,False
4379,2024-07-11,38,490,39.18,True,Unknown,Competitor Pricing,Stable,Budget,,,,False
2836,2024-12-18,6,214,32.84,False,Holiday,Economic Indicator,Decreasing,Regular,,,,False
9325,2024-09-04,77,185,15.31,True,Holiday,Economic Indicator,Increasing,Premium,,,,False
6199,2024-06-28,3,117,50.38,False,Unknown,Competitor Pricing,Stable,Regular,,,,False
8127,2024-06-14,87,478,88.53,True,Festival,Unknown,Stable,Premium,,,,False
6122,2024-11-09,92,227,21.56,False,Unknown,Unknown,Decreasing,Budget,,,,False
3694,2024-08-13,63,462,22.25,True,Festival,Economic Indicator,Stable,Premium,,,,False
3648,2024-06-25,6,246,54.23,False,Holiday,Competitor Pricing,Increasing,Premium,,,,False
1571,2024-05-30,99,424,12.69,False,Unknown,Weather,Increasing,Regular,,,,False
3330,2024-08-07,12,79,46.58,False,Unknown,Weather,Increasing,Premium,,,,False
9954,2024-03-30,53,45,63.75,True,Holiday,Economic Indicator,Stable,Regular,,,,False
3944,2024-11-10,40,318,50.87,False,Unknown,Unknown,Stable,Regular,,,,False
2239,2024-11-11,82,336,94.44,True,Holiday,Weather,Stable,Budget,,,,False
9973,2024-12-25,30,29,79.57,False,Festival,Weather,Stable,Premium,,,,False
1001,2024-12-10,78,479,79.38,True,Unknown,Unknown,Stable,Premium,,,,False
9608,2024-03-06,66,2,42.83,False,Festival,Competitor Pricing,Increasing,Budget,,,,False
6608,2024-09-26,55,86,58.51,True,Holiday,Economic Indicator,Stable,Budget,,,,False
6913,2024-08-29,3,210,14.61,False,Festival,Economic Indicator,Decreasing,Budget,,,,False
7091,2024-04-12,5,182,48.22,True,Festival,Weather,Decreasing,Regular,,,,False
9575,2024-05-27,33,372,98.96,False,Unknown,Unknown,Decreasing,Budget,,,,False
9738,2024-07-20,86,60,85.37,False,Unknown,Competitor Pricing,Stable,Regular,,,,False
4245,2024-10-13,29,1,54.73,False,Festival,Competitor Pricing,Increasing,Premium,,,,False
5784,2024-02-02,58,306,64.94,False,Holiday,Unknown,Increasing,Premium,,,,False
5577,2024-04-17,34,465,21.17,True,Holiday,Economic Indicator,Stable,Budget,,,,False
3323,2024-08-08,9,17,31.44,False,Holiday,Competitor Pricing,Decreasing,Regular,,,,False
9976,2024-02-08,96,473,63.76,True,Festival,Competitor Pricing,Increasing,Premium,,,,False
5740,2024-02-28,56,248,71.91,True,Holiday,Weather,Decreasing,Regular,,,,False
2074,2024-08-09,3,253,22.14,True,Holiday,Weather,Decreasing,Regular,,,,False
2999,2024-04-12,6,482,92.74,True,Holiday,Economic Indicator,Decreasing,Regular,,,,False
1188,2024-07-23,53,499,82.34,True,Holiday,Weather,Decreasing,Regular,,,,False
6284,2024-12-01,53,68,36.91,True,Unknown,Competitor Pricing,Increasing,Budget,,,,False
5270,2024-07-18,44,359,65.77,False,Unknown,Competitor Pricing,Decreasing,Premium,,,,False
3081,2024-08-16,93,456,32.18,True,Festival,Competitor Pricing,Increasing,Premium,,,,False
6695,2024-11-13,83,5,56.22,True,Festival,Unknown,Stable,Premium,,,,False
4695,2024-01-14,43,121,84.35,True,Holiday,Unknown,Stable,Budget,,,,False
2953,2024-07-25,96,331,65.26,False,Holiday,Competitor Pricing,Stable,Budget,,,,False
3672,2024-10-04,30,383,99.05,False,Holiday,Competitor Pricing,Decreasing,Budget,,,,False
6678,2024-01-10,4,372,52.91,False,Unknown,Competitor Pricing,Stable,Premium,,,,False
5479,2024-02-18,50,392,80.43,True,Unknown,Competitor Pricing,Stable,Premium,,,,False
9139,2024-11-03,26,230,24.28,True,Festival,Competitor Pricing,Increasing,Budget,,,,False
5862,2024-04-25,59,498,52.84,True,Unknown,Weather,Stable,Premium,,,,False
7310,2024-03-29,6,468,76.26,False,Festival,Economic Indicator,Increasing,Premium,,,,False
7151,2024-04-30,72,343,66.43,False,Holiday,Unknown,Increasing,Regular,,,,False
3951,2024-08-26,63,140,41.37,False,Festival,Competitor Pricing,Stable,Premium,,,,False
6639,2024-05-28,18,309,9.18,True,Holiday,Economic Indicator,Increasing,Budget,,,,False
9555,2024-04-29,55,72,8.17,False,Unknown,Economic Indicator,Decreasing,Regular,,,,False
6437,2024-03-25,33,197,12.34,True,Unknown,Competitor Pricing,Stable,Budget,,,,False
7423,2024-03-09,75,458,95.26,True,Festival,Competitor Pricing,Increasing,Premium,,,,False
2202,2024-09-10,55,29,31.71,False,Holiday,Economic Indicator,Decreasing,Budget,,,,False
5234,2024-09-08,86,144,46.2,True,Holiday,Competitor Pricing,Decreasing,Premium,,,,False
4150,2024-11-04,31,392,74.36,False,Unknown,Competitor Pricing,Decreasing,Budget,,,,False
6111,2024-02-21,36,433,54.86,False,Holiday,Economic Indicator,Increasing,Budget,,,,False
6688,2024-08-14,92,101,30.66,False,Unknown,Competitor Pricing,Increasing,Budget,,,,False
4207,2024-02-05,83,26,50.51,True,Unknown,Competitor Pricing,Decreasing,Regular,,,,False
3358,2024-08-08,85,292,14.53,False,Festival,Weather,Increasing,Budget,,,,False
6927,2024-12-14,16,419,15.68,False,Holiday,Unknown,Stable,Regular,,,,False
6473,2024-08-10,89,357,70.67,True,Unknown,Weather,Decreasing,Regular,,,,False
7486,2024-04-03,58,423,8.18,False,Holiday,Economic Indicator,Stable,Regular,,,,False
6250,2024-11-15,26,116,13.23,False,Holiday,Competitor Pricing,Decreasing,Regular,,,,False
7792,2024-11-08,47,283,87.18,True,Festival,Competitor Pricing,Decreasing,Regular,,,,False
8660,2024-04-11,2,323,75.38,True,Festival,Weather,Decreasing,Premium,,,,False
5713,2024-02-08,13,202,95.12,False,Festival,Weather,Increasing,Budget,,,,False
7147,2024-06-06,7,261,10.19,True,Unknown,Economic Indicator,Stable,Regular,,,,False
7236,2024-04-05,47,167,83.46,True,Festival,Economic Indicator,Decreasing,Regular,,,,False
1041,2024-04-14,38,80,91.56,False,Unknown,Weather,Stable,Premium,,,,False
7003,2024-07-22,74,72,33.89,True,Festival,Unknown,Stable,Budget,,,,False
1248,2024-01-03,95,413,74.32,True,Festival,Unknown,Stable,Regular,,,,False
7008,2024-04-23,88,49,54.66,False,Festival,Weather,Stable,Budget,,,,False
8820,2024-05-03,15,15,56.43,True,Holiday,Economic Indicator,Increasing,Budget,41.03,13.56,1.47,True
8425,2024-04-03,48,371,74.4,False,Festival,Competitor Pricing,Stable,Regular,,,,False
1829,2024-03-24,74,154,81.54,True,Holiday,Economic Indicator,Decreasing,Regular,,,,False
7951,2024-07-14,62,470,72.6,False,Holiday,Economic Indicator,Stable,Premium,,,,False
6539,2024-12-17,64,229,89.14,True,Unknown,Unknown,Increasing,Regular,,,,False
5134,2024-09-26,69,307,64.38,True,Festival,Competitor Pricing,Increasing,Premium,,,,False
9924,2024-07-26,72,14,21.82,True,Unknown,Competitor Pricing,Decreasing,Premium,,,,False
1010,2024-07-13,59,78,76.46,False,Holiday,Weather,Decreasing,Regular,,,,False
9986,2024-08-03,89,224,70.26,True,Festival,Competitor Pricing,Increasing,Budget,,,,False
3472,2024-12-29,38,382,57.13,False,Holiday,Competitor Pricing,Increasing,Regular,,,,False
5019,2024-10-20,65,276,43.42,True,Holiday,Economic Indicator,Stable,Regular,,,,False
1744,2024-11-10,33,99,76.22,False,Unknown,Competitor Pricing,Decreasing,Premium,,,,False
1008,2024-06-29,89,108,25.93,True,Festival,Economic Indicator,Decreasing,Budget,,,,False
6499,2024-09-15,73,64,84.43,True,Festival,Unknown,Stable,Regular,,,,False
2389,2024-12-12,95,154,74.38,False,Holiday,Weather,Decreasing,Regular,,,,False
5652,2024-07-12,42,30,90.78,True,Unknown,Economic Indicator,Stable,Regular,,,,False
7384,2024-06-22,10,203,38.09,False,Unknown,Competitor Pricing,Stable,Regular,,,,False
5920,2024-04-14,7,249,20.95,True,Holiday,Unknown,Stable,Budget,,,,False
3961,2024-09-28,88,404,93.74,True,Festival,Economic Indicator,Increasing,Premium,,,,False
6582,2024-10-21,16,439,48.13,True,Festival,Competitor Pricing,Decreasing,Regular,,,,False
9190,2024-01-29,53,230,36.4,False,Holiday,Weather,Increasing,Regular,,,,False
4579,2024-01-03,35,162,73.03,True,Holiday,Weather,Increasing,Budget,,,,False
8735,2024-08-27,91,355,19.87,True,Holiday,Unknown,Decreasing,Premium,,,,False
1893,2024-05-10,43,402,11.58,False,Holiday,Competitor Pricing,Stable,Budget,,,,False
4936,2024-03-28,21,465,8.42,False,Holiday,Economic Indicator,Increasing,Regular,,,,False
8603,2024-04-30,81,142,20.45,True,Festival,Weather,Decreasing,Regular,,,,False
5093,2024-08-22,76,211,86.94,False,Festival,Competitor Pricing,Decreasing,Budget,,,,False
9742,2024-12-21,47,246,83.23,True,Unknown,Economic Indicator,Decreasing,Premium,,,,False
7112,2024-03-26,58,391,66.67,False,Festival,Weather,Decreasing,Budget,,,,False
9477,2024-05-19,34,434,15.22,True,Unknown,Competitor Pricing,Increasing,Regular,,,,False
3211,2024-02-20,66,321,72.81,False,Festival,Weather,Increasing,Budget,,,,False
9397,2024-12-03,86,428,72.32,True,Festival,Competitor Pricing,Increasing,Regular,,,,False
2120,2024-05-21,99,456,92.42,False,Holiday,Competitor Pricing,Increasing,Premium,,,,False
2113,2024-07-13,51,437,48.35,True,Unknown,Economic Indicator,Stable,Premium,,,,False
8229,2024-05-30,86,396,87.52,True,Unknown,Competitor Pricing,Increasing,Regular,,,,False
9592,2024-09-18,83,372,10.35,False,Festival,Economic Indicator,Stable,Budget,,,,False
4244,2024-06-08,16,332,50.02,True,Holiday,Unknown,Decreasing,Budget,,,,False
6297,2024-08-27,63,86,68.46,False,Holiday,Competitor Pricing,Increasing,Premium,,,,False
9315,2024-07-28,1,285,16.5,False,Holiday,Unknown,Decreasing,Premium,,,,False
6232,2024-11-16,92,434,16.41,True,Holiday,Competitor Pricing,Stable,Budget,,,,False
2840,2024-10-09,71,322,64.9,False,Holiday,Weather,Increasing,Premium,,,,False
4860,2024-08-15,97,458,17.02,False,Festival,Competitor Pricing,Increasing,Regular,,,,False
6275,2024-11-06,37,126,51.93,True,Festival,Competitor Pricing,Decreasing,Premium,,,,False
9932,2024-04-25,51,384,8.0,False,Holiday,Weather,Stable,Budget,,,,False
7636,2024-07-31,85,171,18.43,True,Festival,Competitor Pricing,Decreasing,Premium,,,,False
5948,2024-07-12,94,272,88.21,True,Holiday,Weather,Stable,Premium,,,,False
9575,2024-05-06,19,128,32.47,True,Holiday,Economic Indicator,Stable,Regular,,,,False
2742,2024-04-27,20,466,26.3,False,Holiday,Economic Indicator,Stable,Budget,,,,False
9768,2024-09-22,80,293,48.69,False,Holiday,Weather,Increasing,Budget,,,,False
3556,2024-02-19,86,497,69.65,True,Unknown,Unknown,Decreasing,Budget,,,,False
8191,2024-09-12,12,426,30.41,True,Festival,Economic Indicator,Stable,Budget,,,,False
2400,2024-12-20,12,104,72.81,False,Unknown,Economic Indicator,Decreasing,Premium,,,,False
3171,2024-11-29,99,479,62.65,True,Unknown,Weather,Increasing,Budget,,,,False
5472,2024-06-24,27,177,36.7,False,Holiday,Weather,Increasing,Regular,,,,False
6828,2024-01-27,96,186,75.41,False,Holiday,Weather,Decreasing,Premium,,,,False
5304,2024-05-07,22,53,51.84,True,Festival,Competitor Pricing,Decreasing,Budget,,,,False
4135,2024-11-16,83,256,21.52,True,Holiday,Competitor Pricing,Increasing,Regular,,,,False
5713,2024-11-01,45,484,28.96,True,Unknown,Unknown,Stable,Regular,,,,False
6309,2024-11-10,48,36,9.97,True,Unknown,Competitor Pricing,Decreasing,Premium,,,,False
7381,2024-11-16,72,13,45.41,True,Unknown,Competitor Pricing,Increasing,Premium,,,,False
1834,2024-10-04,27,306,54.61,False,Holiday,Weather,Decreasing,Premium,,,,False
9057,2024-04-27,34,130,66.79,True,Unknown,Weather,Increasing,Budget,,,,False
9439,2024-03-05,40,379,43.5,False,Festival,Competitor Pricing,Decreasing,Regular,,,,False
7657,2024-07-07,43,170,87.67,False,Holiday,Competitor Pricing,Stable,Premium,,,,False
9280,2024-07-20,13,386,48.11,True,Festival,Weather,Increasing,Budget,,,,False
5734,2024-04-08,98,256,99.38,False,Holiday,Weather,Increasing,Premium,,,,False
4353,2024-04-15,11,488,64.8,False,Unknown,Weather,Stable,Budget,,,,False
3095,2024-02-08,57,163,32.24,True,Holiday,Competitor Pricing,Stable,Budget,,,,False
4216,2024-07-27,62,372,96.83,False,Festival,Competitor Pricing,Stable,Premium,,,,False
1620,2024-11-03,80,45,76.54,False,Holiday,Unknown,Decreasing,Budget,,,,False
7570,2024-01-31,64,45,41.65,True,Unknown,Competitor Pricing,Stable,Budget,,,,False
3831,2024-02-11,24,435,8.01,False,Holiday,Competitor Pricing,Stable,Budget,,,,False
7891,2024-10-18,10,154,91.13,False,Holiday,Economic Indicator,Decreasing,Premium,,,,False
5472,2024-02-14,88,483,60.53,True,Unknown,Weather,Decreasing,Budget,,,,False
8414,2024-08-08,11,54,57.35,False,Holiday,Weather,Decreasing,Budget,,,,False
5999,2024-01-22,74,167,99.39,True,Unknown,Economic Indicator,Stable,Regular,99.87,43.7,1.94,True
2112,2024-03-12,47,238,26.02,True,Festival,Competitor Pricing,Increasing,Budget,,,,False
5946,2024-10-27,79,102,20.18,False,Unknown,Competitor Pricing,Increasing,Regular,,,,False
9735,2024-01-17,86,95,64.63,False,Unknown,Competitor Pricing,Decreasing,Regular,,,,False
1924,2024-08-04,39,141,69.03,True,Festival,Weather,Decreasing,Premium,,,,False
4904,2024-05-06,2,398,59.14,True,Unknown,Competitor Pricing,Stable,Regular,,,,False
1117,2024-11-09,26,413,94.63,False,Unknown,Weather,Increasing,Budget,,,,False
2195,2024-09-21,87,85,31.62,True,Festival,Unknown,Decreasing,Premium,,,,False
5690,2024-04-21,71,488,52.14,True,Festival,Competitor Pricing,Decreasing,Regular,,,,False
5133,2024-01-04,51,159,16.42,True,Holiday,Competitor Pricing,Stable,Regular,,,,False
8957,2024-07-01,60,86,67.26,True,Unknown,Competitor Pricing,Increasing,Budget,,,,False
7774,2024-01-05,67,335,88.03,True,Holiday,Competitor Pricing,Decreasing,Premium,,,,False
9539,2024-05-08,12,266,68.42,True,Unknown,Economic Indicator,Decreasing,Budget,,,,False
4378,2024-02-15,10,182,95.87,False,Unknown,Economic Indicator,Decreasing,Budget,,,,False
1049,2024-09-13,85,481,24.67,False,Holiday,Weather,Decreasing,Premium,,,,False
1797,2024-08-05,49,428,67.86,False,Festival,Weather,Increasing,Budget,,,,False
4449,2024-06-22,80,86,83.73,False,Festival,Weather,Decreasing,Budget,,,,False
1403,2024-04-25,88,238,27.17,True,Holiday,Weather,Decreasing,Budget,,,,False
7124,2024-07-11,91,408,77.95,False,Holiday,Competitor Pricing,Stable,Premium,,,,False
7025,2024-08-16,4,291,76.47,True,Unknown,Competitor Pricing,Increasing,Budget,,,,False
2011,2024-02-16,27,447,81.87,True,Unknown,Unknown,Decreasing,Budget,,,,False
6583,2024-04-03,40,129,8.91,False,Festival,Weather,Stable,Regular,,,,False
1375,2024-09-23,73,219,25.67,True,Unknown,Weather,Decreasing,Regular,,,,False
6264,2024-10-24,2,252,31.03,False,Holiday,Economic Indicator,Stable,Budget,,,,False
3971,2024-04-23,94,104,68.79,False,Holiday,Weather,Increasing,Premium,74.25,5.65,0.7,True
7876,2024-09-13,71,446,52.67,False,Festival,Competitor Pricing,Increasing,Premium,,,,False
5583,2024-12-16,6,167,16.28,True,Holiday,Competitor Pricing,Stable,Regular,,,,False
5319,2024-05-23,40,308,32.9,True,Festival,Economic Indicator,Decreasing,Budget,,,,False
8169,2024-10-25,85,25,11.41,True,Festival,Competitor Pricing,Stable,Premium,,,,False
4188,2024-03-27,72,257,23.86,False,Festival,Unknown,Stable,Budget,,,,False
8010,2024-12-13,90,443,73.67,False,Unknown,Economic Indicator,Decreasing,Premium,,,,False
2828,2024-11-14,46,259,47.71,True,Festival,Weather,Stable,Premium,,,,False
1248,2024-09-05,17,310,29.11,False,Holiday,Economic Indicator,Increasing,Budget,,,,False
6542,2024-12-10,70,468,76.24,False,Unknown,Weather,Increasing,Premium,,,,False
6544,2024-07-09,47,121,69.28,False,Holiday,Weather,Stable,Budget,,,,False
1825,2024-10-06,88,176,97.59,True,Holiday,Competitor Pricing,Increasing,Regular,,,,False
6693,2024-12-20,17,340,17.06,False,Holiday,Unknown,Increasing,Budget,,,,False
2591,2024-05-04,85,430,77.77,True,Unknown,Competitor Pricing,Decreasing,Regular,,,,False
2775,2024-06-07,40,444,24.79,False,Unknown,Weather,Stable,Regular,,,,False
6368,2024-12-06,80,419,82.32,True,Unknown,Weather,Decreasing,Regular,,,,False
9872,2024-08-06,55,375,95.09,True,Festival,Weather,Stable,Regular,,,,False
3609,2024-10-15,31,49,82.34,True,Holiday,Unknown,Decreasing,Premium,,,,False
3086,2024-12-08,90,95,51.57,True,Holiday,Weather,Decreasing,Budget,,,,False
9497,2024-03-18,59,65,66.68,False,Holiday,Economic Indicator,Decreasing,Regular,,,,False
1144,2024-06-13,91,254,14.38,False,Festival,Unknown,Decreasing,Budget,,,,False
4080,2024-12-03,36,178,51.13,True,Holiday,Competitor Pricing,Decreasing,Regular,,,,False
7290,2024-04-20,8,189,93.08,True,Unknown,Economic Indicator,Increasing,Budget,,,,False
1756,2024-09-01,95,389,65.98,True,Festival,Competitor Pricing,Decreasing,Premium,,,,False
3689,2024-12-26,60,277,63.18,False,Holiday,Weather,Decreasing,Budget,,,,False
1665,2024-06-01,35,404,29.34,False,Holiday,Weather,Increasing,Regular,,,,False
9180,2024-05-21,19,402,7.92,False,Holiday,Unknown,Decreasing,Regular,,,,False
5931,2024-02-28,57,364,23.93,True,Holiday,Economic Indicator,Decreasing,Premium,,,,False
3464,2024-05-11,62,441,11.15,False,Festival,Weather,Decreasing,Budget,,,,False
5166,2024-03-20,36,93,28.71,True,Holiday,Competitor Pricing,Decreasing,Regular,,,,False
4695,2024-11-13,86,296,87.11,True,Unknown,Weather,Decreasing,Premium,,,,False
4588,2024-10-28,40,107,12.91,False,Holiday,Competitor Pricing,Increasing,Budget,,,,False
8202,2024-08-05,2,297,28.45,True,Holiday,Unknown,Increasing,Budget,,,,False
4676,2024-02-10,51,311,35.66,False,Unknown,Unknown,Decreasing,Budget,,,,False
4472,2024-07-10,6,468,40.22,False,Holiday,Economic Indicator,Decreasing,Regular,,,,False
7482,2024-01-15,51,57,97.03,True,Holiday,Competitor Pricing,Increasing,Budget,,,,False
5782,2024-09-04,28,287,23.23,True,Festival,Weather,Increasing,Premium,,,,False
6461,2024-02-07,69,487,75.35,True,Festival,Economic Indicator,Stable,Premium,,,,False
3043,2024-02-23,53,78,97.48,True,Festival,Competitor Pricing,Decreasing,Regular,,,,False
7323,2024-11-04,77,491,6.0,False,Holiday,Unknown,Decreasing,Regular,,,,False
4190,2024-07-02,27,133,86.93,True,Unknown,Unknown,Increasing,Premium,,,,False
7112,2024-04-14,36,249,79.67,True,Holiday,Competitor Pricing,Decreasing,Premium,,,,False
3030,2024-06-02,28,332,33.37,False,Holiday,Competitor Pricing,Increasing,Premium,,,,False
3410,2024-08-08,43,100,49.86,True,Unknown,Competitor Pricing,Decreasing,Budget,,,,False
3110,2024-01-07,88,123,25.62,False,Festival,Competitor Pricing,Increasing,Regular,,,,False
7693,2024-07-15,92,35,70.1,True,Festival,Competitor Pricing,Increasing,Regular,,,,False
1490,2024-07-06,17,363,97.61,True,Unknown,Economic Indicator,Stable,Budget,,,,False
7189,2024-06-18,60,230,69.45,False,Festival,Economic Indicator,Decreasing,Premium,,,,False
6232,2024-09-22,95,364,51.21,True,Holiday,Unknown,Decreasing,Budget,,,,False
4092,2024-03-28,19,25,25.32,False,Unknown,Competitor Pricing,Stable,Budget,,,,False
9431,2024-04-07,13,249,15.89,False,Holiday,Weather,Increasing,Regular,,,,False
1785,2024-05-08,90,395,99.09,False,Unknown,Economic Indicator,Stable,Premium,,,,False
3543,2024-11-21,12,439,77.6,False,Holiday,Weather,Stable,Budget,,,,False
7590,2024-01-07,19,68,90.48,False,Holiday,Economic Indicator,Stable,Budget,,,,False
6469,2024-12-16,16,218,35.11,False,Holiday,Economic Indicator,Decreasing,Budget,,,,False
6121,2024-01-25,82,139,67.29,False,Holiday,Economic Indicator,Stable,Budget,39.15,50.83,2.24,True
2580,2024-05-31,3,304,40.77,False,Holiday,Unknown,Decreasing,Budget,,,,False
4849,2024-01-12,83,13,26.08,True,Holiday,Unknown,Increasing,Budget,,,,False
3054,2024-08-28,82,294,40.57,False,Unknown,Unknown,Decreasing,Premium,,,,False
5773,2024-08-22,9,437,93.48,False,Holiday,Weather,Decreasing,Budget,,,,False
1763,2024-02-11,60,389,73.85,False,Unknown,Economic Indicator,Increasing,Regular,,,,False
3459,2024-12-27,21,67,92.4,True,Festival,Unknown,Decreasing,Regular,,,,False
1792,2024-06-25,4,357,5.66,True,Festival,Unknown,Decreasing,Regular,,,,False
4863,2024-01-04,38,29,62.69,False,Festival,Competitor Pricing,Increasing,Budget,,,,False
2073,2024-02-25,23,156,50.41,True,Festival,Unknown,Decreasing,Premium,,,,False
2741,2024-10-10,20,385,8.74,False,Festival,Unknown,Stable,Premium,,,,False
2605,2024-04-11,1,337,19.63,False,Festival,Economic Indicator,Stable,Budget,,,,False
5461,2024-07-10,9,389,13.19,True,Holiday,Weather,Stable,Regular,,,,False
8294,2024-04-16,44,5,85.96,False,Unknown,Weather,Decreasing,Regular,,,,False
7845,2024-08-08,73,473,29.44,True,Unknown,Competitor Pricing,Increasing,Premium,,,,False
2350,2024-03-26,77,286,33.14,False,Festival,Competitor Pricing,Stable,Premium,,,,False
3954,2024-03-01,47,103,19.34,True,Festival,Economic Indicator,Decreasing,Premium,,,,False
3146,2024-06-26,51,362,20.68,False,Unknown,Competitor Pricing,Stable,Premium,,,,False
5673,2024-04-10,13,188,40.13,True,Unknown,Unknown,Stable,Budget,,,,False
2109,2024-06-16,38,115,38.48,False,Holiday,Economic Indicator,Decreasing,Premium,,,,False
1446,2024-07-22,36,99,90.72,True,Holiday,Economic Indicator,Increasing,Premium,,,,False
2638,2024-08-11,51,433,89.06,False,Festival,Weather,Decreasing,Budget,,,,False
5413,2024-09-19,50,91,61.88,True,Holiday,Unknown,Decreasing,Premium,,,,False
4899,2024-10-11,7,57,29.68,False,Unknown,Competitor Pricing,Increasing,Budget,,,,False
6552,2024-08-23,17,89,14.72,True,Festival,Unknown,Decreasing,Budget,,,,False
4561,2024-09-14,12,202,98.54,False,Festival,Unknown,Decreasing,Premium,,,,False
9773,2024-03-25,63,266,18.28,True,Festival,Unknown,Increasing,Budget,,,,False
3040,2024-08-23,21,472,10.83,False,Unknown,Unknown,Increasing,Regular,,,,False
1612,2024-11-12,68,235,38.88,True,Festival,Competitor Pricing,Decreasing,Premium,,,,False
2371,2024-03-09,31,323,69.42,False,Unknown,Competitor Pricing,Increasing,Budget,,,,False
8951,2024-12-02,33,8,85.26,False,Festival,Economic Indicator,Decreasing,Budget,,,,False
5937,2024-01-22,72,280,78.56,False,Festival,Competitor Pricing,Increasing,Premium,,,,False
3387,2024-02-25,38,266,76.55,False,Holiday,Unknown,Stable,Regular,,,,False
2346,2024-11-17,5,26,6.27,False,Holiday,Unknown,Increasing,Budget,,,,False
7472,2024-08-19,9,185,11.35,True,Unknown,Competitor Pricing,Increasing,Budget,,,,False
3220,2024-11-04,38,147,69.89,False,Unknown,Weather,Increasing,Regular,,,,False
1541,2024-05-31,69,252,70.75,True,Festival,Competitor Pricing,Decreasing,Regular,,,,False
9650,2024-03-20,99,342,43.48,True,Unknown,Unknown,Decreasing,Regular,,,,False
8305,2024-05-09,82,148,91.82,False,Unknown,Competitor Pricing,Stable,Premium,,,,False
9660,2024-04-18,70,240,36.03,False,Holiday,Weather,Stable,Regular,,,,False
4895,2024-06-09,64,394,12.05,False,Unknown,Weather,Stable,Budget,,,,False
7930,2024-02-04,66,93,44.4,False,Holiday,Unknown,Increasing,Regular,,,,False
7904,2024-12-05,16,147,58.21,True,Holiday,Unknown,Stable,Budget,,,,False
5292,2024-07-04,44,432,84.72,True,Festival,Economic Indicator,Stable,Premium,,,,False
9340,2024-11-02,92,343,67.25,False,Unknown,Unknown,Increasing,Regular,,,,False
2304,2024-01-27,43,332,30.17,True,Holiday,Economic Indicator,Decreasing,Budget,,,,False
2984,2024-05-02,19,91,17.02,True,Holiday,Competitor Pricing,Stable,Budget,,,,False
2945,2024-11-30,25,141,5.57,True,Holiday,Competitor Pricing,Stable,Budget,,,,False
5697,2024-02-25,33,425,16.84,True,Holiday,Unknown,Decreasing,Regular,,,,False
5907,2024-06-15,44,159,42.68,True,Unknown,Unknown,Decreasing,Budget,,,,False
4042,2024-11-10,69,309,33.89,True,Festival,Weather,Decreasing,Premium,,,,False
1446,2024-11-21,66,144,41.73,False,Holiday,Economic Indicator,Increasing,Budget,,,,False
3133,2024-09-28,6,280,30.32,True,Holiday,Unknown,Increasing,Budget,,,,False
2414,2024-06-26,37,372,9.45,False,Holiday,Unknown,Increasing,Budget,,,,False
9381,2024-01-18,17,267,49.42,True,Holiday,Competitor Pricing,Increasing,Premium,,,,False
3780,2024-11-17,7,291,61.22,False,Holiday,Competitor Pricing,Stable,Regular,,,,False
2244,2024-10-19,87,266,34.33,False,Festival,Competitor Pricing,Increasing,Budget,,,,False
8904,2024-04-09,19,179,48.14,True,Unknown,Economic Indicator,Decreasing,Premium,,,,False
5348,2024-03-16,72,421,13.29,True,Unknown,Competitor Pricing,Stable,Premium,,,,False
7090,2024-07-13,82,103,26.84,False,Festival,Unknown,Increasing,Budget,,,,False
4149,2024-11-18,86,303,58.58,False,Unknown,Unknown,Decreasing,Regular,,,,False
5145,2024-09-02,78,306,50.31,True,Unknown,Weather,Stable,Budget,,,,False
2741,2024-07-01,90,133,7.33,True,Festival,Economic Indicator,Decreasing,Premium,,,,False
6800,2024-09-20,19,41,96.36,False,Holiday,Competitor Pricing,Increasing,Regular,,,,False
1852,2024-04-15,69,339,36.87,True,Unknown,Competitor Pricing,Increasing,Budget,,,,False
6949,2024-04-16,56,386,11.09,True,Holiday,Weather,Decreasing,Premium,,,,False
3775,2024-01-06,52,404,51.84,False,Unknown,Weather,Stable,Regular,,,,False
5571,2024-11-15,14,158,50.1,False,Holiday,Economic Indicator,Decreasing,Budget,,,,False
3187,2024-12-10,36,48,87.83,False,Festival,Weather,Increasing,Regular,,,,False
5067,2024-01-04,84,322,87.69,False,Festival,Unknown,Increasing,Regular,,,,False
2300,2024-05-22,4,105,65.1,True,Holiday,Weather,Stable,Budget,,,,False
4825,2024-04-07,15,477,88.79,True,Unknown,Economic Indicator,Increasing,Regular,,,,False
8715,2024-09-24,30,154,49.25,False,Holiday,Unknown,Decreasing,Regular,,,,False
9120,2024-09-18,67,88,37.65,True,Festival,Weather,Increasing,Premium,,,,False
5287,2024-10-11,12,230,91.89,True,Festival,Economic Indicator,Stable,Premium,,,,False
8872,2024-12-23,39,486,42.46,False,Festival,Unknown,Decreasing,Regular,,,,False
4392,2024-12-14,71,20,43.97,False,Festival,Unknown,Stable,Budget,37.85,83.76,2.5,True
1056,2024-02-10,60,15,51.13,True,Holiday,Unknown,Stable,Budget,,,,False
3503,2024-08-23,71,222,62.0,False,Festival,Economic Indicator,Stable,Budget,,,,False
9576,2024-03-15,14,173,59.96,False,Festival,Weather,Decreasing,Budget,,,,False
5137,2024-02-19,19,42,52.9,False,Festival,Economic Indicator,Stable,Regular,,,,False
5434,2024-11-05,26,147,44.44,True,Festival,Weather,Stable,Regular,,,,False
8799,2024-12-01,2,282,49.11,True,Unknown,Competitor Pricing,Stable,Regular,,,,False
4555,2024-08-14,77,38,54.16,True,Unknown,Economic Indicator,Increasing,Premium,,,,False
7910,2024-11-12,48,394,90.28,True,Festival,Weather,Decreasing,Regular,,,,False
6768,2024-03-21,60,109,47.59,True,Festival,Unknown,Increasing,Premium,,,,False
6434,2024-05-18,92,164,78.68,False,Festival,Weather,Decreasing,Budget,,,,False
5345,2024-03-11,96,28,26.36,False,Unknown,Competitor Pricing,Stable,Budget,,,,False
7623,2024-11-09,60,248,79.16,False,Holiday,Competitor Pricing,Decreasing,Budget,,,,False
7609,2024-05-08,72,418,6.13,True,Unknown,Unknown,Increasing,Budget,,,,False
3175,2024-06-16,7,169,15.0,True,Holiday,Weather,Increasing,Regular,,,,False
7952,2024-01-30,7,127,14.88,True,Unknown,Competitor Pricing,Decreasing,Premium,,,,False
4944,2024-08-31,21,464,30.57,False,Festival,Economic Indicator,Stable,Budget,,,,False
6526,2024-03-25,85,25,38.42,True,Unknown,Competitor Pricing,Stable,Regular,,,,False
5253,2024-08-21,99,263,68.75,True,Unknown,Competitor Pricing,Stable,Premium,,,,False
4767,2024-09-28,23,123,17.93,True,Unknown,Economic Indicator,Stable,Budget,,,,False
9320,2024-09-23,1,226,29.89,False,Festival,Unknown,Decreasing,Budget,,,,False
4395,2024-01-25,4,237,39.17,True,Unknown,Economic Indicator,Decreasing,Budget,,,,False
7054,2024-07-17,66,259,95.54,True,Holiday,Economic Indicator,Stable,Regular,,,,False
4011,2024-05-19,14,268,29.22,True,Festival,Economic Indicator,Stable,Premium,,,,False
5424,2024-10-17,98,448,13.47,False,Unknown,Competitor Pricing,Decreasing,Regular,,,,False
8767,2024-10-15,50,326,78.81,False,Unknown,Unknown,Increasing,Regular,,,,False
3954,2024-06-30,81,352,67.8,True,Holiday,Economic Indicator,Decreasing,Regular,,,,False
4045,2024-09-21,9,429,63.78,True,Holiday,Weather,Decreasing,Premium,,,,False
8163,2024-11-27,84,129,39.6,True,Unknown,Economic Indicator,Decreasing,Budget,,,,False
8538,2024-03-17,11,145,23.9,True,Unknown,Economic Indicator,Decreasing,Budget,,,,False
2192,2024-09-27,23,465,72.74,False,Holiday,Competitor Pricing,Decreasing,Budget,,,,False
6935,2024-01-07,87,111,24.71,False,Festival,Competitor Pricing,Increasing,Regular,,,,False
1669,2024-12-02,89,274,9.49,True,Festival,Economic Indicator,Increasing,Regular,,,,False
9325,2024-11-01,89,401,39.8,False,Festival,Economic Indicator,Increasing,Budget,,,,False
3150,2024-08-16,84,297,91.45,False,Holiday,Economic Indicator,Increasing,Budget,,,,False
2222,2024-07-07,59,384,59.47,False,Festival,Economic Indicator,Stable,Premium,,,,False
7060,2024-06-06,8,398,32.86,False,Holiday,Economic Indicator,Stable,Regular,,,,False
6519,2024-09-03,64,74,84.53,True,Holiday,Economic Indicator,Increasing,Premium,,,,False
6628,2024-12-14,96,238,67.09,False,Festival,Unknown,Increasing,Budget,,,,False
2710,2024-12-12,37,393,71.46,True,Unknown,Weather,Decreasing,Budget,,,,False
7261,2024-07-14,27,30,71.72,False,Festival,Economic Indicator,Increasing,Budget,,,,False
9192,2024-09-17,59,350,37.3,True,Unknown,Weather,Decreasing,Premium,,,,False
5316,2024-04-27,49,348,75.16,True,Festival,Competitor Pricing,Stable,Budget,,,,False
9481,2024-08-03,24,368,47.67,False,Festival,Economic Indicator,Decreasing,Premium,,,,False
1112,2024-06-27,27,60,98.18,False,Festival,Competitor Pricing,Increasing,Regular,,,,False
9757,2024-01-04,21,208,63.31,False,Festival,Competitor Pricing,Increasing,Budget,,,,False
5788,2024-02-21,9,127,50.31,False,Holiday,Competitor Pricing,Stable,Regular,,,,False
9759,2024-10-30,88,325,10.78,False,Festival,Unknown,Decreasing,Budget,,,,False
4447,2024-06-14,13,115,37.92,True,Festival,Competitor Pricing,Stable,Budget,,,,False
8589,2024-10-23,57,36,76.86,False,Unknown,Economic Indicator,Stable,Regular,,,,False
6780,2024-02-22,58,7,78.34,False,Festival,Unknown,Increasing,Premium,,,,False
5341,2024-08-08,83,389,78.83,True,Holiday,Economic Indicator,Decreasing,Premium,,,,False
9426,2024-10-30,77,479,30.08,True,Unknown,Economic Indicator,Stable,Regular,,,,False
4127,2024-04-12,99,224,68.52,False,Holiday,Weather,Decreasing,Budget,,,,False
4661,2024-01-21,87,117,33.94,True,Holiday,Economic Indicator,Increasing,Budget,,,,False
3280,2024-11-09,61,7,58.37,False,Festival,Competitor Pricing,Decreasing,Budget,,,,False
6300,2024-03-31,66,99,83.64,True,Holiday,Weather,Stable,Premium,,,,False
6131,2024-07-21,84,340,52.13,False,Unknown,Weather,Increasing,Regular,,,,False
6917,2024-01-03,57,274,81.64,True,Holiday,Unknown,Increasing,Budget,,,,False
4467,2024-08-09,42,447,29.8,True,Festival,Unknown,Increasing,Regular,,,,False
9518,2024-12-02,38,146,58.31,True,Holiday,Economic Indicator,Increasing,Budget,,,,False
2052,2024-08-19,40,220,26.48,False,Holiday,Competitor Pricing,Stable,Premium,,,,False
8802,2024-08-31,73,376,95.39,False,Holiday,Weather,Decreasing,Regular,,,,False
5897,2024-03-06,11,405,39.03,False,Holiday,Economic Indicator,Decreasing,Budget,,,,False
9223,2024-06-02,88,72,34.9,True,Unknown,Unknown,Stable,Budget,,,,False
2164,2024-09-30,32,164,12.22,False,Festival,Unknown,Stable,Premium,,,,False
4328,2024-07-08,51,499,96.67,True,Festival,Weather,Decreasing,Budget,,,,False
4417,2024-08-25,38,336,45.29,False,Festival,Unknown,Stable,Premium,,,,False
9768,2024-10-03,94,101,66.44,True,Unknown,Economic Indicator,Stable,Premium,,,,False
2622,2024-05-08,83,145,33.94,False,Holiday,Competitor Pricing,Increasing,Regular,,,,False
5269,2024-04-02,49,213,28.7,False,Holiday,Unknown,Stable,Premium,,,,False
1869,2024-03-19,26,115,38.6,False,Holiday,Unknown,Decreasing,Budget,,,,False
6071,2024-06-14,49,422,78.63,True,Festival,Competitor Pricing,Stable,Premium,,,,False
8449,2024-03-06,60,496,41.23,True,Festival,Unknown,Decreasing,Regular,,,,False
3534,2024-01-31,36,305,14.81,False,Festival,Economic Indicator,Increasing,Regular,,,,False
1839,2024-01-24,63,477,12.96,False,Holiday,Weather,Decreasing,Premium,,,,False
3932,2024-10-09,13,245,84.03,False,Unknown,Unknown,Stable,Budget,,,,False
9997,2024-02-01,94,291,11.78,False,Unknown,Economic Indicator,Decreasing,Premium,,,,False
7044,2024-04-26,76,448,89.47,True,Unknown,Unknown,Increasing,Premium,,,,False
3465,2024-03-05,89,268,33.15,False,Festival,Competitor Pricing,Decreasing,Premium,,,,False
9564,2024-02-14,91,23,73.66,False,Unknown,Weather,Stable,Premium,,,,False
3563,2024-12-02,71,59,28.23,False,Unknown,Economic Indicator,Increasing,Premium,,,,False
6565,2024-07-14,52,201,90.49,True,Holiday,Economic Indicator,Stable,Premium,,,,False
6901,2024-06-13,30,304,5.15,True,Unknown,Weather,Decreasing,Budget,,,,False
4214,2024-06-19,35,53,36.09,True,Holiday,Competitor Pricing,Increasing,Premium,,,,False
7312,2024-03-07,68,80,80.69,True,Unknown,Economic Indicator,Decreasing,Budget,,,,False
5339,2024-11-09,6,487,93.69,False,Festival,Competitor Pricing,Decreasing,Premium,,,,False
4489,2024-05-12,36,72,41.03,True,Festival,Economic Indicator,Increasing,Premium,,,,False
7834,2024-04-21,47,466,8.7,True,Unknown,Unknown,Decreasing,Regular,,,,False
8159,2024-06-07,13,223,22.66,False,Unknown,Competitor Pricing,Stable,Regular,,,,False
9948,2024-02-19,28,162,6.08,True,Holiday,Unknown,Increasing,Budget,58.34,74.63,1.66,True
6625,2024-12-18,54,109,78.61,True,Unknown,Unknown,Increasing,Regular,,,,False
7774,2024-11-12,71,404,84.3,False,Festival,Economic Indicator,Increasing,Premium,,,,False
5856,2024-02-02,90,354,28.52,False,Holiday,Weather,Stable,Premium,,,,False
3452,2024-06-12,16,182,64.71,True,Unknown,Economic Indicator,Stable,Premium,,,,False
2997,2024-11-18,13,102,44.4,True,Unknown,Weather,Increasing,Premium,,,,False
9605,2024-07-04,33,313,90.53,True,Holiday,Competitor Pricing,Increasing,Premium,,,,False
4084,2024-10-19,81,407,79.55,True,Festival,Competitor Pricing,Decreasing,Budget,,,,False
1034,2024-10-17,29,322,96.0,False,Holiday,Competitor Pricing,Decreasing,Regular,,,,False
1651,2024-04-25,87,8,15.2,True,Festival,Weather,Increasing,Regular,,,,False
5627,2024-01-01,86,224,12.64,True,Unknown,Economic Indicator,Stable,Regular,,,,False
3518,2024-04-05,73,265,84.83,False,Holiday,Economic Indicator,Decreasing,Regular,,,,False
3538,2024-04-10,58,171,77.66,False,Holiday,Unknown,Stable,Budget,,,,False
7025,2024-09-06,85,213,76.78,True,Festival,Economic Indicator,Increasing,Regular,,,,False
6652,2024-01-14,97,30,22.68,True,Festival,Weather,Stable,Budget,,,,False
5807,2024-03-26,38,109,5.96,True,Holiday,Unknown,Decreasing,Regular,,,,False
1325,2024-08-13,9,205,83.98,False,Unknown,Competitor Pricing,Decreasing,Premium,,,,False
5582,2024-07-30,73,183,17.16,True,Unknown,Weather,Decreasing,Premium,,,,False
3782,2024-06-11,85,314,64.48,True,Festival,Weather,Increasing,Budget,,,,False
7585,2024-09-08,98,143,78.84,False,Holiday,Competitor Pricing,Stable,Budget,,,,False
8867,2024-04-21,82,297,96.3,True,Unknown,Economic Indicator,Increasing,Regular,,,,False
7057,2024-01-31,98,11,16.7,False,Holiday,Economic Indicator,Stable,Premium,,,,False
8422,2024-01-17,77,489,16.99,False,Holiday,Economic Indicator,Increasing,Regular,,,,False
5758,2024-05-02,59,251,6.35,False,Holiday,Economic Indicator,Increasing,Regular,,,,False
1867,2024-02-16,79,15,55.69,False,Unknown,Unknown,Increasing,Budget,,,,False
3506,2024-05-05,17,320,79.16,False,Holiday,Economic Indicator,Increasing,Budget,,,,False
4487,2024-09-14,69,413,58.99,True,Holiday,Weather,Decreasing,Budget,,,,False
3966,2024-02-15,45,28,70.21,True,Holiday,Weather,Stable,Budget,,,,False
7853,2024-11-09,33,183,78.9,True,Festival,Competitor Pricing,Stable,Regular,,,,False
8191,2024-08-28,2,300,25.63,True,Holiday,Weather,Decreasing,Budget,,,,False
9362,2024-09-17,44,174,70.31,True,Holiday,Unknown,Increasing,Regular,,,,False
2039,2024-03-29,25,293,97.63,False,Holiday,Weather,Decreasing,Regular,,,,False
3397,2024-12-11,43,148,30.45,True,Festival,Unknown,Increasing,Regular,,,,False
7436,2024-02-13,66,268,47.96,False,Unknown,Economic Indicator,Increasing,Premium,,,,False
1965,2024-08-03,70,264,83.35,False,Festival,Unknown,Decreasing,Budget,,,,False
5308,2024-09-06,81,211,80.8,False,Holiday,Economic Indicator,Stable,Premium,,,,False
3283,2024-07-14,19,271,51.29,False,Festival,Competitor Pricing,Decreasing,Budget,,,,False
2257,2024-11-22,21,219,42.62,True,Holiday,Economic Indicator,Decreasing,Premium,,,,False
3768,2024-11-14,2,392,49.66,False,Holiday,Weather,Decreasing,Budget,,,,False
6867,2024-06-04,94,455,27.77,False,Unknown,Competitor Pricing,Increasing,Regular,,,,False
3662,2024-02-29,5,212,85.68,True,Festival,Unknown,Increasing,Budget,,,,False
6993,2024-12-25,64,17,41.0,True,Festival,Unknown,Stable,Budget,,,,False
2716,2024-12-05,18,320,38.51,True,Unknown,Unknown,Increasing,Regular,,,,False
1854,2024-05-24,49,155,16.67,True,Unknown,Competitor Pricing,Stable,Budget,,,,False
2778,2024-07-15,42,389,5.34,False,Unknown,Unknown,Increasing,Regular,,,,False
9076,2024-09-14,98,149,27.28,False,Festival,Competitor Pricing,Stable,Regular,,,,False
7897,2024-01-07,15,486,65.29,False,Unknown,Competitor Pricing,Increasing,Premium,,,,False
2788,2024-10-14,57,94,6.3,False,Holiday,Unknown,Stable,Premium,,,,False
1971,2024-06-05,38,336,96.58,True,Festival,Economic Indicator,Increasing,Regular,,,,False
8998,2024-02-12,60,32,42.09,False,Holiday,Economic Indicator,Stable,Premium,,,,False
5146,2024-01-01,87,109,12.9,False,Holiday,Economic Indicator,Stable,Regular,,,,False
7875,2024-08-10,27,188,96.56,False,Holiday,Unknown,Decreasing,Premium,,,,False
7510,2024-03-29,86,322,55.9,True,Festival,Weather,Stable,Regular,,,,False
5807,2024-02-14,47,243,48.83,False,Unknown,Unknown,Decreasing,Premium,,,,False
8349,2024-07-01,62,385,51.7,False,Festival,Competitor Pricing,Increasing,Budget,,,,False
4653,2024-09-19,19,323,19.36,False,Holiday,Economic Indicator,Stable,Budget,,,,False
4556,2024-01-16,2,146,9.59,False,Festival,Weather,Decreasing,Budget,,,,False
5205,2024-03-19,41,353,76.49,False,Holiday,Weather,Stable,Regular,,,,False
5865,2024-02-15,52,157,88.31,False,Holiday,Weather,Stable,Budget,55.2,22.3,0.77,True
7398,2024-03-19,30,342,96.52,False,Festival,Unknown,Increasing,Regular,,,,False
6255,2024-05-04,89,285,55.86,True,Unknown,Weather,Decreasing,Regular,,,,False
2732,2024-07-17,64,41,31.43,True,Unknown,Unknown,Stable,Regular,,,,False
5181,2024-06-28,77,284,95.53,False,Holiday,Economic Indicator,Stable,Budget,,,,False
7938,2024-03-01,75,303,13.56,True,Holiday,Weather,Decreasing,Budget,,,,False
4604,2024-03-13,60,448,47.68,False,Unknown,Competitor Pricing,Decreasing,Budget,,,,False
6920,2024-02-15,4,200,13.81,False,Festival,Weather,Increasing,Budget,,,,False
7257,2024-12-09,14,199,35.88,True,Unknown,Economic Indicator,Stable,Regular,,,,False
9493,2024-01-05,19,499,51.59,True,Festival,Competitor Pricing,Increasing,Budget,,,,False
2696,2024-11-02,14,11,35.97,False,Festival,Economic Indicator,Stable,Premium,,,,False
2766,2024-06-25,88,235,6.81,False,Holiday,Economic Indicator,Increasing,Budget,,,,False
8685,2024-02-28,20,363,83.62,False,Unknown,Competitor Pricing,Stable,Premium,,,,False
6731,2024-12-21,96,230,46.96,False,Festival,Economic Indicator,Increasing,Regular,,,,False
8418,2024-06-15,5,446,12.33,True,Holiday,Weather,Stable,Regular,,,,False
3834,2024-04-14,65,7,23.05,True,Festival,Weather,Increasing,Budget,,,,False
9414,2024-03-01,96,44,65.55,False,Holiday,Unknown,Increasing,Premium,,,,False
3065,2024-12-01,31,87,94.1,False,Unknown,Weather,Stable,Regular,,,,False
5945,2024-04-27,48,294,82.42,True,Holiday,Weather,Decreasing,Premium,,,,False
7398,2024-04-03,64,489,80.23,True,Unknown,Economic Indicator,Stable,Budget,,,,False
6989,2024-11-30,69,25,85.87,False,Unknown,Weather,Stable,Premium,,,,False
9259,2024-03-22,90,174,97.28,True,Holiday,Unknown,Stable,Premium,,,,False
7013,2024-11-08,69,11,76.14,True,Unknown,Weather,Decreasing,Budget,,,,False
2098,2024-07-26,58,79,19.47,False,Unknown,Economic Indicator,Increasing,Regular,,,,False
3259,2024-12-19,95,61,83.95,False,Holiday,Competitor Pricing,Increasing,Regular,,,,False
2521,2024-12-18,55,86,69.06,True,Festival,Competitor Pricing,Stable,Budget,,,,False
9931,2024-11-06,81,247,20.76,False,Festival,Economic Indicator,Decreasing,Regular,,,,False
4113,2024-05-19,6,44,84.87,True,Unknown,Competitor Pricing,Stable,Premium,,,,False
4446,2024-07-17,55,149,28.63,True,Festival,Unknown,Increasing,Regular,,,,False
6492,2024-05-01,64,100,43.24,False,Festival,Competitor Pricing,Increasing,Regular,,,,False
4154,2024-05-14,85,230,11.13,True,Holiday,Unknown,Decreasing,Premium,,,,False
3567,2024-11-17,90,20,91.96,False,Festival,Unknown,Stable,Regular,,,,False
2704,2024-01-16,33,396,97.01,False,Festival,Competitor Pricing,Increasing,Premium,,,,False
5710,2024-01-18,47,32,73.5,True,Holiday,Competitor Pricing,Decreasing,Premium,,,,False
4082,2024-11-19,41,162,17.47,True,Festival,Economic Indicator,Increasing,Regular,,,,False
3717,2024-12-03,38,482,46.12,True,Festival,Economic Indicator,Increasing,Budget,,,,False
1030,2024-09-27,44,257,28.91,False,Holiday,Economic Indicator,Increasing,Regular,,,,False
3277,2024-12-24,98,392,68.94,True,Unknown,Economic Indicator,Decreasing,Budget,,,,False
1760,2024-10-09,32,351,38.55,False,Holiday,Weather,Increasing,Budget,,,,False
8273,2024-03-19,21,3,55.27,False,Festival,Competitor Pricing,Increasing,Regular,,,,False
3248,2024-04-08,24,478,77.18,False,Holiday,Competitor Pricing,Decreasing,Budget,,,,False
5287,2024-10-16,61,203,12.12,True,Holiday,Unknown,Increasing,Regular,58.63,76.94,2.17,True
7603,2024-11-28,19,369,92.12,False,Unknown,Economic Indicator,Stable,Premium,,,,False
1317,2024-12-08,95,178,86.06,True,Holiday,Competitor Pricing,Decreasing,Premium,,,,False
9857,2024-10-05,42,276,60.38,True,Unknown,Unknown,Stable,Budget,,,,False
9539,2024-02-02,87,202,46.65,False,Unknown,Competitor Pricing,Increasing,Budget,,,,False
7621,2024-04-23,38,11,77.7,False,Holiday,Competitor Pricing,Increasing,Premium,,,,False
6615,2024-07-01,74,484,15.97,False,Holiday,Competitor Pricing,Increasing,Premium,,,,False
1342,2024-04-05,72,183,12.91,True,Holiday,Weather,Stable,Budget,,,,False
6338,2024-10-04,70,463,62.88,True,Unknown,Economic Indicator,Decreasing,Premium,,,,False
6649,2024-09-30,73,57,73.8,False,Festival,Competitor Pricing,Increasing,Premium,,,,False
1452,2024-02-25,50,373,44.33,False,Unknown,Weather,Increasing,Premium,,,,False
7465,2024-12-24,16,271,23.91,True,Unknown,Competitor Pricing,Stable,Premium,,,,False
1810,2024-09-26,67,380,22.18,False,Festival,Unknown,Stable,Budget,,,,False
2638,2024-11-23,67,437,15.36,True,Holiday,Unknown,Increasing,Regular,,,,False
7517,2024-11-29,13,230,8.08,False,Holiday,Unknown,Stable,Budget,,,,False
8895,2024-10-22,49,311,15.0,False,Holiday,Economic Indicator,Increasing,Regular,,,,False
3436,2024-03-30,70,10,72.49,False,Unknown,Weather,Increasing,Regular,,,,False
1171,2024-11-03,44,375,21.28,False,Festival,Unknown,Stable,Premium,,,,False
3540,2024-08-25,61,190,96.75,True,Holiday,Weather,Increasing,Premium,,,,False
2833,2024-04-07,43,155,46.5,True,Holiday,Weather,Decreasing,Budget,,,,False
1931,2024-04-04,12,189,25.26,False,Unknown,Economic Indicator,Decreasing,Regular,,,,False
2109,2024-06-07,84,216,37.2,True,Festival,Economic Indicator,Increasing,Regular,,,,False
6690,2024-05-05,99,453,76.37,False,Holiday,Competitor Pricing,Decreasing,Budget,,,,False
2015,2024-06-20,88,340,7.15,False,Unknown,Economic Indicator,Decreasing,Regular,,,,False
3811,2024-11-09,79,467,85.87,False,Holiday,Economic Indicator,Stable,Premium,,,,False
5315,2024-06-24,13,42,64.56,False,Holiday,Weather,Increasing,Premium,,,,False
4767,2024-11-24,6,382,26.05,True,Unknown,Economic Indicator,Stable,Regular,,,,False
9265,2024-06-22,13,115,13.07,False,Festival,Economic Indicator,Decreasing,Budget,,,,False
8538,2024-03-22,55,62,88.5,True,Unknown,Unknown,Decreasing,Budget,,,,False
3241,2024-09-25,39,263,86.0,False,Festival,Competitor Pricing,Stable,Premium,,,,False
1136,2024-12-16,47,273,49.31,False,Unknown,Unknown,Increasing,Budget,,,,False
9204,2024-12-06,42,192,24.43,True,Unknown,Economic Indicator,Increasing,Budget,,,,False
8856,2024-06-26,75,419,13.9,False,Holiday,Economic Indicator,Decreasing,Premium,,,,False
6346,2024-03-21,58,28,10.74,False,Holiday,Weather,Increasing,Regular,,,,False
7167,2024-10-11,89,346,95.03,True,Holiday,Weather,Decreasing,Budget,,,,False
4241,2024-12-25,84,282,24.74,True,Festival,Weather,Decreasing,Budget,,,,False
8566,2024-11-18,59,144,7.97,False,Holiday,Economic Indicator,Decreasing,Budget,,,,False
4055,2024-03-27,45,458,79.71,False,Festival,Unknown,Decreasing,Regular,,,,False
7020,2024-09-30,29,298,80.53,True,Festival,Weather,Stable,Premium,,,,False
8154,2024-01-31,11,53,82.83,False,Holiday,Weather,Stable,Premium,,,,False
6002,2024-01-25,91,294,99.74,True,Unknown,Economic Indicator,Decreasing,Budget,,,,False
2552,2024-09-15,81,369,11.13,True,Holiday,Economic Indicator,Decreasing,Budget,,,,False
2953,2024-07-20,42,354,84.98,True,Holiday,Economic Indicator,Increasing,Regular,,,,False
6384,2024-01-28,37,350,58.56,True,Unknown,Weather,Stable,Regular,,,,False
7272,2024-06-06,3,303,73.1,False,Festival,Weather,Decreasing,Budget,,,,False
1526,2024-12-23,29,425,31.23,False,Holiday,Weather,Increasing,Budget,,,,False
1310,2024-03-02,72,201,97.79,True,Unknown,Competitor Pricing,Stable,Regular,,,,False
5815,2024-12-25,42,444,32.54,False,Festival,Unknown,Stable,Budget,,,,False
4190,2024-11-24,17,271,57.63,False,Holiday,Competitor Pricing,Decreasing,Premium,,,,False
1286,2024-06-22,32,316,92.27,False,Holiday,Competitor Pricing,Decreasing,Premium,,,,False
6056,2024-01-23,60,46,43.46,True,Holiday,Weather,Increasing,Regular,,,,False
5858,2024-07-25,3,288,83.59,True,Unknown,Competitor Pricing,Decreasing,Premium,,,,False
7521,2024-09-28,38,207,69.86,True,Festival,Weather,Increasing,Regular,,,,False
4301,2024-07-06,89,86,48.7,True,Unknown,Competitor Pricing,Stable,Premium,,,,False
1421,2024-10-05,76,155,52.71,True,Festival,Competitor Pricing,Stable,Budget,,,,False
5077,2024-06-16,28,355,80.03,True,Holiday,Weather,Increasing,Regular,,,,False
9980,2024-11-15,70,229,72.92,False,Holiday,Weather,Stable,Regular,,,,False
1824,2024-11-22,93,235,64.33,False,Holiday,Competitor Pricing,Increasing,Premium,,,,False
6881,2024-03-16,79,284,25.1,False,Holiday,Economic Indicator,Increasing,Premium,,,,False
5510,2024-02-03,89,383,26.3,True,Holiday,Unknown,Stable,Regular,,,,False
6590,2024-01-26,5,496,89.08,False,Festival,Weather,Stable,Premium,,,,False
5215,2024-01-01,96,422,35.81,False,Festival,Competitor Pricing,Stable,Regular,,,,False
5477,2024-12-25,43,355,41.33,False,Festival,Weather,Decreasing,Budget,,,,False
4594,2024-01-09,11,87,68.58,True,Festival,Weather,Stable,Premium,,,,False
9565,2024-12-11,43,172,32.43,True,Unknown,Weather,Increasing,Regular,,,,False
8427,2024-12-01,59,6,75.54,False,Festival,Unknown,Decreasing,Regular,,,,False
9163,2024-08-30,16,177,51.91,False,Festival,Economic Indicator,Decreasing,Budget,,,,False
1551,2024-01-09,45,376,58.36,False,Holiday,Weather,Stable,Premium,,,,False
5628,2024-04-08,5,82,57.3,True,Holiday,Unknown,Stable,Budget,,,,False
6683,2024-11-03,18,245,86.02,False,Unknown,Weather,Stable,Budget,,,,False
4350,2024-08-05,97,360,37.53,True,Festival,Weather,Decreasing,Budget,,,,False
5646,2024-10-14,37,152,87.82,True,Holiday,Weather,Stable,Budget,,,,False
4187,2024-07-22,91,247,73.75,False,Festival,Weather,Increasing,Budget,,,,False
9243,2024-03-19,30,389,73.02,True,Unknown,Unknown,Decreasing,Budget,,,,False
6361,2024-03-01,28,463,23.15,False,Holiday,Economic Indicator,Decreasing,Budget,,,,False
1859,2024-02-22,7,330,73.12,False,Unknown,Unknown,Stable,Regular,,,,False
6343,2024-03-01,98,95,13.18,True,Unknown,Competitor Pricing,Increasing,Premium,,,,False
2734,2024-09-26,91,377,57.86,False,Unknown,Weather,Increasing,Regular,,,,False
9806,2024-03-20,82,328,53.65,False,Unknown,Weather,Stable,Budget,,,,False
4566,2024-06-22,37,212,43.25,True,Festival,Unknown,Increasing,Budget,,,,False
4733,2024-08-30,62,107,97.14,False,Holiday,Economic Indicator,Decreasing,Premium,,,,False
8378,2024-01-04,89,26,86.4,False,Festival,Economic Indicator,Decreasing,Premium,,,,False
6672,2024-09-08,15,492,14.47,True,Holiday,Economic Indicator,Decreasing,Regular,,,,False
1845,2024-10-12,60,126,95.23,False,Festival,Competitor Pricing,Decreasing,Premium,,,,False
6682,2024-01-23,65,390,23.61,False,Festival,Weather,Stable,Premium,,,,False
1437,2024-04-14,70,188,62.44,True,Unknown,Unknown,Decreasing,Premium,,,,False
8023,2024-05-03,11,229,49.44,True,Unknown,Economic Indicator,Decreasing,Premium,,,,False
6904,2024-12-04,99,471,52.82,True,Holiday,Competitor Pricing,Decreasing,Premium,,,,False
7564,2024-07-29,50,100,61.38,True,Holiday,Weather,Stable,Budget,,,,False
6990,2024-02-29,21,133,27.76,True,Unknown,Economic Indicator,Increasing,Budget,,,,False
9282,2024-10-26,98,391,45.77,True,Unknown,Unknown,Stable,Budget,,,,False
4315,2024-08-02,77,124,75.38,True,Unknown,Economic Indicator,Decreasing,Budget,,,,False
5663,2024-03-05,8,292,62.89,True,Unknown,Weather,Decreasing,Premium,,,,False
9164,2024-12-14,12,123,21.13,False,Festival,Weather,Stable,Budget,,,,False
5907,2024-09-23,42,469,77.48,True,Unknown,Unknown,Decreasing,Premium,,,,False
5546,2024-03-19,80,260,66.84,False,Holiday,Competitor Pricing,Decreasing,Premium,,,,False
9953,2024-12-03,19,230,11.92,False,Festival,Economic Indicator,Increasing,Budget,,,,False
2895,2024-06-20,73,304,71.72,True,Festival,Economic Indicator,Stable,Regular,,,,False
7175,2024-09-23,8,136,49.97,False,Unknown,Competitor Pricing,Increasing,Regular,,,,False
5201,2024-02-03,7,300,98.58,False,Festival,Weather,Stable,Regular,,,,False
4508,2024-03-28,74,471,93.24,False,Unknown,Competitor Pricing,Increasing,Regular,,,,False
7686,2024-01-25,45,350,43.62,False,Holiday,Unknown,Increasing,Premium,,,,False
2225,2024-07-26,22,464,6.16,True,Unknown,Weather,Decreasing,Budget,,,,False
7808,2024-12-16,71,205,48.77,True,Festival,Unknown,Increasing,Budget,,,,False
4180,2024-05-09,58,18,7.72,False,Festival,Competitor Pricing,Decreasing,Budget,,,,False
3988,2024-09-14,30,9,71.19,False,Unknown,Economic Indicator,Increasing,Budget,,,,False
8447,2024-05-26,68,393,7.7,False,Holiday,Unknown,Stable,Premium,,,,False
1212,2024-09-11,66,47,5.05,False,Holiday,Economic Indicator,Stable,Regular,,,,False
3620,2024-03-24,59,202,81.96,True,Unknown,Economic Indicator,Decreasing,Premium,,,,False
2032,2024-03-06,83,65,52.86,False,Festival,Unknown,Stable,Budget,,,,False
9614,2024-12-25,97,89,81.98,True,Holiday,Economic Indicator,Stable,Budget,,,,False
8350,2024-12-28,69,130,90.89,True,Holiday,Weather,Stable,Regular,,,,False
2566,2024-08-02,28,286,74.01,False,Unknown,Economic Indicator,Stable,Regular,,,,False
3714,2024-07-30,33,287,7.06,True,Festival,Weather,Decreasing,Premium,,,,False
3040,2024-03-26,98,84,81.6,False,Holiday,Economic Indicator,Increasing,Premium,,,,False
7373,2024-09-29,5,316,60.73,True,Holiday,Weather,Decreasing,Regular,,,,False
8761,2024-12-14,98,90,61.44,False,Unknown,Economic Indicator,Decreasing,Premium,,,,False
4839,2024-04-20,80,313,20.11,False,Holiday,Weather,Increasing,Budget,,,,False
2599,2024-07-27,24,252,90.81,False,Festival,Economic Indicator,Decreasing,Budget,,,,False
6678,2024-06-22,47,123,8.49,False,Festival,Competitor Pricing,Increasing,Regular,,,,False
5788,2024-01-17,20,438,72.95,False,Festival,Economic Indicator,Decreasing,Premium,,,,False
4988,2024-09-22,80,161,26.56,False,Holiday,Weather,Decreasing,Regular,,,,False
5095,2024-10-04,88,455,17.94,False,Unknown,Weather,Decreasing,Premium,,,,False
2392,2024-09-28,6,265,71.37,False,Festival,Economic Indicator,Decreasing,Premium,,,,False
9952,2024-07-08,33,147,88.36,True,Unknown,Weather,Decreasing,Premium,,,,False
8277,2024-01-16,52,215,91.91,False,Holiday,Competitor Pricing,Increasing,Premium,,,,False
1055,2024-08-19,96,290,84.25,True,Holiday,Economic Indicator,Stable,Premium,,,,False
8364,2024-01-30,4,451,66.79,True,Holiday,Unknown,Decreasing,Premium,,,,False
2319,2024-06-08,61,204,91.79,True,Festival,Unknown,Increasing,Regular,,,,False
8349,2024-09-09,2,217,57.67,True,Holiday,Weather,Increasing,Regular,,,,False
2551,2024-06-10,14,370,74.67,False,Holiday,Weather,Stable,Budget,,,,False
4348,2024-06-06,82,216,66.64,True,Festival,Weather,Stable,Regular,69.06,29.4,1.6,True
6561,2024-04-01,10,251,26.3,True,Unknown,Economic Indicator,Decreasing,Regular,,,,False
6327,2024-07-03,87,233,71.61,True,Festival,Competitor Pricing,Decreasing,Budget,,,,False
7852,2024-07-01,35,259,19.95,False,Unknown,Economic Indicator,Decreasing,Regular,,,,False
8307,2024-12-13,96,303,49.47,False,Holiday,Economic Indicator,Increasing,Regular,,,,False
1855,2024-02-13,86,138,92.12,True,Unknown,Weather,Stable,Premium,,,,False
8705,2024-08-03,2,419,80.92,True,Unknown,Economic Indicator,Increasing,Premium,,,,False
2975,2024-11-01,49,151,58.09,True,Holiday,Competitor Pricing,Stable,Budget,,,,False
4773,2024-02-13,11,86,67.17,True,Festival,Competitor Pricing,Decreasing,Budget,,,,False
4904,2024-09-23,31,215,36.99,False,Unknown,Weather,Decreasing,Regular,,,,False
9737,2024-09-06,90,250,63.14,True,Unknown,Economic Indicator,Increasing,Regular,,,,False
6343,2024-01-18,11,456,88.19,False,Festival,Weather,Increasing,Budget,,,,False
8716,2024-01-09,73,166,32.58,False,Festival,Competitor Pricing,Increasing,Regular,,,,False
2785,2024-11-28,51,74,8.39,False,Festival,Economic Indicator,Decreasing,Regular,,,,False
3900,2024-03-23,84,76,19.17,True,Holiday,Economic Indicator,Increasing,Regular,,,,False
1428,2024-01-16,39,221,64.81,False,Unknown,Weather,Stable,Premium,,,,False
6674,2024-07-19,16,475,60.02,True,Festival,Economic Indicator,Increasing,Budget,,,,False
2799,2024-03-07,87,485,74.37,True,Festival,Weather,Decreasing,Regular,,,,False
5616,2024-11-08,17,390,42.19,True,Holiday,Weather,Decreasing,Budget,,,,False
4892,2024-03-01,87,464,26.95,False,Unknown,Weather,Decreasing,Premium,,,,False
1869,2024-01-03,71,266,72.58,False,Holiday,Weather,Increasing,Regular,,,,False
2736,2024-02-21,20,447,87.74,True,Holiday,Unknown,Increasing,Budget,85.48,55.14,0.84,True
1427,2024-09-13,39,421,99.72,True,Festival,Unknown,Increasing,Premium,,,,False
9254,2024-12-04,87,286,12.54,True,Unknown,Economic Indicator,Stable,Regular,,,,False
6500,2024-04-30,61,174,30.26,True,Holiday,Economic Indicator,Decreasing,Budget,,,,False
5235,2024-04-15,80,42,52.92,True,Unknown,Unknown,Decreasing,Budget,,,,False
1205,2024-07-22,27,188,15.03,False,Holiday,Unknown,Stable,Budget,,,,False
3679,2024-05-29,65,76,58.81,True,Unknown,Competitor Pricing,Decreasing,Regular,,,,False
2860,2024-05-29,59,395,88.04,False,Holiday,Economic Indicator,Stable,Regular,,,,False
9730,2024-08-08,89,336,52.24,False,Unknown,Competitor Pricing,Increasing,Budget,,,,False
4695,2024-11-09,62,345,77.46,True,Festival,Weather,Decreasing,Premium,,,,False
8458,2024-09-20,28,384,86.09,True,Festival,Economic Indicator,Stable,Premium,,,,False
9093,2024-05-12,64,256,40.37,False,Festival,Competitor Pricing,Increasing,Premium,,,,False
2573,2024-05-29,86,36,8.31,True,Unknown,Unknown,Decreasing,Regular,,,,False
1581,2024-12-05,74,174,15.12,False,Festival,Weather,Stable,Premium,,,,False
7733,2024-05-21,99,61,77.98,True,Unknown,Weather,Stable,Regular,,,,False
9892,2024-01-23,36,194,53.45,True,Unknown,Economic Indicator,Increasing,Budget,,,,False
4778,2024-02-10,90,133,11.81,False,Holiday,Unknown,Increasing,Regular,,,,False
3405,2024-02-09,57,255,88.98,True,Festival,Unknown,Decreasing,Premium,,,,False
6734,2024-10-22,91,150,59.22,False,Festival,Economic Indicator,Decreasing,Regular,,,,False
2356,2024-04-20,22,251,7.2,False,Festival,Unknown,Decreasing,Premium,,,,False
5182,2024-02-22,98,112,71.5,True,Festival,Unknown,Stable,Budget,,,,False
9098,2024-09-16,71,39,16.74,True,Festival,Unknown,Decreasing,Budget,,,,False
4375,2024-09-19,97,150,23.16,False,Unknown,Competitor Pricing,Increasing,Budget,,,,False
8197,2024-07-05,79,33,81.28,True,Holiday,Competitor Pricing,Stable,Budget,,,,False
6018,2024-11-08,9,56,6.49,True,Festival,Weather,Stable,Regular,,,,False
2484,2024-06-27,97,82,97.75,False,Holiday,Weather,Stable,Budget,,,,False
2123,2024-08-14,34,250,39.7,True,Festival,Economic Indicator,Stable,Premium,,,,False
3365,2024-10-10,9,303,21.86,False,Unknown,Unknown,Increasing,Budget,,,,False
2581,2024-01-15,70,20,47.38,True,Unknown,Weather,Increasing,Budget,,,,False
6618,2024-06-16,57,164,12.82,True,Unknown,Economic Indicator,Stable,Premium,,,,False
9089,2024-02-10,98,212,52.26,False,Festival,Competitor Pricing,Decreasing,Premium,,,,False
3868,2024-08-04,19,256,42.19,True,Festival,Unknown,Increasing,Premium,,,,False
1867,2024-10-28,82,167,31.82,True,Unknown,Weather,Increasing,Budget,,,,False
1557,2024-10-30,19,127,30.22,False,Festival,Competitor Pricing,Decreasing,Regular,,,,False
7860,2024-10-11,69,44,70.91,False,Holiday,Economic Indicator,Stable,Premium,,,,False
9279,2024-08-07,95,177,32.51,True,Holiday,Weather,Increasing,Regular,,,,False
7857,2024-09-23,52,364,64.16,True,Holiday,Weather,Increasing,Premium,,,,False
7034,2024-02-15,76,324,95.84,False,Holiday,Economic Indicator,Increasing,Budget,,,,False
7323,2024-03-26,41,221,89.09,True,Holiday,Weather,Decreasing,Regular,,,,False
8678,2024-09-01,85,123,89.24,True,Holiday,Weather,Stable,Budget,,,,False
7062,2024-11-06,81,89,53.31,False,Festival,Weather,Increasing,Budget,,,,False
2313,2024-11-20,36,276,90.44,False,Holiday,Economic Indicator,Stable,Budget,,,,False
5861,2024-03-28,36,17,81.55,False,Unknown,Weather,Stable,Premium,,,,False
5652,2024-08-31,98,368,33.63,False,Unknown,Economic Indicator,Increasing,Regular,,,,False
3754,2024-06-17,12,353,49.8,False,Festival,Competitor Pricing,Increasing,Budget,,,,False
7561,2024-01-28,24,100,40.63,True,Holiday,Weather,Increasing,Budget,,,,False
1274,2024-07-21,1,103,36.66,False,Festival,Economic Indicator,Increasing,Regular,,,,False
5410,2024-05-12,85,37,6.83,True,Holiday,Unknown,Stable,Regular,,,,False
6901,2024-11-25,93,414,85.88,False,Holiday,Economic Indicator,Decreasing,Budget,,,,False
3847,2024-06-04,28,237,77.97,False,Festival,Weather,Stable,Premium,,,,False
9229,2024-03-23,54,21,41.08,False,Festival,Competitor Pricing,Increasing,Budget,,,,False
4639,2024-08-11,65,197,18.63,True,Holiday,Unknown,Increasing,Regular,,,,False
6807,2024-01-26,83,58,95.71,True,Unknown,Economic Indicator,Stable,Budget,,,,False
4901,2024-10-11,67,333,46.4,False,Holiday,Unknown,Decreasing,Premium,,,,False
6027,2024-03-06,30,485,87.26,False,Festival,Weather,Increasing,Premium,,,,False
3278,2024-12-28,29,207,84.62,False,Unknown,Competitor Pricing,Decreasing,Regular,,,,False
1076,2024-12-07,63,43,17.41,True,Holiday,Economic Indicator,Increasing,Budget,,,,False
8449,2024-09-06,73,418,61.19,True,Holiday,Competitor Pricing,Decreasing,Premium,,,,False
3780,2024-12-16,3,259,88.26,True,Holiday,Weather,Stable,Premium,,,,False
6317,2024-06-18,9,484,63.28,True,Festival,Unknown,Stable,Regular,,,,False
4093,2024-12-07,50,160,67.46,False,Unknown,Competitor Pricing,Decreasing,Regular,,,,False
2827,2024-05-13,84,184,17.71,False,Holiday,Competitor Pricing,Increasing,Regular,43.88,80.85,1.34,True
3064,2024-06-16,97,388,78.73,True,Festival,Weather,Decreasing,Premium,,,,False
2442,2024-10-20,13,221,36.21,False,Holiday,Unknown,Stable,Budget,,,,False
8236,2024-08-31,25,453,99.82,False,Festival,Competitor Pricing,Increasing,Regular,,,,False
6724,2024-10-03,61,483,92.33,True,Unknown,Unknown,Increasing,Regular,,,,False
3454,2024-06-12,42,74,21.23,True,Unknown,Weather,Stable,Regular,,,,False
2928,2024-03-17,99,95,84.09,False,Unknown,Competitor Pricing,Decreasing,Regular,,,,False
1206,2024-03-30,38,287,89.42,True,Unknown,Weather,Increasing,Premium,,,,False
9189,2024-09-02,51,221,12.28,False,Festival,Unknown,Increasing,Regular,,,,False
1084,2024-09-08,72,475,24.92,False,Festival,Competitor Pricing,Decreasing,Premium,,,,False
3610,2024-09-03,42,8,53.99,False,Unknown,Competitor Pricing,Stable,Budget,,,,False
8869,2024-05-07,68,381,7.63,False,Holiday,Unknown,Increasing,Budget,,,,False
6085,2024-08-05,84,379,82.94,True,Unknown,Unknown,Increasing,Regular,,,,False
8872,2024-04-27,1,193,57.62,True,Festival,Competitor Pricing,Increasing,Regular,,,,False
8246,2024-07-08,82,359,74.61,False,Unknown,Economic Indicator,Decreasing,Regular,,,,False
4595,2024-07-29,39,8,70.28,True,Festival,Weather,Stable,Premium,,,,False
1358,2024-03-31,40,306,56.47,True,Holiday,Weather,Stable,Premium,,,,False
6740,2024-02-19,26,279,33.86,True,Holiday,Weather,Stable,Regular,,,,False
4222,2024-08-20,5,253,97.23,False,Holiday,Unknown,Increasing,Regular,,,,False
2878,2024-01-11,34,412,64.12,True,Unknown,Unknown,Increasing,Budget,,,,False
9645,2024-04-16,37,337,24.52,True,Festival,Weather,Decreasing,Regular,,,,False
4091,2024-01-05,59,405,11.34,False,Holiday,Weather,Decreasing,Budget,,,,False
2021,2024-03-03,61,329,28.97,True,Unknown,Unknown,Decreasing,Budget,,,,False
3798,2024-06-14,81,412,12.34,True,Holiday,Economic Indicator,Increasing,Premium,,,,False
2453,2024-06-03,45,60,31.01,True,Unknown,Unknown,Stable,Budget,,,,False
1801,2024-07-13,27,111,81.97,True,Holiday,Economic Indicator,Decreasing,Premium,,,,False
1465,2024-06-09,58,111,49.09,False,Holiday,Weather,Stable,Budget,,,,False
6473,2024-08-31,79,345,64.36,False,Festival,Unknown,Increasing,Regular,,,,False
4423,2024-03-02,34,328,59.57,True,Unknown,Unknown,Decreasing,Regular,,,,False
6885,2024-12-25,64,350,66.3,True,Festival,Economic Indicator,Stable,Budget,,,,False
4874,2024-03-26,33,356,37.04,True,Holiday,Weather,Stable,Regular,,,,False
8351,2024-03-23,72,259,73.65,False,Unknown,Economic Indicator,Stable,Premium,,,,False
5995,2024-02-23,77,175,95.18,True,Festival,Competitor Pricing,Increasing,Regular,,,,False
5340,2024-05-16,20,177,27.64,True,Holiday,Competitor Pricing,Stable,Premium,,,,False
7948,2024-03-16,20,377,46.73,True,Holiday,Weather,Decreasing,Budget,,,,False
4225,2024-01-05,16,358,42.28,True,Unknown,Economic Indicator,Increasing,Premium,,,,False
7462,2024-02-16,27,478,20.53,False,Unknown,Competitor Pricing,Stable,Premium,,,,False
3224,2024-02-06,36,426,71.47,True,Festival,Competitor Pricing,Stable,Premium,,,,False
5602,2024-09-28,82,481,34.83,True,Unknown,Unknown,Increasing,Budget,,,,False
5136,2024-06-07,35,159,74.18,True,Holiday,Unknown,Stable,Premium,,,,False
4770,2024-12-18,47,174,90.66,False,Unknown,Unknown,Increasing,Premium,,,,False
4222,2024-09-11,57,466,91.94,False,Unknown,Unknown,Stable,Regular,,,,False
4017,2024-03-09,53,160,50.24,True,Unknown,Unknown,Stable,Budget,,,,False
7474,2024-05-08,70,62,40.22,True,Holiday,Economic Indicator,Increasing,Premium,,,,False
3778,2024-04-26,33,82,43.29,True,Holiday,Economic Indicator,Increasing,Budget,,,,False
8784,2024-05-02,94,39,81.9,True,Holiday,Competitor Pricing,Stable,Regular,,,,False
6549,2024-09-07,70,411,24.48,True,Holiday,Competitor Pricing,Stable,Budget,,,,False
6233,2024-12-28,78,449,31.1,False,Unknown,Competitor Pricing,Decreasing,Budget,,,,False
5552,2024-11-08,91,145,76.52,True,Festival,Weather,Increasing,Budget,,,,False
9638,2024-01-27,60,99,41.07,False,Unknown,Economic Indicator,Stable,Premium,,,,False
5270,2024-04-20,41,445,85.93,False,Unknown,Economic Indicator,Increasing,Budget,,,,False
5694,2024-02-22,95,84,62.5,True,Festival,Economic Indicator,Increasing,Budget,,,,False
6539,2024-07-11,22,45,92.62,True,Holiday,Weather,Decreasing,Regular,,,,False
1669,2024-12-14,48,182,78.57,True,Festival,Competitor Pricing,Increasing,Premium,,,,False
2311,2024-07-20,38,222,41.32,True,Unknown,Competitor Pricing,Decreasing,Budget,,,,False
5122,2024-01-21,72,494,26.63,True,Unknown,Unknown,Increasing,Premium,,,,False
9453,2024-12-08,80,461,91.05,True,Festival,Weather,Increasing,Regular,,,,False
8627,2024-07-26,29,342,98.59,True,Holiday,Competitor Pricing,Decreasing,Premium,,,,False
2862,2024-09-19,35,247,26.04,True,Holiday,Economic Indicator,Increasing,Budget,,,,False
4195,2024-03-03,51,167,80.53,True,Festival,Weather,Decreasing,Regular,,,,False
3944,2024-09-26,52,422,6.06,True,Unknown,Economic Indicator,Decreasing,Regular,,,,False
8070,2024-09-08,85,17,6.34,True,Holiday,Economic Indicator,Increasing,Premium,,,,False
8850,2024-02-01,23,5,7.34,True,Festival,Weather,Increasing,Budget,,,,False
4422,2024-12-01,95,463,64.52,True,Holiday,Weather,Decreasing,Budget,,,,False
5845,2024-07-27,60,340,52.93,True,Festival,Economic Indicator,Increasing,Premium,,,,False
9398,2024-09-30,61,67,31.63,False,Unknown,Weather,Decreasing,Regular,,,,False
1035,2024-04-14,25,105,40.47,True,Holiday,Weather,Stable,Budget,,,,False
6977,2024-11-20,55,224,58.17,True,Festival,Competitor Pricing,Decreasing,Premium,,,,False
3650,2024-02-20,38,472,73.87,False,Holiday,Unknown,Stable,Budget,,,,False
6782,2024-11-10,65,6,47.92,False,Holiday,Weather,Stable,Budget,,,,False
1362,2024-02-19,13,463,24.99,True,Holiday,Weather,Stable,Budget,,,,False
3813,2024-10-01,7,188,25.1,False,Holiday,Competitor Pricing,Stable,Budget,,,,False
2118,2024-02-08,90,209,52.14,True,Unknown,Unknown,Stable,Budget,,,,False
9215,2024-06-29,15,206,71.41,True,Unknown,Competitor Pricing,Stable,Regular,,,,False
2286,2024-12-15,61,417,10.99,True,Unknown,Unknown,Increasing,Regular,,,,False
7705,2024-01-31,3,342,99.85,False,Festival,Weather,Decreasing,Regular,,,,False
9666,2024-06-30,73,361,11.44,True,Unknown,Economic Indicator,Decreasing,Premium,,,,False
4759,2024-10-28,3,256,36.64,False,Unknown,Competitor Pricing,Stable,Budget,,,,False
2450,2024-11-01,44,243,52.82,True,Holiday,Economic Indicator,Increasing,Premium,,,,False
8998,2024-04-13,73,255,24.52,False,Unknown,Weather,Increasing,Regular,,,,False
2191,2024-07-27,47,457,18.19,False,Unknown,Economic Indicator,Increasing,Premium,,,,False
8563,2024-03-05,80,75,52.7,True,Festival,Weather,Decreasing,Premium,,,,False
6717,2024-01-01,39,64,53.93,False,Holiday,Weather,Increasing,Budget,,,,False
8015,2024-11-18,54,391,82.56,False,Unknown,Unknown,Increasing,Regular,,,,False
3587,2024-05-07,76,128,77.75,True,Festival,Economic Indicator,Decreasing,Budget,,,,False
9093,2024-03-13,37,140,35.18,False,Holiday,Economic Indicator,Stable,Budget,,,,False
1403,2024-08-07,89,189,75.94,True,Unknown,Weather,Stable,Budget,,,,False
9219,2024-11-19,93,190,26.8,True,Holiday,Competitor Pricing,Stable,Budget,,,,False
5003,2024-03-09,76,191,75.3,False,Festival,Competitor Pricing,Increasing,Premium,,,,False
9647,2024-01-20,13,350,96.39,True,Holiday,Weather,Increasing,Regular,,,,False
4248,2024-06-01,75,348,70.66,False,Unknown,Unknown,Increasing,Budget,,,,False
9138,2024-09-15,26,221,80.97,False,Holiday,Weather,Decreasing,Regular,,,,False
2457,2024-02-03,8,105,55.85,False,Holiday,Competitor Pricing,Stable,Premium,,,,False
9527,2024-02-22,36,415,61.43,True,Holiday,Competitor Pricing,Increasing,Regular,,,,False
3895,2024-04-12,28,146,41.68,False,Festival,Economic Indicator,Increasing,Budget,,,,False
4170,2024-09-06,82,271,63.27,True,Unknown,Competitor Pricing,Stable,Premium,,,,False
6519,2024-01-18,94,349,65.56,False,Unknown,Economic Indicator,Decreasing,Regular,,,,False
6193,2024-08-01,68,243,97.69,True,Unknown,Unknown,Stable,Premium,,,,False
8077,2024-08-24,75,142,81.9,True,Unknown,Economic Indicator,Increasing,Budget,,,,False
4794,2024-01-26,16,463,44.92,False,Unknown,Economic Indicator,Decreasing,Premium,,,,False
2673,2024-02-29,87,470,25.42,False,Unknown,Unknown,Stable,Budget,,,,False
4536,2024-07-08,58,226,20.94,False,Unknown,Competitor Pricing,Increasing,Budget,,,,False
8635,2024-03-19,32,133,87.09,False,Unknown,Unknown,Decreasing,Premium,,,,False
2066,2024-10-21,39,373,6.49,True,Festival,Economic Indicator,Decreasing,Regular,,,,False
3354,2024-06-13,44,167,74.86,False,Unknown,Weather,Increasing,Premium,,,,False
2136,2024-04-08,63,41,39.38,True,Festival,Economic Indicator,Decreasing,Regular,,,,False
1453,2024-05-20,79,290,37.4,True,Holiday,Competitor Pricing,Increasing,Budget,,,,False
3950,2024-12-08,22,39,46.17,True,Holiday,Economic Indicator,Decreasing,Premium,,,,False
1080,2024-08-07,91,123,10.41,False,Unknown,Unknown,Stable,Budget,,,,False
2082,2024-03-09,38,194,52.62,True,Holiday,Unknown,Stable,Regular,,,,False
4016,2024-02-12,6,328,27.76,False,Unknown,Unknown,Increasing,Regular,,,,False
6366,2024-12-24,52,475,8.31,True,Unknown,Weather,Increasing,Regular,,,,False
4663,2024-05-11,73,420,99.3,False,Unknown,Weather,Stable,Premium,,,,False
7571,2024-05-08,12,489,6.5,False,Unknown,Unknown,Stable,Premium,,,,False
8803,2024-04-30,1,357,20.68,True,Holiday,Weather,Stable,Budget,,,,False
8313,2024-12-08,16,77,39.12,False,Holiday,Economic Indicator,Stable,Budget,,,,False
6022,2024-10-11,71,119,52.96,False,Festival,Unknown,Stable,Premium,,,,False
5655,2024-07-12,92,465,84.2,False,Holiday,Economic Indicator,Stable,Premium,,,,False
9303,2024-07-02,27,196,12.26,True,Holiday,Weather,Decreasing,Regular,,,,False
6143,2024-10-19,47,467,88.83,True,Holiday,Competitor Pricing,Decreasing,Premium,53.07,30.84,2.49,True
1947,2024-03-08,99,335,7.34,False,Holiday,Weather,Decreasing,Premium,,,,False
3625,2024-12-22,93,236,89.63,True,Festival,Weather,Stable,Regular,,,,False
4914,2024-10-04,71,66,56.29,True,Unknown,Competitor Pricing,Stable,Budget,,,,False
4398,2024-07-28,62,364,10.58,True,Festival,Competitor Pricing,Decreasing,Regular,,,,False
4466,2024-07-03,52,324,55.48,True,Holiday,Economic Indicator,Increasing,Budget,,,,False
8668,2024-03-01,99,251,86.81,False,Holiday,Competitor Pricing,Decreasing,Regular,,,,False
2067,2024-10-25,70,354,48.88,True,Festival,Weather,Decreasing,Premium,,,,False
8883,2024-04-16,39,328,44.57,True,Unknown,Weather,Decreasing,Premium,,,,False
2785,2024-06-21,41,479,73.31,False,Unknown,Economic Indicator,Stable,Regular,,,,False
3049,2024-05-27,67,166,84.56,True,Holiday,Competitor Pricing,Decreasing,Premium,,,,False
7513,2024-08-11,59,136,31.09,False,Holiday,Competitor Pricing,Increasing,Budget,,,,False
9456,2024-08-18,37,172,8.09,False,Unknown,Competitor Pricing,Decreasing,Premium,,,,False
1098,2024-09-04,27,268,38.17,True,Unknown,Competitor Pricing,Stable,Budget,,,,False
6684,2024-08-10,83,415,59.48,False,Festival,Competitor Pricing,Decreasing,Premium,,,,False
2314,2024-12-02,25,53,21.59,True,Holiday,Economic Indicator,Stable,Budget,,,,False
5563,2024-08-02,29,298,46.17,False,Unknown,Competitor Pricing,Stable,Premium,,,,False
5323,2024-07-15,70,460,16.54,True,Festival,Weather,Increasing,Regular,,,,False
9803,2024-09-12,64,161,18.51,True,Unknown,Weather,Stable,Regular,,,,False
4690,2024-08-01,79,37,35.35,False,Holiday,Competitor Pricing,Decreasing,Premium,,,,False
2897,2024-06-12,26,8,17.13,False,Holiday,Unknown,Stable,Regular,,,,False
4883,2024-12-14,56,139,63.19,False,Festival,Competitor Pricing,Increasing,Premium,,,,False
9448,2024-11-21,68,395,98.71,True,Unknown,Economic Indicator,Stable,Budget,,,,False
4531,2024-03-07,22,168,13.58,False,Unknown,Weather,Stable,Premium,,,,False
7925,2024-06-16,49,93,14.93,True,Holiday,Competitor Pricing,Increasing,Premium,,,,False
6837,2024-08-20,29,131,48.8,True,Holiday,Weather,Increasing,Budget,,,,False
7607,2024-02-07,90,313,53.76,False,Holiday,Economic Indicator,Increasing,Budget,,,,False
9725,2024-01-03,40,230,29.55,True,Festival,Weather,Decreasing,Regular,,,,False
3383,2024-02-05,23,174,88.28,False,Festival,Weather,Stable,Budget,,,,False
3032,2024-11-22,94,52,75.75,False,Festival,Weather,Stable,Budget,,,,False
1777,2024-05-30,15,17,48.67,True,Festival,Competitor Pricing,Increasing,Regular,,,,False
7615,2024-11-16,34,327,36.0,True,Festival,Weather,Stable,Budget,,,,False
6833,2024-10-18,27,261,28.02,False,Festival,Competitor Pricing,Stable,Regular,,,,False
7006,2024-11-05,89,118,60.42,False,Unknown,Economic Indicator,Increasing,Budget,,,,False
2901,2024-04-17,31,45,87.13,True,Festival,Competitor Pricing,Increasing,Premium,,,,False
9669,2024-12-10,49,27,47.35,True,Festival,Economic Indicator,Decreasing,Budget,,,,False
3740,2024-09-14,71,462,16.51,True,Holiday,Competitor Pricing,Increasing,Regular,,,,False
8012,2024-01-25,7,130,58.57,False,Holiday,Economic Indicator,Decreasing,Budget,,,,False
5023,2024-05-17,1,430,61.88,False,Unknown,Weather,Decreasing,Budget,,,,False
3448,2024-08-27,80,195,80.52,False,Unknown,Weather,Decreasing,Premium,,,,False
3114,2024-02-23,52,311,77.91,False,Holiday,Competitor Pricing,Decreasing,Budget,,,,False
3585,2024-05-25,31,426,46.04,True,Holiday,Weather,Increasing,Premium,,,,False
9095,2024-01-14,98,320,22.89,False,Festival,Unknown,Decreasing,Budget,,,,False
1995,2024-10-03,16,140,51.74,True,Holiday,Unknown,Stable,Budget,,,,False
5299,2024-09-24,85,363,50.52,True,Unknown,Weather,Increasing,Regular,,,,False
8460,2024-11-25,92,19,18.07,True,Unknown,Weather,Decreasing,Premium,,,,False
5904,2024-08-12,12,251,14.92,True,Unknown,Unknown,Decreasing,Regular,,,,False
8858,2024-07-16,37,288,73.66,False,Unknown,Weather,Increasing,Regular,,,,False
4901,2024-03-30,90,121,76.17,True,Unknown,Weather,Increasing,Premium,,,,False
3350,2024-11-14,6,252,96.3,False,Festival,Competitor Pricing,Increasing,Premium,,,,False
7063,2024-04-28,97,496,72.91,False,Festival,Economic Indicator,Stable,Premium,,,,False
9952,2024-05-07,17,98,37.13,True,Holiday,Unknown,Decreasing,Budget,,,,False
9577,2024-09-02,12,351,82.07,True,Unknown,Competitor Pricing,Stable,Regular,,,,False
5051,2024-04-09,84,326,19.85,False,Unknown,Economic Indicator,Increasing,Regular,,,,False
1962,2024-10-10,33,66,22.03,True,Unknown,Competitor Pricing,Stable,Regular,,,,False
2223,2024-01-27,96,232,60.5,True,Holiday,Economic Indicator,Decreasing,Premium,,,,False
3525,2024-05-02,33,398,5.67,True,Unknown,Economic Indicator,Increasing,Budget,,,,False
9311,2024-07-11,13,336,77.36,False,Festival,Economic Indicator,Stable,Premium,,,,False
3773,2024-11-29,53,147,38.07,True,Unknown,Weather,Increasing,Budget,,,,False
2688,2024-02-23,62,69,93.88,True,Holiday,Unknown,Increasing,Budget,,,,False
2204,2024-11-22,65,302,31.96,False,Unknown,Weather,Stable,Regular,,,,False
6239,2024-08-15,85,2,28.58,False,Festival,Weather,Stable,Regular,,,,False
5900,2024-10-25,73,263,65.36,True,Holiday,Economic Indicator,Stable,Premium,,,,False
6925,2024-01-04,50,376,58.1,True,Festival,Economic Indicator,Decreasing,Budget,,,,False
8622,2024-06-25,36,26,41.54,False,Festival,Weather,Increasing,Regular,,,,False
5623,2024-03-28,99,285,59.85,False,Holiday,Unknown,Decreasing,Premium,,,,False
1003,2024-03-27,40,400,64.57,True,Holiday,Economic Indicator,Decreasing,Regular,,,,False
4849,2024-02-16,7,238,14.32,True,Unknown,Unknown,Increasing,Premium,,,,False
9147,2024-09-08,86,205,50.84,False,Holiday,Economic Indicator,Decreasing,Regular,,,,False
1980,2024-12-11,73,320,8.78,True,Festival,Competitor Pricing,Increasing,Premium,,,,False
4397,2024-03-20,77,206,16.21,False,Festival,Economic Indicator,Stable,Regular,,,,False
3798,2024-10-19,75,19,83.12,False,Holiday,Unknown,Decreasing,Premium,,,,False
4819,2024-03-05,3,432,91.73,True,Festival,Competitor Pricing,Decreasing,Budget,,,,False
9740,2024-03-24,56,269,49.52,False,Unknown,Competitor Pricing,Decreasing,Regular,,,,False
3364,2024-03-10,62,335,50.78,False,Unknown,Unknown,Stable,Regular,,,,False
7252,2024-01-11,73,133,14.21,True,Unknown,Competitor Pricing,Increasing,Premium,,,,False
8955,2024-04-18,52,417,34.65,True,Festival,Economic Indicator,Stable,Premium,,,,False
2975,2024-03-01,5,284,12.13,False,Holiday,Economic Indicator,Increasing,Premium,,,,False
6000,2024-07-10,15,228,7.67,False,Holiday,Economic Indicator,Increasing,Budget,,,,False
4964,2024-04-20,88,225,58.09,False,Holiday,Economic Indicator,Increasing,Premium,,,,False
1461,2024-03-08,27,260,34.22,True,Holiday,Economic Indicator,Decreasing,Premium,,,,False
7840,2024-03-02,89,244,57.44,True,Unknown,Economic Indicator,Stable,Budget,,,,False
7302,2024-08-26,95,362,45.74,False,Holiday,Unknown,Increasing,Budget,,,,False
6143,2024-02-16,97,238,37.24,True,Holiday,Unknown,Increasing,Premium,,,,False
2577,2024-05-18,74,237,35.26,False,Festival,Economic Indicator,Decreasing,Budget,,,,False
5684,2024-11-04,36,95,17.31,True,Unknown,Competitor Pricing,Increasing,Regular,,,,False
5456,2024-11-15,9,270,21.3,False,Unknown,Competitor Pricing,Stable,Regular,,,,False
8556,2024-11-03,3,469,28.08,True,Festival,Weather,Stable,Budget,,,,False
8519,2024-11-22,49,248,91.0,False,Festival,Economic Indicator,Increasing,Regular,,,,False
6487,2024-02-05,43,343,65.08,True,Festival,Weather,Decreasing,Budget,,,,False
9516,2024-01-02,21,499,51.95,False,Festival,Competitor Pricing,Increasing,Regular,,,,False
6212,2024-02-26,84,175,77.0,True,Holiday,Weather,Stable,Regular,,,,False
9691,2024-08-29,85,218,81.79,False,Festival,Unknown,Stable,Regular,,,,False
9186,2024-05-31,56,314,8.1,False,Festival,Weather,Decreasing,Regular,,,,False
3311,2024-01-11,36,420,46.38,False,Festival,Economic Indicator,Increasing,Budget,,,,False
1204,2024-07-07,64,180,83.59,True,Unknown,Unknown,Increasing,Regular,,,,False
2224,2024-10-22,56,62,9.75,True,Festival,Weather,Increasing,Regular,,,,False
1023,2024-03-09,8,89,60.95,True,Festival,Unknown,Increasing,Budget,,,,False
4836,2024-06-21,89,324,97.26,False,Holiday,Economic Indicator,Stable,Budget,,,,False
2389,2024-11-06,17,131,99.33,True,Holiday,Unknown,Increasing,Premium,,,,False
5820,2024-09-12,38,392,62.33,True,Unknown,Unknown,Stable,Regular,18.21,75.16,1.91,True
8698,2024-12-28,30,408,37.83,False,Unknown,Unknown,Stable,Premium,,,,False
1723,2024-10-16,19,342,85.53,True,Festival,Competitor Pricing,Stable,Premium,,,,False
5314,2024-11-16,82,78,98.83,True,Festival,Unknown,Decreasing,Budget,,,,False
9359,2024-08-27,60,159,5.05,False,Holiday,Weather,Increasing,Regular,,,,False
7483,2024-02-08,79,448,37.6,False,Holiday,Weather,Increasing,Regular,,,,False
1311,2024-06-29,2,416,96.13,True,Unknown,Competitor Pricing,Increasing,Budget,,,,False
1474,2024-03-10,56,145,46.46,True,Unknown,Competitor Pricing,Increasing,Budget,,,,False
9143,2024-11-07,17,76,31.75,False,Holiday,Unknown,Decreasing,Regular,,,,False
7625,2024-11-30,70,265,82.9,False,Holiday,Weather,Decreasing,Budget,,,,False
4252,2024-09-28,51,200,72.41,False,Festival,Weather,Increasing,Regular,,,,False
8006,2024-05-19,60,62,95.47,False,Holiday,Weather,Decreasing,Regular,,,,False
4605,2024-07-21,93,473,40.0,False,Unknown,Competitor Pricing,Stable,Budget,,,,False
5998,2024-09-28,71,99,38.51,True,Unknown,Weather,Decreasing,Budget,,,,False
2437,2024-06-08,92,379,96.73,False,Festival,Unknown,Stable,Premium,,,,False
9057,2024-05-08,3,7,90.4,True,Festival,Economic Indicator,Stable,Budget,,,,False
3996,2024-12-21,64,35,17.26,True,Festival,Economic Indicator,Stable,Budget,,,,False
3802,2024-05-07,60,178,6.5,False,Holiday,Economic Indicator,Decreasing,Regular,,,,False
8734,2024-02-06,68,220,86.36,False,Unknown,Unknown,Increasing,Budget,,,,False
1536,2024-04-22,89,40,12.59,True,Holiday,Weather,Increasing,Budget,,,,False
5725,2024-04-29,15,444,84.96,True,Holiday,Economic Indicator,Increasing,Regular,,,,False
7240,2024-12-09,76,371,96.03,False,Holiday,Competitor Pricing,Increasing,Regular,,,,False
1898,2024-09-30,90,345,23.14,True,Holiday,Unknown,Stable,Regular,,,,False
8433,2024-06-17,75,170,23.23,False,Unknown,Unknown,Stable,Premium,,,,False
9633,2024-09-22,80,295,17.51,True,Festival,Weather,Decreasing,Regular,,,,False
7569,2024-06-05,27,372,66.58,False,Unknown,Competitor Pricing,Increasing,Budget,,,,False
2252,2024-05-27,88,156,91.85,True,Festival,Weather,Stable,Budget,,,,False
3705,2024-06-17,73,351,79.28,True,Festival,Unknown,Increasing,Budget,,,,False
9549,2024-12-06,58,483,37.2,False,Unknown,Weather,Increasing,Premium,,,,False
1161,2024-08-31,15,104,52.64,False,Holiday,Economic Indicator,Decreasing,Budget,,,,False
9155,2024-06-27,54,338,48.12,True,Festival,Unknown,Increasing,Regular,,,,False
3741,2024-02-02,72,18,75.75,True,Festival,Unknown,Increasing,Regular,,,,False
9874,2024-01-17,53,67,68.44,True,Unknown,Unknown,Stable,Budget,,,,False
1109,2024-08-25,95,113,52.49,False,Holiday,Competitor Pricing,Increasing,Budget,,,,False
5691,2024-02-22,2,347,66.5,True,Holiday,Unknown,Stable,Budget,,,,False
3284,2024-06-15,9,423,97.34,True,Festival,Competitor Pricing,Stable,Regular,,,,False
2523,2024-08-18,49,363,7.78,True,Unknown,Competitor Pricing,Decreasing,Premium,,,,False
3332,2024-02-12,54,214,18.04,False,Unknown,Economic Indicator,Decreasing,Premium,,,,False
4989,2024-08-19,92,68,79.21,False,Holiday,Economic Indicator,Increasing,Regular,,,,False
6013,2024-04-18,38,325,60.02,False,Festival,Economic Indicator,Stable,Premium,,,,False
8370,2024-03-06,79,158,25.31,False,Holiday,Competitor Pricing,Decreasing,Budget,,,,False
2257,2024-07-10,9,396,71.85,False,Holiday,Competitor Pricing,Decreasing,Premium,,,,False
7046,2024-08-13,8,148,29.24,False,Festival,Competitor Pricing,Stable,Budget,,,,False
5074,2024-02-21,47,279,37.72,True,Unknown,Competitor Pricing,Stable,Premium,,,,False
2826,2024-08-28,86,320,5.03,True,Unknown,Economic Indicator,Increasing,Budget,,,,False
7666,2024-06-30,49,90,84.77,False,Festival,Weather,Stable,Budget,,,,False
5013,2024-09-28,68,185,81.65,False,Unknown,Weather,Decreasing,Budget,,,,False
5020,2024-05-10,54,26,21.81,False,Festival,Weather,Increasing,Budget,,,,False
2912,2024-06-23,76,75,69.29,False,Festival,Economic Indicator,Increasing,Premium,,,,False
1596,2024-06-14,38,63,41.35,False,Festival,Unknown,Decreasing,Premium,,,,False
4194,2024-10-19,6,414,63.88,True,Holiday,Competitor Pricing,Stable,Budget,,,,False
4484,2024-01-04,8,97,45.41,False,Festival,Unknown,Stable,Budget,,,,False
6797,2024-06-27,40,122,50.11,True,Holiday,Competitor Pricing,Stable,Premium,,,,False
6284,2024-10-31,82,36,15.19,False,Unknown,Unknown,Decreasing,Regular,,,,False
3567,2024-04-08,13,483,26.75,False,Unknown,Economic Indicator,Stable,Regular,,,,False
5561,2024-09-13,43,295,10.19,True,Festival,Competitor Pricing,Increasing,Regular,,,,False
3197,2024-09-01,45,241,85.95,True,Unknown,Weather,Decreasing,Regular,,,,False
5024,2024-11-18,2,76,52.42,False,Unknown,Economic Indicator,Stable,Regular,,,,False
5230,2024-12-16,47,483,65.78,True,Holiday,Unknown,Stable,Premium,,,,False
5907,2024-04-30,40,446,52.05,True,Holiday,Unknown,Stable,Budget,,,,False
1876,2024-03-18,40,106,85.04,True,Unknown,Competitor Pricing,Increasing,Premium,,,,False
8653,2024-10-26,48,421,38.58,True,Holiday,Economic Indicator,Stable,Budget,,,,False
3082,2024-12-17,50,280,27.27,False,Holiday,Competitor Pricing,Decreasing,Premium,,,,False
6087,2024-10-26,74,11,15.24,False,Holiday,Economic Indicator,Increasing,Regular,,,,False
8376,2024-11-18,10,200,99.62,True,Festival,Unknown,Increasing,Budget,,,,False
6638,2024-02-08,54,89,23.1,False,Holiday,Unknown,Decreasing,Budget,,,,False
5659,2024-07-04,55,32,58.68,False,Festival,Economic Indicator,Increasing,Budget,,,,False
7282,2024-06-05,53,486,29.19,False,Holiday,Economic Indicator,Decreasing,Budget,,,,False
6370,2024-08-02,53,408,73.87,False,Holiday,Weather,Increasing,Premium,,,,False
4643,2024-07-31,63,354,41.48,False,Holiday,Weather,Decreasing,Premium,,,,False
1543,2024-11-07,61,42,76.6,True,Holiday,Weather,Increasing,Budget,,,,False
3368,2024-09-06,75,467,27.26,True,Holiday,Economic Indicator,Stable,Premium,,,,False
2653,2024-03-03,35,299,14.84,False,Festival,Weather,Increasing,Premium,,,,False
7602,2024-06-17,95,283,39.03,False,Festival,Unknown,Increasing,Regular,,,,False
9089,2024-07-14,69,276,61.19,True,Holiday,Unknown,Decreasing,Budget,,,,False
9280,2024-04-23,76,53,79.39,True,Festival,Weather,Increasing,Regular,,,,False
2282,2024-01-21,26,304,36.42,True,Holiday,Unknown,Stable,Regular,,,,False
5483,2024-08-29,75,173,36.61,True,Holiday,Competitor Pricing,Stable,Regular,,,,False
3012,2024-10-11,50,108,91.48,False,Holiday,Economic Indicator,Stable,Budget,,,,False
5332,2024-09-05,82,434,46.93,True,Unknown,Weather,Decreasing,Budget,,,,False
7366,2024-01-22,96,292,65.23,False,Holiday,Competitor Pricing,Stable,Regular,,,,False
3900,2024-05-27,71,464,99.59,True,Holiday,Economic Indicator,Decreasing,Budget,,,,False
4393,2024-10-22,34,25,50.47,False,Holiday,Economic Indicator,Increasing,Regular,,,,False
6820,2024-07-24,53,85,72.76,True,Holiday,Competitor Pricing,Stable,Premium,,,,False
6324,2024-08-31,92,478,18.13,False,Holiday,Competitor Pricing,Decreasing,Premium,,,,False
3525,2024-08-02,56,282,76.55,True,Festival,Economic Indicator,Stable,Premium,,,,False
9713,2024-09-07,85,9,64.98,False,Holiday,Weather,Stable,Regular,,,,False
4773,2024-05-02,2,172,78.01,False,Unknown,Competitor Pricing,Decreasing,Premium,,,,False
4253,2024-08-31,45,283,9.29,True,Festival,Weather,Stable,Regular,,,,False
4134,2024-05-25,61,407,15.76,True,Festival,Competitor Pricing,Increasing,Budget,,,,False
9281,2024-08-10,67,109,52.86,True,Unknown,Competitor Pricing,Decreasing,Premium,,,,False
3504,2024-11-08,22,204,70.32,True,Unknown,Competitor Pricing,Stable,Premium,,,,False
2295,2024-01-20,31,114,36.55,True,Festival,Economic Indicator,Stable,Budget,,,,False
7003,2024-07-15,75,285,10.98,False,Festival,Weather,Decreasing,Budget,,,,False
3922,2024-05-26,10,3,46.44,True,Unknown,Weather,Decreasing,Regular,,,,False
6260,2024-07-02,99,131,61.42,False,Unknown,Competitor Pricing,Increasing,Budget,,,,False
8722,2024-05-04,48,98,52.44,True,Festival,Competitor Pricing,Decreasing,Budget,,,,False
2354,2024-12-03,13,221,23.35,False,Festival,Economic Indicator,Decreasing,Premium,,,,False
8541,2024-06-09,43,496,75.04,True,Holiday,Weather,Stable,Premium,,,,False
9345,2024-06-07,93,301,50.59,True,Festival,Economic Indicator,Decreasing,Budget,,,,False
6070,2024-01-29,94,481,16.4,False,Holiday,Competitor Pricing,Increasing,Regular,,,,False
8488,2024-01-08,36,425,21.66,True,Festival,Competitor Pricing,Decreasing,Regular,,,,False
6127,2024-09-16,97,393,31.83,True,Holiday,Unknown,Decreasing,Regular,,,,False
1542,2024-07-19,31,333,51.77,True,Festival,Economic Indicator,Increasing,Regular,,,,False
2846,2024-06-28,84,188,74.57,False,Holiday,Unknown,Decreasing,Regular,,,,False
7000,2024-12-25,10,444,48.46,False,Festival,Competitor Pricing,Decreasing,Regular,,,,False
3184,2024-06-23,98,140,53.13,False,Festival,Economic Indicator,Decreasing,Regular,,,,False
5507,2024-12-24,62,305,43.29,True,Festival,Weather,Stable,Budget,,,,False
1132,2024-07-24,40,74,43.14,True,Holiday,Competitor Pricing,Decreasing,Premium,,,,False
1353,2024-07-08,18,479,57.01,False,Festival,Competitor Pricing,Stable,Premium,,,,False
9677,2024-03-12,98,114,18.72,True,Unknown,Competitor Pricing,Decreasing,Budget,,,,False
4444,2024-04-30,18,44,25.05,True,Holiday,Competitor Pricing,Increasing,Premium,,,,False
4571,2024-08-16,69,210,98.19,False,Festival,Unknown,Increasing,Budget,,,,False
1676,2024-01-31,88,200,89.09,True,Unknown,Weather,Decreasing,Budget,,,,False
7308,2024-06-03,68,117,59.05,True,Holiday,Weather,Decreasing,Budget,,,,False
1954,2024-11-01,71,149,77.32,True,Festival,Competitor Pricing,Stable,Regular,,,,False
4155,2024-10-18,29,385,15.62,True,Unknown,Economic Indicator,Stable,Premium,,,,False
4445,2024-05-26,39,254,37.81,True,Festival,Unknown,Increasing,Premium,,,,False
3276,2024-06-23,48,358,10.95,True,Festival,Weather,Decreasing,Budget,,,,False
5843,2024-01-24,97,151,44.09,True,Festival,Unknown,Increasing,Budget,,,,False
4262,2024-12-16,8,237,61.14,False,Unknown,Economic Indicator,Decreasing,Premium,,,,False
3689,2024-07-11,26,301,20.93,False,Festival,Weather,Increasing,Budget,,,,False
6293,2024-03-16,14,323,14.35,False,Holiday,Weather,Increasing,Regular,,,,False
4029,2024-09-30,77,301,35.69,False,Unknown,Weather,Increasing,Premium,,,,False
5760,2024-10-21,50,40,90.27,False,Holiday,Economic Indicator,Increasing,Budget,,,,False
3638,2024-06-24,18,7,20.87,True,Festival,Unknown,Stable,Regular,,,,False
3525,2024-04-16,21,487,74.69,True,Unknown,Competitor Pricing,Increasing,Premium,,,,False
3565,2024-05-28,4,139,92.56,True,Unknown,Unknown,Decreasing,Premium,,,,False
3002,2024-11-19,31,121,33.13,False,Unknown,Economic Indicator,Increasing,Regular,,,,False
9102,2024-06-13,37,348,73.14,False,Holiday,Competitor Pricing,Increasing,Regular,,,,False
1931,2024-05-29,26,125,67.2,True,Holiday,Competitor Pricing,Stable,Premium,,,,False
7845,2024-03-03,18,128,62.13,True,Holiday,Economic Indicator,Increasing,Regular,,,,False
1329,2024-09-23,3,336,80.81,False,Unknown,Unknown,Decreasing,Regular,,,,False
5735,2024-02-21,66,301,29.01,True,Unknown,Competitor Pricing,Increasing,Budget,,,,False
2337,2024-10-04,58,128,33.48,True,Holiday,Economic Indicator,Decreasing,Regular,,,,False
8145,2024-06-14,96,401,45.5,True,Unknown,Economic Indicator,Decreasing,Budget,,,,False
9854,2024-05-29,74,94,8.65,False,Unknown,Unknown,Decreasing,Budget,,,,False
5745,2024-04-18,48,220,7.53,False,Holiday,Unknown,Stable,Budget,,,,False
6349,2024-06-20,31,147,62.4,False,Festival,Weather,Increasing,Premium,,,,False
9695,2024-01-24,89,238,35.8,False,Festival,Unknown,Decreasing,Budget,,,,False
2164,2024-06-29,67,92,19.11,False,Festival,Economic Indicator,Stable,Budget,,,,False
5409,2024-07-18,4,324,24.93,True,Holiday,Weather,Stable,Regular,,,,False
1225,2024-02-04,29,371,48.93,True,Holiday,Weather,Stable,Premium,,,,False
2270,2024-09-22,6,411,99.58,True,Festival,Competitor Pricing,Decreasing,Premium,,,,False
9309,2024-09-24,90,24,88.06,True,Holiday,Competitor Pricing,Decreasing,Budget,,,,False
5563,2024-10-07,98,462,13.89,False,Festival,Economic Indicator,Stable,Premium,,,,False
3239,2024-03-15,20,221,83.56,True,Unknown,Competitor Pricing,Increasing,Regular,,,,False
2888,2024-01-29,39,114,38.7,False,Festival,Unknown,Increasing,Budget,,,,False
2218,2024-02-04,90,430,48.92,True,Festival,Economic Indicator,Stable,Premium,,,,False
8820,2024-08-17,63,269,31.37,True,Holiday,Unknown,Increasing,Premium,,,,False
1933,2024-01-12,6,342,34.39,False,Festival,Competitor Pricing,Stable,Premium,,,,False
7166,2024-09-23,73,337,25.65,False,Unknown,Competitor Pricing,Increasing,Regular,,,,False
7482,2024-05-28,15,364,69.27,False,Festival,Weather,Decreasing,Budget,,,,False
6437,2024-12-27,91,424,26.89,True,Holiday,Weather,Decreasing,Regular,,,,False
6078,2024-03-06,12,406,92.63,False,Festival,Economic Indicator,Decreasing,Budget,,,,False
6468,2024-12-06,73,10,5.28,True,Holiday,Unknown,Decreasing,Premium,,,,False
4798,2024-03-25,66,180,58.51,False,Unknown,Weather,Decreasing,Regular,,,,False
4371,2024-08-04,12,228,14.07,False,Holiday,Weather,Stable,Budget,,,,False
6704,2024-12-10,71,234,45.3,True,Festival,Economic Indicator,Increasing,Regular,,,,False
9550,2024-09-12,54,451,34.12,True,Unknown,Weather,Increasing,Premium,,,,False
4521,2024-11-08,44,3,12.45,False,Unknown,Competitor Pricing,Increasing,Premium,,,,False
2267,2024-03-04,17,46,70.88,False,Festival,Weather,Increasing,Regular,,,,False
1792,2024-04-12,44,75,46.41,False,Unknown,Weather,Stable,Premium,,,,False
7852,2024-12-16,62,41,11.47,True,Festival,Competitor Pricing,Stable,Budget,,,,False
2994,2024-04-01,77,438,20.05,True,Festival,Competitor Pricing,Decreasing,Budget,,,,False
2101,2024-06-22,37,143,23.79,True,Unknown,Economic Indicator,Stable,Regular,,,,False
2335,2024-05-15,38,71,82.84,False,Festival,Weather,Increasing,Budget,,,,False
3341,2024-06-12,98,182,56.56,False,Unknown,Weather,Stable,Premium,,,,False
4392,2024-12-21,79,475,8.93,False,Holiday,Economic Indicator,Increasing,Regular,,,,False
5524,2024-10-10,70,382,92.54,True,Holiday,Economic Indicator,Decreasing,Budget,,,,False
2433,2024-01-29,21,318,55.59,True,Festival,Economic Indicator,Increasing,Regular,,,,False
7145,2024-12-17,95,36,75.83,True,Holiday,Economic Indicator,Increasing,Premium,,,,False
1727,2024-06-18,34,402,14.22,False,Unknown,Economic Indicator,Decreasing,Premium,,,,False
4746,2024-03-01,14,465,20.37,False,Unknown,Unknown,Increasing,Regular,,,,False
8916,2024-11-25,54,127,67.19,False,Holiday,Weather,Decreasing,Budget,,,,False
5990,2024-04-17,44,368,35.53,False,Unknown,Weather,Stable,Budget,,,,False
6420,2024-04-14,70,97,5.68,True,Holiday,Competitor Pricing,Decreasing,Premium,,,,False
1561,2024-07-24,3,170,82.28,False,Holiday,Economic Indicator,Decreasing,Budget,,,,False
7947,2024-05-13,55,304,75.69,True,Unknown,Competitor Pricing,Stable,Budget,,,,False
2189,2024-03-13,39,38,78.14,True,Unknown,Competitor Pricing,Stable,Budget,,,,False
7624,2024-03-31,14,309,23.59,True,Festival,Competitor Pricing,Increasing,Regular,,,,False
8922,2024-05-06,54,34,63.49,False,Unknown,Weather,Increasing,Budget,,,,False
8167,2024-08-04,99,221,33.53,True,Holiday,Competitor Pricing,Decreasing,Premium,,,,False
6935,2024-11-24,49,403,22.21,False,Festival,Unknown,Stable,Regular,,,,False
5924,2024-03-23,31,175,56.05,False,Holiday,Weather,Decreasing,Budget,,,,False
1358,2024-09-19,87,28,60.98,True,Festival,Competitor Pricing,Stable,Premium,,,,False
2354,2024-11-09,82,91,63.37,False,Unknown,Competitor Pricing,Increasing,Budget,,,,False
3946,2024-04-07,75,174,52.56,False,Holiday,Weather,Stable,Regular,,,,False
6848,2024-03-23,4,150,33.54,False,Festival,Competitor Pricing,Decreasing,Regular,,,,False
5661,2024-11-25,51,309,63.94,True,Unknown,Unknown,Increasing,Budget,,,,False
4718,2024-08-24,28,200,48.93,True,Holiday,Economic Indicator,Decreasing,Premium,,,,False
4614,2024-06-20,77,261,12.63,False,Festival,Unknown,Decreasing,Budget,,,,False
5622,2024-09-12,70,165,20.48,True,Unknown,Unknown,Increasing,Regular,,,,False
5397,2024-02-14,15,213,44.23,False,Unknown,Weather,Decreasing,Budget,,,,False
7872,2024-07-05,21,387,28.85,False,Holiday,Economic Indicator,Increasing,Regular,,,,False
5023,2024-05-17,36,68,19.02,True,Holiday,Unknown,Increasing,Regular,,,,False
5363,2024-04-30,2,26,88.44,False,Unknown,Unknown,Stable,Premium,,,,False
9520,2024-07-05,42,9,16.21,True,Festival,Unknown,Stable,Premium,,,,False
6273,2024-10-04,90,117,57.64,False,Festival,Competitor Pricing,Stable,Budget,,,,False
8864,2024-05-19,77,150,59.43,True,Holiday,Competitor Pricing,Stable,Regular,,,,False
3635,2024-03-25,71,56,44.88,False,Unknown,Unknown,Increasing,Premium,,,,False
9626,2024-04-13,80,372,9.04,True,Festival,Unknown,Stable,Regular,,,,False
5307,2024-02-05,99,335,32.2,True,Holiday,Competitor Pricing,Increasing,Budget,,,,False
5777,2024-12-30,67,87,16.12,False,Holiday,Weather,Increasing,Premium,,,,False
3519,2024-11-09,95,13,39.94,False,Holiday,Economic Indicator,Decreasing,Regular,,,,False
5901,2024-04-16,93,410,19.22,True,Holiday,Unknown,Decreasing,Regular,,,,False
4201,2024-12-27,24,499,85.5,True,Holiday,Weather,Increasing,Regular,,,,False
5645,2024-04-23,35,306,21.58,False,Unknown,Weather,Stable,Premium,,,,False
4487,2024-07-09,21,130,67.62,True,Unknown,Competitor Pricing,Decreasing,Budget,,,,False
7053,2024-01-16,25,97,26.5,False,Festival,Competitor Pricing,Increasing,Regular,,,,False
6054,2024-12-22,96,422,98.72,True,Holiday,Competitor Pricing,Stable,Premium,,,,False
4945,2024-08-13,15,485,46.07,False,Unknown,Competitor Pricing,Increasing,Premium,,,,False
6625,2024-07-02,29,252,58.02,False,Unknown,Unknown,Stable,Premium,,,,False
2418,2024-04-24,93,206,48.69,False,Festival,Competitor Pricing,Decreasing,Budget,,,,False
1006,2024-02-06,83,137,91.08,True,Festival,Unknown,Stable,Premium,,,,False
2257,2024-03-17,38,119,52.18,True,Unknown,Unknown,Decreasing,Regular,,,,False
3320,2024-03-06,23,28,29.11,False,Unknown,Competitor Pricing,Stable,Premium,,,,False
6001,2024-12-25,54,47,32.73,True,Festival,Weather,Stable,Premium,,,,False
8989,2024-11-13,78,391,85.56,False,Holiday,Unknown,Stable,Regular,,,,False
2684,2024-01-07,74,82,16.07,True,Holiday,Competitor Pricing,Increasing,Regular,87.28,28.7,1.87,True
3143,2024-03-23,16,411,52.78,True,Holiday,Weather,Stable,Budget,,,,False
4012,2024-04-26,73,396,51.08,False,Festival,Competitor Pricing,Decreasing,Regular,,,,False
1313,2024-06-24,19,478,42.33,False,Festival,Weather,Increasing,Premium,,,,False
1901,2024-12-15,52,193,40.17,False,Festival,Economic Indicator,Increasing,Budget,,,,False
7323,2024-05-14,67,30,57.64,True,Unknown,Competitor Pricing,Stable,Premium,,,,False
4252,2024-11-06,54,400,10.43,False,Festival,Weather,Decreasing,Regular,,,,False
1377,2024-02-14,92,244,65.48,False,Holiday,Economic Indicator,Increasing,Budget,,,,False
1789,2024-05-31,60,344,72.92,True,Holiday,Unknown,Decreasing,Regular,,,,False
4954,2024-02-22,7,194,25.15,False,Festival,Competitor Pricing,Stable,Regular,,,,False
8417,2024-09-24,26,333,31.39,True,Unknown,Economic Indicator,Stable,Regular,,,,False
3411,2024-05-15,3,487,12.06,False,Unknown,Weather,Stable,Regular,,,,False
1903,2024-01-24,3,57,55.82,False,Festival,Unknown,Increasing,Regular,,,,False
9413,2024-07-25,11,67,25.63,False,Festival,Unknown,Decreasing,Regular,,,,False
2421,2024-02-23,40,66,26.15,True,Festival,Economic Indicator,Decreasing,Regular,,,,False
9268,2024-10-23,60,31,92.8,True,Unknown,Unknown,Decreasing,Budget,,,,False
2237,2024-09-12,96,145,90.54,False,Unknown,Unknown,Increasing,Premium,,,,False
1063,2024-08-20,4,450,11.31,False,Festival,Unknown,Increasing,Budget,,,,False
6241,2024-04-07,21,91,15.67,False,Holiday,Weather,Increasing,Budget,,,,False
5143,2024-02-03,75,58,60.17,False,Festival,Economic Indicator,Increasing,Budget,,,,False
3755,2024-10-03,58,402,42.04,False,Unknown,Weather,Decreasing,Regular,,,,False
4990,2024-09-24,46,272,25.95,False,Unknown,Competitor Pricing,Stable,Budget,,,,False
1364,2024-07-16,15,57,91.18,True,Festival,Unknown,Decreasing,Premium,,,,False
8914,2024-02-14,88,223,54.62,False,Holiday,Competitor Pricing,Increasing,Regular,,,,False
8146,2024-12-17,34,251,26.25,True,Festival,Economic Indicator,Decreasing,Budget,,,,False
2012,2024-04-30,1,380,13.7,False,Unknown,Competitor Pricing,Decreasing,Budget,,,,False
7952,2024-06-26,62,47,76.95,True,Unknown,Competitor Pricing,Stable,Budget,,,,False
5168,2024-08-22,90,125,50.74,False,Unknown,Competitor Pricing,Increasing,Budget,,,,False
5186,2024-08-29,14,145,5.79,False,Unknown,Weather,Stable,Budget,,,,False
5339,2024-06-27,98,166,43.19,True,Holiday,Weather,Increasing,Regular,,,,False
2749,2024-09-29,32,223,65.57,False,Holiday,Competitor Pricing,Stable,Budget,,,,False
2814,2024-01-24,2,161,77.55,True,Holiday,Weather,Stable,Budget,,,,False
9820,2024-05-20,34,142,38.57,True,Festival,Economic Indicator,Decreasing,Regular,,,,False
1076,2024-01-27,89,126,85.3,True,Festival,Competitor Pricing,Increasing,Regular,,,,False
6564,2024-05-28,19,103,8.01,False,Unknown,Competitor Pricing,Increasing,Budget,,,,False
4997,2024-12-28,76,295,23.02,False,Festival,Economic Indicator,Stable,Budget,,,,False
8130,2024-09-09,29,422,19.25,True,Holiday,Economic Indicator,Increasing,Regular,,,,False
4661,2024-08-18,50,494,21.65,False,Unknown,Weather,Increasing,Regular,,,,False
4737,2024-06-02,3,128,78.35,True,Holiday,Weather,Increasing,Premium,,,,False
3583,2024-01-06,51,236,31.47,False,Unknown,Economic Indicator,Stable,Premium,,,,False
8748,2024-11-29,4,270,43.95,True,Holiday,Economic Indicator,Decreasing,Premium,,,,False
8084,2024-03-02,61,162,13.94,True,Festival,Unknown,Stable,Premium,,,,False
1482,2024-01-19,39,252,83.05,False,Unknown,Economic Indicator,Decreasing,Premium,,,,False
5394,2024-05-27,15,465,41.46,True,Holiday,Competitor Pricing,Stable,Premium,,,,False
5244,2024-11-30,94,88,62.14,False,Holiday,Economic Indicator,Decreasing,Regular,,,,False
9392,2024-10-21,21,353,84.55,False,Holiday,Economic Indicator,Decreasing,Budget,,,,False
6082,2024-12-10,51,483,96.99,False,Festival,Weather,Decreasing,Regular,,,,False
2478,2024-04-19,60,143,16.65,True,Unknown,Economic Indicator,Increasing,Regular,,,,False
7150,2024-12-21,61,476,10.12,False,Festival,Economic Indicator,Decreasing,Premium,,,,False
8718,2024-05-28,50,87,95.38,False,Holiday,Weather,Increasing,Budget,,,,False
2412,2024-01-29,77,221,36.36,False,Unknown,Unknown,Stable,Budget,,,,False
4069,2024-08-19,91,173,58.37,False,Holiday,Competitor Pricing,Increasing,Budget,,,,False
3852,2024-09-25,50,190,53.2,True,Unknown,Weather,Stable,Premium,,,,False
5807,2024-05-22,58,103,74.36,True,Unknown,Economic Indicator,Decreasing,Premium,,,,False
9717,2024-03-10,78,81,62.11,True,Unknown,Competitor Pricing,Stable,Premium,,,,False
5721,2024-07-15,27,146,14.23,True,Holiday,Economic Indicator,Increasing,Premium,,,,False
4510,2024-10-11,63,32,28.44,False,Festival,Weather,Stable,Regular,,,,False
6637,2024-06-06,10,304,69.68,True,Unknown,Unknown,Stable,Regular,,,,False
7259,2024-10-20,8,340,34.59,False,Festival,Unknown,Increasing,Budget,,,,False
6303,2024-11-29,78,488,51.82,True,Unknown,Weather,Increasing,Budget,,,,False
1898,2024-11-24,85,217,5.52,False,Holiday,Economic Indicator,Increasing,Premium,,,,False
7429,2024-06-24,70,158,50.85,True,Unknown,Competitor Pricing,Stable,Budget,,,,False
1545,2024-06-06,15,484,21.71,True,Unknown,Weather,Stable,Premium,,,,False
1301,2024-04-24,85,79,19.01,False,Festival,Weather,Decreasing,Budget,37.76,48.24,1.37,True
6883,2024-10-31,43,26,82.41,False,Holiday,Competitor Pricing,Stable,Budget,,,,False
7570,2024-07-05,78,362,12.02,True,Unknown,Economic Indicator,Stable,Regular,,,,False
3072,2024-09-20,55,268,23.84,False,Holiday,Unknown,Increasing,Budget,,,,False
6280,2024-09-07,85,284,17.3,True,Festival,Unknown,Decreasing,Regular,,,,False
4584,2024-06-30,96,453,45.62,False,Holiday,Unknown,Stable,Regular,,,,False
7056,2024-07-18,69,195,56.45,True,Unknown,Competitor Pricing,Increasing,Premium,,,,False
2114,2024-12-06,65,194,84.2,True,Unknown,Unknown,Increasing,Premium,,,,False
3722,2024-09-27,72,295,21.89,False,Festival,Competitor Pricing,Increasing,Budget,,,,False
7324,2024-11-04,59,179,73.52,True,Festival,Weather,Increasing,Regular,,,,False
1483,2024-06-08,1,364,36.8,True,Unknown,Weather,Stable,Budget,,,,False
8552,2024-11-06,57,437,11.0,True,Unknown,Economic Indicator,Decreasing,Regular,,,,False
6265,2024-06-07,66,88,83.3,False,Holiday,Weather,Decreasing,Budget,,,,False
7424,2024-08-06,27,488,39.63,False,Unknown,Economic Indicator,Stable,Budget,,,,False
6540,2024-03-26,94,187,90.16,True,Festival,Weather,Stable,Regular,,,,False
3793,2024-03-02,20,141,29.94,True,Festival,Economic Indicator,Stable,Premium,,,,False
5406,2024-11-16,94,161,12.48,False,Festival,Unknown,Stable,Budget,,,,False
2697,2024-07-01,24,373,75.11,True,Holiday,Competitor Pricing,Increasing,Budget,,,,False
8443,2024-10-02,34,115,11.27,True,Holiday,Unknown,Stable,Regular,,,,False
1042,2024-08-01,32,240,64.28,True,Unknown,Unknown,Stable,Regular,,,,False
1419,2024-09-30,71,438,26.03,False,Festival,Economic Indicator,Stable,Regular,,,,False
1566,2024-03-20,18,286,32.75,True,Holiday,Economic Indicator,Decreasing,Budget,,,,False
7613,2024-05-01,82,80,90.32,False,Holiday,Economic Indicator,Increasing,Budget,,,,False
3103,2024-01-06,64,461,48.54,False,Festival,Economic Indicator,Stable,Regular,,,,False
7009,2024-03-18,34,140,40.1,True,Holiday,Competitor Pricing,Decreasing,Regular,,,,False
3261,2024-09-25,56,104,19.63,False,Unknown,Unknown,Stable,Budget,,,,False
9720,2024-02-15,61,82,62.14,True,Unknown,Competitor Pricing,Increasing,Budget,,,,False
6292,2024-08-21,99,382,58.46,True,Festival,Economic Indicator,Stable,Budget,,,,False
6298,2024-07-22,47,147,33.87,False,Unknown,Weather,Decreasing,Regular,,,,False
6188,2024-08-30,75,141,75.57,False,Unknown,Unknown,Decreasing,Premium,,,,False
9206,2024-06-18,31,293,85.76,True,Holiday,Weather,Decreasing,Premium,,,,False
6236,2024-04-05,79,6,57.85,True,Holiday,Economic Indicator,Increasing,Premium,,,,False
9787,2024-10-17,85,115,40.01,False,Festival,Weather,Stable,Premium,,,,False
7177,2024-11-30,51,199,93.97,False,Unknown,Unknown,Stable,Regular,,,,False
4226,2024-01-25,16,126,8.79,False,Festival,Economic Indicator,Stable,Regular,,,,False
3308,2024-11-05,18,172,85.87,True,Unknown,Weather,Stable,Regular,,,,False
9832,2024-09-04,54,17,8.31,False,Festival,Competitor Pricing,Decreasing,Budget,,,,False
9350,2024-09-18,26,477,53.28,True,Holiday,Unknown,Increasing,Regular,,,,False
5129,2024-04-24,3,197,83.28,True,Unknown,Competitor Pricing,Increasing,Budget,,,,False
7905,2024-12-14,32,200,40.78,True,Festival,Economic Indicator,Stable,Premium,,,,False
2385,2024-12-12,36,338,90.08,False,Festival,Economic Indicator,Increasing,Budget,,,,False
8857,2024-12-07,75,306,6.2,True,Holiday,Competitor Pricing,Stable,Regular,,,,False
6308,2024-02-29,40,482,8.1,False,Holiday,Economic Indicator,Decreasing,Premium,,,,False
6489,2024-11-27,29,153,76.47,False,Festival,Unknown,Decreasing,Budget,,,,False
2836,2024-03-16,75,9,70.53,False,Festival,Economic Indicator,Increasing,Budget,,,,False
5953,2024-12-23,56,59,45.27,False,Unknown,Unknown,Stable,Budget,,,,False
8200,2024-11-04,98,316,19.09,True,Festival,Unknown,Stable,Budget,,,,False
5994,2024-03-05,16,96,35.92,False,Unknown,Competitor Pricing,Decreasing,Budget,,,,False
2813,2024-06-15,42,358,74.66,False,Unknown,Competitor Pricing,Stable,Regular,,,,False
3427,2024-01-11,33,497,83.26,True,Holiday,Weather,Increasing,Premium,,,,False
2809,2024-10-31,77,129,50.19,True,Festival,Economic Indicator,Decreasing,Premium,,,,False
7616,2024-01-11,92,333,99.38,False,Holiday,Weather,Decreasing,Regular,,,,False
1524,2024-06-11,65,147,41.14,False,Unknown,Competitor Pricing,Decreasing,Premium,,,,False
1184,2024-05-12,92,195,40.11,True,Holiday,Weather,Stable,Regular,,,,False
5864,2024-10-07,36,177,45.16,True,Holiday,Economic Indicator,Increasing,Budget,,,,False
1649,2024-08-18,46,197,95.8,False,Unknown,Unknown,Decreasing,Premium,,,,False
6632,2024-09-09,41,334,63.86,False,Festival,Unknown,Stable,Regular,,,,False
6384,2024-05-08,34,58,99.69,True,Festival,Weather,Increasing,Regular,,,,False
9705,2024-11-11,46,177,58.32,True,Unknown,Economic Indicator,Increasing,Premium,,,,False
6529,2024-02-25,78,198,73.86,False,Unknown,Economic Indicator,Increasing,Regular,,,,False
5305,2024-06-05,56,137,77.35,False,Holiday,Economic Indicator,Increasing,Budget,,,,False
6451,2024-05-09,3,166,71.67,False,Festival,Competitor Pricing,Increasing,Regular,,,,False
9426,2024-02-27,31,145,5.44,False,Festival,Economic Indicator,Increasing,Budget,,,,False
5124,2024-12-01,27,273,74.95,False,Holiday,Weather,Increasing,Premium,,,,False
9264,2024-12-16,97,78,99.49,False,Festival,Unknown,Stable,Budget,,,,False
1750,2024-12-27,47,378,66.11,False,Festival,Weather,Decreasing,Budget,,,,False
4070,2024-02-23,7,447,93.11,False,Holiday,Competitor Pricing,Decreasing,Regular,,,,False
4712,2024-05-26,30,197,62.69,True,Holiday,Economic Indicator,Stable,Premium,,,,False
4205,2024-04-12,77,240,55.63,True,Festival,Competitor Pricing,Stable,Budget,,,,False
2345,2024-10-25,29,410,14.61,True,Festival,Economic Indicator,Decreasing,Budget,,,,False
5707,2024-01-30,88,293,58.03,False,Holiday,Weather,Increasing,Regular,,,,False
9922,2024-06-12,93,303,36.63,True,Festival,Weather,Decreasing,Regular,,,,False
2119,2024-11-03,36,47,62.61,False,Holiday,Weather,Stable,Budget,,,,False
4732,2024-06-06,69,382,60.66,True,Holiday,Competitor Pricing,Stable,Budget,,,,False
7062,2024-04-16,38,263,80.77,True,Unknown,Competitor Pricing,Stable,Premium,,,,False
5446,2024-12-01,48,233,7.21,True,Festival,Competitor Pricing,Increasing,Premium,,,,False
3465,2024-05-04,69,135,70.3,False,Holiday,Competitor Pricing,Increasing,Regular,,,,False
6806,2024-10-09,42,256,17.74,False,Festival,Economic Indicator,Increasing,Regular,,,,False
7117,2024-07-10,9,157,58.58,False,Holiday,Economic Indicator,Stable,Budget,,,,False
3752,2024-02-28,50,4,60.8,False,Unknown,Weather,Decreasing,Regular,,,,False
2538,2024-05-12,23,285,89.14,True,Unknown,Competitor Pricing,Increasing,Budget,,,,False
6880,2024-07-01,17,26,62.77,False,Holiday,Competitor Pricing,Decreasing,Premium,,,,False
2069,2024-04-15,90,406,24.0,True,Holiday,Weather,Stable,Regular,,,,False
3781,2024-11-10,63,27,65.26,True,Holiday,Unknown,Increasing,Budget,,,,False
3599,2024-02-25,86,15,65.14,False,Unknown,Economic Indicator,Decreasing,Premium,,,,False
8075,2024-07-05,60,260,29.73,True,Holiday,Weather,Stable,Budget,,,,False
1274,2024-04-20,69,475,92.97,False,Unknown,Competitor Pricing,Stable,Premium,,,,False
6360,2024-03-06,51,16,99.93,False,Festival,Unknown,Increasing,Budget,,,,False
8059,2024-03-05,53,449,63.24,True,Unknown,Economic Indicator,Decreasing,Budget,,,,False
1197,2024-08-17,82,94,88.01,True,Festival,Economic Indicator,Stable,Premium,54.32,63.72,1.87,True
1872,2024-01-25,61,428,57.15,True,Festival,Competitor Pricing,Increasing,Budget,,,,False
8548,2024-02-28,72,51,69.51,True,Festival,Unknown,Stable,Premium,,,,False
8114,2024-08-20,41,455,29.98,True,Holiday,Unknown,Decreasing,Premium,,,,False
5716,2024-08-30,89,373,30.64,False,Unknown,Economic Indicator,Decreasing,Premium,,,,False
1694,2024-10-27,30,48,55.31,True,Festival,Economic Indicator,Increasing,Budget,,,,False
2034,2024-03-08,53,459,64.26,True,Festival,Economic Indicator,Decreasing,Premium,,,,False
9125,2024-10-23,41,29,72.69,True,Festival,Competitor Pricing,Stable,Regular,,,,False
6007,2024-10-29,31,320,79.59,False,Unknown,Weather,Increasing,Premium,,,,False
3097,2024-09-06,75,438,25.93,True,Holiday,Competitor Pricing,Stable,Regular,,,,False
8560,2024-05-22,45,256,27.53,False,Unknown,Unknown,Decreasing,Regular,,,,False
3404,2024-10-20,45,126,97.22,True,Festival,Weather,Increasing,Premium,,,,False
6246,2024-01-05,25,374,15.57,True,Festival,Competitor Pricing,Increasing,Premium,,,,False
2285,2024-02-09,2,257,97.08,True,Festival,Competitor Pricing,Increasing,Premium,,,,False
1938,2024-09-20,27,250,6.12,False,Festival,Unknown,Stable,Premium,,,,False
3446,2024-03-21,38,32,66.05,True,Festival,Economic Indicator,Stable,Budget,,,,False
7301,2024-02-28,85,350,84.43,False,Festival,Weather,Increasing,Regular,,,,False
3462,2024-03-09,54,116,39.49,True,Unknown,Economic Indicator,Stable,Budget,,,,False
2501,2024-04-13,46,422,7.37,True,Unknown,Unknown,Decreasing,Premium,,,,False
9684,2024-11-18,87,370,44.15,False,Festival,Unknown,Decreasing,Premium,,,,False
3810,2024-07-15,14,123,65.8,True,Holiday,Weather,Decreasing,Premium,,,,False
9077,2024-12-08,38,283,20.7,False,Festival,Weather,Decreasing,Regular,,,,False
5719,2024-10-12,81,451,71.75,True,Unknown,Unknown,Stable,Regular,,,,False
5120,2024-10-18,77,295,30.0,True,Holiday,Unknown,Increasing,Regular,,,,False
1605,2024-01-28,57,166,12.56,False,Festival,Economic Indicator,Stable,Premium,,,,False
4011,2024-03-25,73,107,39.13,True,Holiday,Unknown,Stable,Budget,,,,False
5691,2024-01-09,2,284,45.07,False,Festival,Competitor Pricing,Stable,Budget,,,,False
8194,2024-09-15,59,389,27.36,True,Festival,Economic Indicator,Increasing,Budget,,,,False
8820,2024-03-05,5,242,76.81,False,Holiday,Unknown,Stable,Premium,,,,False
3581,2024-02-23,66,209,13.44,True,Unknown,Competitor Pricing,Increasing,Regular,,,,False
5884,2024-09-12,76,416,94.08,True,Unknown,Weather,Decreasing,Budget,,,,False
7625,2024-08-03,69,369,38.75,True,Unknown,Unknown,Decreasing,Premium,,,,False
2457,2024-10-29,27,255,26.14,True,Unknown,Unknown,Decreasing,Regular,,,,False
2759,2024-10-15,37,71,79.49,True,Holiday,Economic Indicator,Decreasing,Regular,,,,False
9729,2024-07-02,80,446,33.02,True,Festival,Unknown,Stable,Budget,,,,False
6414,2024-07-21,95,4,75.33,False,Unknown,Weather,Stable,Premium,,,,False
4390,2024-04-17,76,349,21.36,True,Holiday,Competitor Pricing,Decreasing,Budget,,,,False
7292,2024-11-05,56,461,98.49,True,Unknown,Unknown,Increasing,Regular,,,,False
6434,2024-08-27,85,406,25.66,True,Unknown,Weather,Stable,Premium,,,,False
4138,2024-02-21,47,175,61.75,False,Festival,Unknown,Increasing,Budget,91.5,88.63,1.66,True
5983,2024-02-01,24,181,94.84,False,Festival,Weather,Decreasing,Budget,,,,False
8922,2024-12-09,23,435,23.63,False,Holiday,Unknown,Increasing,Premium,,,,False
8507,2024-04-12,57,155,67.56,False,Unknown,Economic Indicator,Stable,Budget,,,,False
1412,2024-10-02,91,43,74.76,False,Unknown,Competitor Pricing,Increasing,Premium,,,,False
5123,2024-02-17,3,145,26.02,True,Festival,Competitor Pricing,Stable,Regular,,,,False
3823,2024-03-02,72,26,30.33,True,Holiday,Weather,Stable,Premium,,,,False
8969,2024-10-10,91,140,6.55,False,Festival,Economic Indicator,Decreasing,Regular,,,,False
8188,2024-08-22,12,175,69.29,False,Holiday,Competitor Pricing,Stable,Premium,,,,False
6848,2024-04-02,50,64,89.27,True,Unknown,Economic Indicator,Increasing,Premium,,,,False
8864,2024-02-18,39,360,58.19,True,Unknown,Competitor Pricing,Increasing,Budget,,,,False
7516,2024-10-29,79,31,47.26,True,Unknown,Economic Indicator,Stable,Regular,,,,False
2631,2024-09-10,79,398,62.67,False,Festival,Economic Indicator,Decreasing,Regular,,,,False
4480,2024-01-03,43,62,87.03,False,Festival,Competitor Pricing,Stable,Premium,,,,False
5179,2024-11-16,90,27,63.55,True,Holiday,Competitor Pricing,Increasing,Regular,,,,False
6301,2024-12-19,23,188,29.28,False,Festival,Competitor Pricing,Stable,Premium,,,,False
4839,2024-01-06,44,309,57.6,True,Festival,Unknown,Increasing,Budget,,,,False
6707,2024-03-29,41,31,40.09,True,Holiday,Unknown,Increasing,Regular,,,,False
4238,2024-12-15,79,273,38.46,True,Festival,Unknown,Stable,Budget,,,,False
5356,2024-03-13,64,308,18.34,True,Unknown,Competitor Pricing,Increasing,Budget,,,,False
7969,2024-10-19,10,277,24.57,False,Festival,Weather,Decreasing,Regular,,,,False
1240,2024-09-16,30,482,24.84,True,Festival,Competitor Pricing,Decreasing,Budget,,,,False
9187,2024-01-11,30,398,40.7,True,Unknown,Unknown,Decreasing,Premium,,,,False
9034,2024-03-06,65,168,96.9,True,Festival,Economic Indicator,Increasing,Regular,,,,False
5212,2024-10-02,32,221,19.05,False,Festival,Weather,Decreasing,Premium,,,,False
8182,2024-10-26,19,267,18.54,False,Festival,Unknown,Stable,Regular,,,,False
3536,2024-09-11,91,161,23.64,True,Festival,Competitor Pricing,Stable,Regular,,,,False
5834,2024-06-04,7,411,40.06,False,Holiday,Competitor Pricing,Stable,Regular,,,,False
4064,2024-11-21,93,202,36.22,False,Festival,Weather,Stable,Premium,,,,False
8749,2024-03-01,70,342,40.4,False,Holiday,Competitor Pricing,Stable,Premium,,,,False
9174,2024-02-24,26,240,40.16,True,Unknown,Unknown,Stable,Premium,,,,False
2526,2024-07-23,86,107,64.4,False,Festival,Weather,Increasing,Regular,,,,False
1908,2024-04-18,74,267,75.7,False,Festival,Economic Indicator,Stable,Premium,,,,False
8299,2024-12-30,33,115,49.61,False,Holiday,Weather,Increasing,Budget,,,,False
7264,2024-05-06,60,462,80.38,False,Festival,Competitor Pricing,Stable,Premium,,,,False
8778,2024-06-22,51,111,68.56,True,Unknown,Weather,Decreasing,Budget,,,,False
4780,2024-02-11,43,446,9.1,True,Festival,Economic Indicator,Increasing,Premium,,,,False
7117,2024-11-16,23,390,16.03,True,Holiday,Unknown,Increasing,Regular,,,,False
6211,2024-08-21,54,422,51.98,True,Festival,Unknown,Stable,Budget,,,,False
9379,2024-02-29,96,407,33.76,False,Unknown,Unknown,Increasing,Budget,,,,False
1721,2024-06-04,51,216,92.25,True,Holiday,Economic Indicator,Decreasing,Regular,,,,False
3015,2024-02-01,97,353,45.77,True,Holiday,Unknown,Increasing,Regular,,,,False
8574,2024-10-21,44,21,78.43,False,Holiday,Weather,Increasing,Regular,,,,False
5732,2024-08-23,89,104,66.99,True,Unknown,Competitor Pricing,Increasing,Budget,,,,False
6920,2024-07-17,66,133,13.74,True,Holiday,Weather,Increasing,Budget,,,,False
5019,2024-08-22,70,276,12.8,True,Holiday,Economic Indicator,Stable,Regular,,,,False
1753,2024-03-21,40,230,40.68,True,Holiday,Economic Indicator,Stable,Premium,,,,False
6123,2024-10-06,95,47,33.71,False,Holiday,Weather,Increasing,Premium,,,,False
8300,2024-02-03,36,26,77.83,True,Unknown,Weather,Decreasing,Budget,,,,False
2308,2024-12-12,76,341,36.65,False,Holiday,Economic Indicator,Decreasing,Budget,,,,False
6630,2024-06-19,26,166,56.1,True,Holiday,Competitor Pricing,Increasing,Budget,,,,False
6259,2024-11-17,61,434,24.83,True,Holiday,Competitor Pricing,Increasing,Premium,,,,False
7860,2024-10-28,88,461,79.66,False,Unknown,Economic Indicator,Stable,Budget,,,,False
9412,2024-06-16,21,222,90.65,False,Unknown,Economic Indicator,Increasing,Premium,,,,False
6098,2024-10-17,47,317,97.78,False,Unknown,Economic Indicator,Increasing,Premium,,,,False
6841,2024-01-09,82,272,33.57,True,Festival,Weather,Increasing,Budget,,,,False
4826,2024-02-07,70,459,5.89,False,Unknown,Competitor Pricing,Decreasing,Regular,,,,False
5367,2024-11-24,14,354,44.22,False,Festival,Weather,Increasing,Regular,,,,False
7113,2024-07-19,2,460,41.48,True,Unknown,Weather,Stable,Regular,,,,False
9932,2024-02-24,61,449,12.96,False,Holiday,Unknown,Increasing,Regular,,,,False
5890,2024-11-09,89,81,19.14,False,Holiday,Weather,Stable,Premium,67.02,63.9,1.5,True
1581,2024-10-03,54,217,59.12,False,Holiday,Competitor Pricing,Decreasing,Budget,,,,False
2133,2024-10-11,49,104,79.08,True,Festival,Economic Indicator,Stable,Budget,,,,False
6165,2024-04-27,92,482,86.31,True,Unknown,Economic Indicator,Decreasing,Regular,,,,False
4198,2024-04-27,36,464,61.4,False,Holiday,Weather,Decreasing,Budget,,,,False
3714,2024-05-21,51,324,86.94,False,Unknown,Unknown,Decreasing,Premium,,,,False
3443,2024-01-11,19,398,21.65,True,Holiday,Competitor Pricing,Decreasing,Premium,,,,False
8962,2024-03-02,4,314,73.29,True,Holiday,Weather,Stable,Premium,,,,False
9957,2024-08-17,44,225,30.25,True,Unknown,Competitor Pricing,Increasing,Premium,,,,False
3719,2024-08-12,25,386,16.76,True,Holiday,Competitor Pricing,Stable,Budget,,,,False
3647,2024-06-07,89,67,27.86,True,Festival,Weather,Decreasing,Regular,,,,False
4689,2024-01-23,27,102,54.41,True,Holiday,Weather,Decreasing,Budget,,,,False
5357,2024-04-12,53,75,78.27,True,Holiday,Competitor Pricing,Increasing,Regular,,,,False
1306,2024-06-27,73,476,87.52,True,Unknown,Economic Indicator,Increasing,Premium,,,,False
6789,2024-04-21,92,470,52.64,False,Holiday,Weather,Decreasing,Regular,,,,False
6230,2024-09-06,57,95,45.27,True,Unknown,Competitor Pricing,Increasing,Budget,,,,False
7503,2024-08-04,42,357,21.91,False,Holiday,Economic Indicator,Stable,Budget,,,,False
7860,2024-06-20,67,469,36.32,True,Festival,Weather,Stable,Budget,,,,False
4582,2024-09-10,68,447,43.02,False,Holiday,Economic Indicator,Increasing,Budget,,,,False
5517,2024-07-16,24,65,7.52,True,Unknown,Unknown,Increasing,Regular,,,,False
8746,2024-09-15,54,64,45.22,False,Unknown,Unknown,Increasing,Regular,,,,False
1116,2024-09-04,43,228,35.5,True,Unknown,Competitor Pricing,Increasing,Premium,,,,False
9309,2024-09-15,79,175,70.71,True,Festival,Unknown,Stable,Premium,,,,False
7152,2024-09-02,65,91,89.58,True,Holiday,Unknown,Decreasing,Budget,,,,False
5525,2024-04-09,8,386,89.02,False,Holiday,Economic Indicator,Stable,Regular,,,,False
6627,2024-03-25,29,365,10.87,True,Holiday,Competitor Pricing,Stable,Budget,,,,False
2189,2024-08-20,25,83,66.01,True,Festival,Competitor Pricing,Increasing,Budget,,,,False
4452,2024-02-14,11,319,15.29,True,Holiday,Competitor Pricing,Stable,Premium,,,,False
6350,2024-12-21,29,216,71.83,False,Festival,Unknown,Increasing,Budget,,,,False
3875,2024-09-25,82,39,73.89,True,Holiday,Weather,Stable,Regular,,,,False
6703,2024-05-21,63,343,78.99,False,Festival,Competitor Pricing,Stable,Premium,,,,False
9343,2024-02-26,32,87,65.61,False,Holiday,Economic Indicator,Increasing,Regular,,,,False
8981,2024-11-13,42,496,98.53,True,Holiday,Competitor Pricing,Stable,Regular,,,,False
6851,2024-12-30,18,468,86.53,False,Unknown,Weather,Increasing,Premium,,,,False
5452,2024-11-10,47,215,27.97,True,Holiday,Competitor Pricing,Stable,Budget,,,,False
6238,2024-04-30,47,2,71.8,False,Holiday,Unknown,Stable,Regular,,,,False
9748,2024-03-13,49,411,87.45,True,Holiday,Economic Indicator,Decreasing,Regular,,,,False
8174,2024-01-17,7,138,53.18,False,Festival,Competitor Pricing,Decreasing,Premium,,,,False
1176,2024-06-13,93,434,94.76,True,Unknown,Economic Indicator,Stable,Premium,,,,False
1670,2024-04-15,35,161,79.01,False,Festival,Competitor Pricing,Decreasing,Budget,,,,False
1696,2024-02-17,30,376,53.96,False,Festival,Weather,Decreasing,Premium,,,,False
7765,2024-08-22,61,243,86.33,True,Unknown,Weather,Stable,Regular,,,,False
3667,2024-09-07,77,218,95.75,False,Holiday,Economic Indicator,Stable,Regular,,,,False
1884,2024-01-20,76,312,10.89,False,Unknown,Weather,Increasing,Budget,,,,False
3885,2024-10-26,25,350,34.38,True,Unknown,Competitor Pricing,Stable,Regular,,,,False
9337,2024-04-15,41,300,54.11,False,Festival,Weather,Stable,Budget,,,,False
6103,2024-06-04,54,405,74.86,False,Holiday,Weather,Decreasing,Premium,,,,False
8655,2024-04-13,15,427,65.11,False,Holiday,Weather,Stable,Budget,,,,False
7532,2024-08-25,90,444,67.61,True,Festival,Unknown,Increasing,Regular,,,,False
9838,2024-05-12,4,299,22.31,True,Unknown,Economic Indicator,Stable,Premium,,,,False
3178,2024-12-16,93,335,87.05,True,Holiday,Economic Indicator,Decreasing,Premium,,,,False
4950,2024-03-30,79,289,51.19,True,Holiday,Unknown,Decreasing,Budget,,,,False
2021,2024-12-29,38,386,55.39,True,Holiday,Unknown,Stable,Premium,,,,False
2831,2024-03-18,92,425,76.44,True,Holiday,Competitor Pricing,Decreasing,Budget,,,,False
6961,2024-04-11,38,423,96.89,True,Festival,Economic Indicator,Increasing,Regular,,,,False
8684,2024-12-10,84,468,37.65,True,Unknown,Economic Indicator,Increasing,Regular,,,,False
7196,2024-10-07,11,21,18.49,True,Festival,Weather,Decreasing,Premium,,,,False
9117,2024-01-06,20,444,95.64,False,Unknown,Competitor Pricing,Decreasing,Budget,,,,False
4160,2024-11-21,89,286,67.65,False,Holiday,Unknown,Decreasing,Regular,,,,False
7131,2024-05-03,79,157,55.82,False,Holiday,Competitor Pricing,Decreasing,Premium,,,,False
7694,2024-08-31,98,493,74.9,False,Holiday,Unknown,Decreasing,Premium,,,,False
9395,2024-09-06,72,475,17.6,True,Festival,Weather,Stable,Premium,,,,False
2832,2024-11-04,6,170,5.3,True,Holiday,Economic Indicator,Increasing,Regular,,,,False
1536,2024-05-24,22,319,83.91,False,Holiday,Competitor Pricing,Decreasing,Budget,,,,False
2164,2024-03-24,8,248,65.22,False,Holiday,Weather,Stable,Regular,,,,False
5318,2024-07-12,50,395,93.45,True,Holiday,Economic Indicator,Decreasing,Regular,,,,False
8663,2024-03-20,34,441,52.66,False,Festival,Unknown,Stable,Premium,,,,False
3974,2024-09-29,80,250,66.97,True,Festival,Weather,Decreasing,Budget,,,,False
3621,2024-02-20,56,487,97.35,False,Unknown,Competitor Pricing,Decreasing,Premium,,,,False
9460,2024-04-03,55,18,80.08,True,Unknown,Competitor Pricing,Decreasing,Budget,,,,False
7296,2024-06-01,70,257,31.56,True,Festival,Economic Indicator,Increasing,Premium,,,,False
2236,2024-09-20,84,83,49.6,True,Holiday,Economic Indicator,Stable,Regular,,,,False
2364,2024-07-01,13,128,56.05,True,Festival,Weather,Increasing,Premium,,,,False
1987,2024-05-07,99,34,15.49,False,Festival,Economic Indicator,Stable,Premium,,,,False
9992,2024-07-18,71,6,80.26,True,Festival,Economic Indicator,Increasing,Budget,,,,False
8914,2024-04-01,82,158,94.35,True,Holiday,Unknown,Increasing,Regular,,,,False
7817,2024-07-01,49,254,84.16,True,Festival,Unknown,Increasing,Budget,,,,False
6574,2024-10-13,80,169,28.02,False,Holiday,Weather,Increasing,Budget,,,,False
3092,2024-07-18,35,303,51.02,False,Unknown,Weather,Increasing,Budget,,,,False
6476,2024-04-01,89,442,33.92,False,Unknown,Unknown,Stable,Premium,,,,False
6982,2024-05-03,18,68,35.84,True,Unknown,Competitor Pricing,Increasing,Budget,,,,False
7416,2024-03-20,42,111,57.81,False,Holiday,Economic Indicator,Increasing,Budget,,,,False
8650,2024-09-29,54,279,65.37,False,Unknown,Unknown,Increasing,Premium,,,,False
2143,2024-07-19,45,235,5.01,True,Festival,Unknown,Decreasing,Premium,,,,False
1713,2024-02-24,16,467,63.77,True,Festival,Unknown,Stable,Premium,,,,False
4950,2024-10-28,32,179,99.85,False,Unknown,Economic Indicator,Increasing,Premium,,,,False
7112,2024-08-18,64,106,17.93,True,Holiday,Competitor Pricing,Decreasing,Regular,,,,False
6797,2024-04-26,95,396,33.69,False,Festival,Weather,Stable,Premium,,,,False
6494,2024-10-27,32,181,75.57,True,Festival,Economic Indicator,Increasing,Premium,,,,False
4260,2024-02-17,39,364,34.85,False,Holiday,Unknown,Decreasing,Premium,,,,False
3586,2024-10-22,90,455,67.52,True,Festival,Weather,Decreasing,Regular,,,,False
5551,2024-08-31,93,288,29.22,False,Festival,Weather,Decreasing,Budget,,,,False
9020,2024-04-17,90,246,42.16,False,Holiday,Economic Indicator,Increasing,Budget,,,,False
6227,2024-08-21,12,179,96.71,True,Holiday,Competitor Pricing,Increasing,Premium,,,,False
4648,2024-06-05,7,429,73.62,True,Unknown,Unknown,Increasing,Budget,,,,False
5067,2024-11-04,20,142,7.68,True,Festival,Weather,Stable,Regular,,,,False
1462,2024-05-14,36,315,72.23,True,Holiday,Unknown,Stable,Budget,,,,False
5819,2024-04-04,46,249,81.88,False,Unknown,Economic Indicator,Stable,Budget,,,,False
1245,2024-11-01,10,380,74.9,True,Festival,Economic Indicator,Stable,Budget,,,,False
9803,2024-10-10,51,110,69.34,True,Holiday,Weather,Stable,Premium,,,,False
4087,2024-12-07,39,343,58.84,True,Festival,Weather,Decreasing,Regular,,,,False
3140,2024-08-09,73,414,27.92,True,Unknown,Competitor Pricing,Increasing,Regular,11.6,6.78,2.27,True
9036,2024-08-25,26,329,25.89,True,Festival,Weather,Increasing,Premium,,,,False
5729,2024-04-08,80,381,84.91,False,Festival,Economic Indicator,Stable,Premium,,,,False
7771,2024-07-31,98,297,96.29,False,Holiday,Weather,Stable,Budget,,,,False
1438,2024-09-09,86,98,50.37,True,Holiday,Competitor Pricing,Increasing,Budget,,,,False
7174,2024-11-09,63,24,54.66,True,Holiday,Weather,Decreasing,Budget,,,,False
6159,2024-03-14,48,487,91.23,False,Unknown,Unknown,Stable,Premium,,,,False
3701,2024-02-03,13,31,25.73,True,Festival,Economic Indicator,Decreasing,Budget,,,,False
6409,2024-08-12,46,150,47.9,False,Festival,Weather,Stable,Premium,,,,False
1447,2024-01-26,57,36,39.21,False,Unknown,Economic Indicator,Decreasing,Budget,,,,False
6700,2024-07-04,48,412,71.25,False,Unknown,Weather,Increasing,Budget,,,,False
7398,2024-10-05,48,347,97.44,False,Unknown,Economic Indicator,Decreasing,Budget,,,,False
4770,2024-01-09,47,250,50.1,True,Unknown,Unknown,Stable,Premium,,,,False
4334,2024-12-17,56,142,67.8,False,Unknown,Weather,Increasing,Regular,,,,False
8480,2024-05-28,79,280,10.11,True,Unknown,Unknown,Decreasing,Budget,,,,False
4915,2024-12-07,9,271,84.26,False,Holiday,Economic Indicator,Decreasing,Budget,,,,False
7858,2024-06-12,81,323,67.19,True,Festival,Unknown,Decreasing,Budget,,,,False
1207,2024-11-14,23,389,65.3,False,Festival,Unknown,Stable,Premium,,,,False
7967,2024-06-20,45,461,25.75,True,Festival,Competitor Pricing,Decreasing,Premium,,,,False
3768,2024-04-14,21,243,35.78,True,Holiday,Economic Indicator,Stable,Regular,,,,False
4771,2024-08-13,47,130,29.13,False,Unknown,Unknown,Decreasing,Regular,,,,False
1957,2024-05-09,14,387,49.57,False,Festival,Economic Indicator,Stable,Regular,,,,False
4335,2024-10-24,68,469,79.05,True,Festival,Weather,Stable,Premium,,,,False
2223,2024-07-22,83,441,82.66,False,Festival,Unknown,Stable,Premium,,,,False
3760,2024-07-16,39,454,27.33,False,Festival,Weather,Increasing,Budget,,,,False
9368,2024-08-02,16,448,53.78,True,Holiday,Competitor Pricing,Increasing,Premium,,,,False
8933,2024-05-15,82,153,86.5,True,Unknown,Unknown,Stable,Budget,,,,False
2426,2024-10-07,96,452,38.27,True,Festival,Unknown,Stable,Premium,,,,False
4468,2024-02-01,76,363,44.43,True,Unknown,Economic Indicator,Increasing,Regular,,,,False
3243,2024-11-03,16,119,91.91,False,Holiday,Unknown,Increasing,Regular,,,,False
8726,2024-10-10,88,249,12.03,False,Festival,Unknown,Increasing,Premium,,,,False
2285,2024-08-04,48,421,13.14,False,Holiday,Weather,Decreasing,Premium,,,,False
6137,2024-03-22,51,406,8.53,True,Unknown,Weather,Stable,Regular,,,,False
6682,2024-10-21,56,71,96.04,False,Holiday,Competitor Pricing,Increasing,Premium,,,,False
7150,2024-05-03,56,158,37.77,False,Holiday,Weather,Increasing,Premium,,,,False
9357,2024-05-17,39,375,62.64,True,Holiday,Unknown,Stable,Premium,,,,False
8404,2024-02-04,21,188,31.86,False,Holiday,Economic Indicator,Decreasing,Regular,,,,False
1368,2024-12-26,8,241,77.73,True,Unknown,Economic Indicator,Increasing,Premium,,,,False
6470,2024-10-24,14,231,46.08,False,Unknown,Economic Indicator,Increasing,Premium,,,,False
2332,2024-06-16,59,175,14.44,True,Festival,Economic Indicator,Increasing,Premium,,,,False
2796,2024-11-06,12,217,23.37,True,Holiday,Weather,Stable,Premium,49.42,30.83,1.54,True
4329,2024-03-20,27,409,71.69,False,Holiday,Competitor Pricing,Decreasing,Regular,,,,False
9407,2024-12-17,63,391,80.75,False,Unknown,Weather,Decreasing,Regular,,,,False
5539,2024-07-03,88,480,62.55,True,Festival,Weather,Stable,Premium,,,,False
3404,2024-01-04,36,304,83.74,False,Festival,Economic Indicator,Increasing,Premium,,,,False
6169,2024-05-03,50,144,75.51,False,Festival,Economic Indicator,Decreasing,Premium,,,,False
1594,2024-01-09,4,404,31.28,False,Festival,Weather,Stable,Budget,,,,False
6102,2024-04-28,28,129,76.84,False,Festival,Unknown,Decreasing,Premium,,,,False
5503,2024-10-10,84,150,43.96,True,Unknown,Unknown,Decreasing,Premium,,,,False
2469,2024-08-05,99,405,31.15,True,Unknown,Economic Indicator,Decreasing,Budget,,,,False
7613,2024-06-01,97,427,67.79,False,Unknown,Unknown,Increasing,Premium,,,,False
7132,2024-06-26,46,14,56.2,False,Festival,Weather,Increasing,Premium,,,,False
1092,2024-07-31,89,160,10.42,True,Holiday,Competitor Pricing,Stable,Regular,,,,False
2849,2024-08-13,95,242,61.87,True,Unknown,Competitor Pricing,Decreasing,Budget,,,,False
6486,2024-02-21,86,423,54.51,False,Holiday,Economic Indicator,Increasing,Budget,,,,False
1614,2024-10-20,18,185,45.11,False,Holiday,Competitor Pricing,Increasing,Budget,,,,False
8113,2024-11-24,96,139,67.59,True,Unknown,Competitor Pricing,Increasing,Regular,,,,False
7805,2024-05-13,42,177,52.44,True,Unknown,Weather,Increasing,Regular,,,,False
1095,2024-06-26,99,266,31.47,False,Unknown,Competitor Pricing,Stable,Premium,,,,False
1916,2024-07-07,15,117,85.86,True,Unknown,Economic Indicator,Decreasing,Regular,,,,False
1434,2024-08-16,52,445,27.59,False,Festival,Competitor Pricing,Stable,Regular,,,,False
3284,2024-11-18,39,440,96.12,True,Holiday,Weather,Stable,Premium,,,,False
1049,2024-03-30,96,428,29.04,True,Unknown,Competitor Pricing,Decreasing,Premium,,,,False
7627,2024-06-05,14,345,86.69,False,Festival,Unknown,Decreasing,Budget,,,,False
6887,2024-04-14,38,307,55.32,True,Holiday,Economic Indicator,Decreasing,Premium,,,,False
3169,2024-06-10,40,360,47.09,False,Festival,Unknown,Decreasing,Budget,,,,False
8475,2024-02-01,86,354,77.65,False,Holiday,Competitor Pricing,Stable,Regular,,,,False
3213,2024-04-03,55,236,76.46,True,Holiday,Economic Indicator,Stable,Budget,,,,False
2265,2024-07-18,61,223,46.4,True,Festival,Economic Indicator,Stable,Regular,,,,False
5125,2024-05-15,88,379,83.16,True,Holiday,Unknown,Increasing,Regular,,,,False
7685,2024-04-26,95,372,73.25,True,Unknown,Economic Indicator,Stable,Budget,,,,False
9207,2024-03-31,39,209,63.73,False,Festival,Unknown,Decreasing,Premium,,,,False
8536,2024-10-26,41,462,61.45,True,Holiday,Competitor Pricing,Stable,Premium,,,,False
7862,2024-07-18,34,223,84.81,True,Unknown,Unknown,Increasing,Budget,,,,False
2703,2024-07-03,90,239,78.42,True,Unknown,Weather,Decreasing,Budget,,,,False
5614,2024-05-05,8,130,94.06,False,Unknown,Weather,Increasing,Premium,,,,False
3283,2024-05-05,54,448,68.66,False,Festival,Unknown,Increasing,Premium,,,,False
3611,2024-02-19,33,296,9.71,True,Holiday,Competitor Pricing,Decreasing,Regular,,,,False
2773,2024-07-26,70,13,97.53,False,Unknown,Competitor Pricing,Increasing,Regular,,,,False
2352,2024-01-15,89,122,19.05,True,Holiday,Unknown,Increasing,Regular,,,,False
7988,2024-08-29,94,19,24.33,True,Holiday,Unknown,Increasing,Budget,,,,False
3801,2024-06-18,47,264,32.02,True,Unknown,Competitor Pricing,Increasing,Budget,,,,False
5313,2024-09-08,50,272,77.12,False,Festival,Unknown,Stable,Premium,,,,False
4040,2024-06-03,73,469,84.81,True,Festival,Economic Indicator,Stable,Regular,,,,False
5205,2024-01-22,98,229,57.51,True,Festival,Competitor Pricing,Decreasing,Premium,,,,False
5331,2024-03-03,81,125,53.71,False,Festival,Unknown,Stable,Regular,,,,False
5771,2024-05-30,43,316,96.63,False,Festival,Unknown,Increasing,Budget,,,,False
3087,2024-11-08,62,411,82.72,True,Festival,Unknown,Decreasing,Regular,,,,False
1020,2024-08-16,63,134,80.49,False,Festival,Competitor Pricing,Stable,Premium,,,,False
6027,2024-01-30,25,461,58.74,True,Festival,Unknown,Decreasing,Budget,,,,False
2120,2024-07-08,33,37,54.76,False,Holiday,Weather,Decreasing,Regular,,,,False
5293,2024-06-06,86,71,80.57,True,Holiday,Weather,Decreasing,Premium,,,,False
8765,2024-01-22,74,45,14.36,False,Festival,Economic Indicator,Decreasing,Premium,,,,False
7608,2024-08-26,83,117,64.83,True,Festival,Unknown,Decreasing,Premium,,,,False
7459,2024-02-21,39,298,10.99,True,Unknown,Weather,Increasing,Regular,,,,False
5554,2024-12-04,60,103,11.71,True,Unknown,Competitor Pricing,Decreasing,Premium,,,,False
8629,2024-07-02,46,53,20.81,True,Holiday,Economic Indicator,Stable,Budget,,,,False
3589,2024-12-07,51,306,23.6,False,Unknown,Unknown,Decreasing,Premium,,,,False
2335,2024-11-25,71,481,28.21,True,Holiday,Economic Indicator,Decreasing,Regular,,,,False
2951,2024-01-22,4,355,98.76,False,Holiday,Economic Indicator,Decreasing,Regular,,,,False
2855,2024-06-12,92,323,84.47,True,Unknown,Weather,Increasing,Regular,,,,False
9971,2024-04-04,16,376,92.62,False,Festival,Weather,Decreasing,Budget,,,,False
4121,2024-08-26,77,273,56.35,True,Unknown,Weather,Stable,Budget,,,,False
1059,2024-11-28,40,451,46.07,False,Festival,Economic Indicator,Decreasing,Premium,,,,False
5726,2024-02-11,84,352,39.48,True,Holiday,Weather,Increasing,Budget,,,,False
6977,2024-06-06,72,351,89.09,True,Unknown,Economic Indicator,Decreasing,Premium,,,,False
2841,2024-03-22,87,136,45.89,True,Holiday,Weather,Decreasing,Regular,,,,False
5722,2024-12-12,40,312,95.32,False,Festival,Economic Indicator,Increasing,Premium,,,,False
3138,2024-06-12,59,334,21.35,True,Holiday,Competitor Pricing,Increasing,Premium,,,,False
4626,2024-06-15,26,46,34.14,True,Holiday,Weather,Increasing,Premium,,,,False
1326,2024-04-05,93,48,29.58,True,Holiday,Economic Indicator,Decreasing,Budget,,,,False
1060,2024-05-31,68,381,90.9,True,Holiday,Unknown,Increasing,Regular,,,,False
1194,2024-07-20,20,148,85.61,True,Festival,Competitor Pricing,Decreasing,Premium,,,,False
9452,2024-07-09,8,107,62.92,False,Unknown,Economic Indicator,Increasing,Premium,,,,False
3369,2024-11-18,55,124,26.03,True,Holiday,Economic Indicator,Increasing,Budget,,,,False
8959,2024-07-12,55,68,97.68,True,Festival,Competitor Pricing,Stable,Budget,,,,False
4281,2024-09-27,56,442,7.74,False,Unknown,Weather,Increasing,Budget,,,,False
3464,2024-03-12,16,420,24.58,False,Holiday,Weather,Stable,Budget,,,,False
3529,2024-04-25,86,461,9.2,False,Holiday,Competitor Pricing,Increasing,Budget,,,,False
2219,2024-03-04,49,294,37.17,False,Unknown,Weather,Stable,Budget,,,,False
5624,2024-01-21,84,141,82.53,False,Holiday,Weather,Increasing,Premium,,,,False
3780,2024-10-07,89,340,57.24,True,Unknown,Economic Indicator,Stable,Budget,,,,False
7951,2024-01-12,60,169,52.73,False,Festival,Economic Indicator,Increasing,Budget,,,,False
9514,2024-10-12,49,315,9.9,True,Festival,Economic Indicator,Increasing,Budget,,,,False
7629,2024-10-01,58,415,44.98,True,Holiday,Weather,Stable,Regular,,,,False
9690,2024-10-18,22,316,64.11,True,Holiday,Unknown,Increasing,Budget,,,,False
6627,2024-08-11,39,477,83.15,False,Holiday,Weather,Stable,Budget,,,,False
6939,2024-03-06,93,91,50.06,False,Festival,Competitor Pricing,Stable,Premium,,,,False
8158,2024-08-21,40,387,69.54,False,Unknown,Economic Indicator,Increasing,Premium,,,,False
7314,2024-06-05,59,460,27.26,True,Unknown,Economic Indicator,Increasing,Regular,,,,False
1075,2024-02-01,8,496,60.44,True,Holiday,Competitor Pricing,Increasing,Regular,,,,False
5518,2024-12-13,17,264,12.98,False,Holiday,Economic Indicator,Decreasing,Budget,,,,False
6044,2024-01-10,47,406,8.45,True,Unknown,Economic Indicator,Decreasing,Regular,,,,False
9577,2024-03-01,52,235,62.56,True,Unknown,Unknown,Stable,Budget,,,,False
7471,2024-10-09,12,29,58.53,False,Unknown,Economic Indicator,Stable,Premium,,,,False
6192,2024-08-29,2,226,48.0,True,Festival,Economic Indicator,Decreasing,Budget,,,,False
2089,2024-09-01,33,2,56.64,False,Unknown,Competitor Pricing,Increasing,Budget,,,,False
4380,2024-03-09,58,79,14.82,False,Holiday,Economic Indicator,Increasing,Premium,,,,False
3442,2024-01-08,38,91,72.07,True,Festival,Competitor Pricing,Decreasing,Premium,,,,False
8741,2024-12-15,27,218,79.38,True,Unknown,Unknown,Decreasing,Regular,,,,False
5047,2024-08-30,95,52,24.15,True,Holiday,Weather,Increasing,Regular,,,,False
3869,2024-05-15,93,449,73.04,False,Holiday,Competitor Pricing,Increasing,Budget,,,,False
9014,2024-01-27,53,64,29.87,True,Unknown,Weather,Decreasing,Budget,,,,False
4199,2024-06-14,86,121,75.9,False,Unknown,Weather,Increasing,Premium,,,,False
3662,2024-03-25,55,257,96.28,False,Festival,Competitor Pricing,Decreasing,Budget,,,,False
1717,2024-03-17,92,276,77.88,False,Holiday,Competitor Pricing,Stable,Budget,,,,False
6599,2024-11-22,67,108,65.6,False,Holiday,Weather,Increasing,Budget,,,,False
7313,2024-04-28,98,60,87.14,False,Holiday,Unknown,Increasing,Budget,,,,False
2440,2024-11-29,56,278,96.68,True,Festival,Competitor Pricing,Decreasing,Budget,,,,False
8817,2024-01-21,44,115,78.1,True,Holiday,Competitor Pricing,Increasing,Premium,,,,False
3456,2024-12-10,58,151,14.48,False,Unknown,Weather,Increasing,Premium,,,,False
2109,2024-11-10,26,204,28.26,False,Unknown,Competitor Pricing,Increasing,Budget,,,,False
3484,2024-06-19,67,386,87.23,True,Holiday,Competitor Pricing,Decreasing,Regular,,,,False
9230,2024-03-14,99,171,49.09,True,Unknown,Economic Indicator,Increasing,Regular,,,,False
7118,2024-10-07,69,86,69.76,False,Festival,Unknown,Decreasing,Budget,,,,False
8523,2024-01-19,54,191,8.69,True,Holiday,Weather,Decreasing,Budget,,,,False
7761,2024-06-15,68,199,35.78,True,Unknown,Unknown,Stable,Regular,,,,False
3974,2024-03-19,23,224,42.17,True,Unknown,Economic Indicator,Increasing,Regular,,,,False
5163,2024-10-19,11,162,31.43,False,Festival,Economic Indicator,Stable,Budget,,,,False
9577,2024-05-04,26,315,20.19,False,Unknown,Unknown,Decreasing,Regular,,,,False
5943,2024-03-11,27,124,68.36,False,Festival,Competitor Pricing,Stable,Regular,,,,False
5406,2024-11-13,25,251,25.81,False,Holiday,Competitor Pricing,Decreasing,Budget,,,,False
2949,2024-10-25,83,414,76.13,False,Holiday,Competitor Pricing,Stable,Regular,,,,False
4036,2024-06-07,63,205,33.14,False,Unknown,Economic Indicator,Decreasing,Regular,,,,False
4663,2024-08-21,77,17,72.06,True,Holiday,Competitor Pricing,Stable,Regular,,,,False
2564,2024-05-23,85,101,79.04,False,Festival,Unknown,Increasing,Premium,,,,False
4412,2024-04-05,19,486,51.45,True,Holiday,Competitor Pricing,Stable,Premium,,,,False
9682,2024-07-02,94,321,88.63,True,Holiday,Weather,Stable,Budget,,,,False
4711,2024-06-04,25,444,8.71,True,Festival,Competitor Pricing,Stable,Regular,,,,False
2706,2024-03-25,61,429,90.28,True,Unknown,Economic Indicator,Decreasing,Budget,,,,False
2542,2024-04-11,80,480,52.67,True,Unknown,Economic Indicator,Stable,Premium,,,,False
3850,2024-08-16,72,144,77.23,True,Holiday,Unknown,Stable,Regular,,,,False
3826,2024-10-20,28,441,26.12,False,Unknown,Weather,Decreasing,Regular,,,,False
6708,2024-08-01,77,129,74.14,False,Unknown,Competitor Pricing,Decreasing,Premium,,,,False
4040,2024-07-16,58,6,92.06,False,Unknown,Competitor Pricing,Increasing,Premium,,,,False
1169,2024-03-11,74,431,48.31,False,Holiday,Weather,Increasing,Budget,,,,False
7686,2024-04-09,42,466,28.78,True,Unknown,Unknown,Stable,Premium,,,,False
2628,2024-08-06,42,471,52.59,True,Festival,Competitor Pricing,Increasing,Budget,,,,False
2356,2024-03-01,77,98,8.13,False,Festival,Competitor Pricing,Decreasing,Budget,,,,False
1320,2024-08-12,36,103,68.62,True,Unknown,Unknown,Increasing,Premium,,,,False
6879,2024-03-29,12,175,12.18,True,Holiday,Unknown,Stable,Budget,,,,False
7076,2024-12-13,81,191,82.99,False,Festival,Competitor Pricing,Stable,Budget,,,,False
8955,2024-12-07,70,359,41.43,True,Holiday,Unknown,Decreasing,Regular,,,,False
3331,2024-08-20,72,436,58.19,False,Unknown,Weather,Stable,Premium,,,,False
5359,2024-08-27,37,251,13.93,False,Holiday,Economic Indicator,Increasing,Premium,,,,False
7457,2024-03-14,29,435,32.8,False,Festival,Weather,Stable,Regular,,,,False
3017,2024-11-11,62,88,76.44,True,Holiday,Unknown,Increasing,Regular,,,,False
9007,2024-09-08,67,79,97.3,True,Unknown,Unknown,Decreasing,Premium,,,,False
3368,2024-02-03,47,137,65.96,True,Unknown,Competitor Pricing,Stable,Premium,,,,False
8678,2024-12-13,91,486,66.53,True,Unknown,Competitor Pricing,Increasing,Regular,,,,False
4359,2024-01-17,11,218,5.85,False,Holiday,Unknown,Increasing,Regular,,,,False
8368,2024-12-15,20,387,14.18,False,Holiday,Competitor Pricing,Stable,Regular,,,,False
4430,2024-01-29,42,494,53.92,False,Unknown,Unknown,Increasing,Premium,,,,False
1256,2024-11-19,12,144,13.55,True,Unknown,Weather,Increasing,Budget,,,,False
8775,2024-08-08,55,364,39.8,True,Festival,Weather,Increasing,Budget,,,,False
7726,2024-12-17,3,398,21.9,True,Unknown,Competitor Pricing,Decreasing,Premium,,,,False
4153,2024-02-25,88,100,5.88,True,Unknown,Competitor Pricing,Decreasing,Premium,,,,False
4418,2024-12-15,91,216,18.36,False,Unknown,Unknown,Stable,Regular,,,,False
3738,2024-09-17,73,71,93.41,True,Festival,Competitor Pricing,Stable,Regular,,,,False
6314,2024-06-01,51,6,85.17,False,Unknown,Unknown,Stable,Premium,,,,False
8557,2024-05-21,40,418,87.74,False,Festival,Weather,Decreasing,Budget,,,,False
5496,2024-08-20,34,234,7.79,True,Unknown,Weather,Increasing,Budget,,,,False
3536,2024-06-14,94,321,71.22,True,Holiday,Unknown,Stable,Budget,,,,False
1922,2024-02-21,29,362,85.02,False,Unknown,Unknown,Decreasing,Regular,,,,False
6777,2024-02-19,83,289,25.28,True,Festival,Unknown,Decreasing,Premium,,,,False
4235,2024-07-11,48,358,70.4,True,Festival,Competitor Pricing,Stable,Budget,,,,False
5053,2024-09-08,63,180,76.86,True,Festival,Economic Indicator,Decreasing,Regular,,,,False
2064,2024-04-02,48,404,57.29,True,Unknown,Economic Indicator,Stable,Premium,,,,False
7499,2024-11-01,30,103,77.69,False,Festival,Economic Indicator,Increasing,Premium,,,,False
5246,2024-10-18,75,133,99.2,True,Festival,Weather,Increasing,Premium,,,,False
3576,2024-09-02,73,420,18.78,True,Holiday,Unknown,Stable,Premium,,,,False
6977,2024-06-02,68,42,8.93,False,Festival,Unknown,Decreasing,Regular,,,,False
7583,2024-08-21,75,317,34.95,True,Unknown,Competitor Pricing,Stable,Premium,,,,False
9218,2024-08-17,72,225,29.57,False,Unknown,Unknown,Increasing,Budget,,,,False
7368,2024-08-10,25,472,91.68,True,Festival,Competitor Pricing,Increasing,Budget,,,,False
8859,2024-08-04,78,427,76.03,False,Unknown,Economic Indicator,Increasing,Regular,,,,False
4041,2024-08-01,98,264,41.49,True,Holiday,Economic Indicator,Decreasing,Premium,,,,False
2399,2024-08-10,7,485,80.21,True,Holiday,Unknown,Stable,Regular,,,,False
8715,2024-06-13,74,300,38.9,True,Festival,Unknown,Stable,Regular,,,,False
9027,2024-04-10,6,206,37.97,False,Holiday,Economic Indicator,Increasing,Budget,,,,False
5106,2024-07-29,62,77,93.88,True,Unknown,Economic Indicator,Stable,Budget,,,,False
2656,2024-01-23,16,98,70.46,True,Holiday,Economic Indicator,Increasing,Budget,,,,False
9309,2024-11-20,62,182,57.31,True,Unknown,Economic Indicator,Stable,Budget,,,,False
1073,2024-06-05,83,21,33.14,False,Holiday,Competitor Pricing,Decreasing,Regular,,,,False
7793,2024-11-19,47,14,65.22,False,Festival,Unknown,Increasing,Premium,,,,False
1772,2024-10-29,7,382,57.59,False,Holiday,Competitor Pricing,Stable,Budget,,,,False
3509,2024-05-23,78,262,87.65,False,Holiday,Economic Indicator,Stable,Premium,,,,False
8829,2024-11-21,30,318,77.03,True,Unknown,Weather,Increasing,Budget,,,,False
6594,2024-01-20,94,159,86.19,False,Unknown,Economic Indicator,Decreasing,Premium,,,,False
2977,2024-09-08,76,476,87.58,False,Holiday,Competitor Pricing,Decreasing,Regular,,,,False
4056,2024-12-05,27,429,83.02,True,Festival,Economic Indicator,Stable,Regular,,,,False
5943,2024-01-23,46,404,98.29,True,Unknown,Unknown,Increasing,Premium,,,,False
4041,2024-06-29,33,52,33.69,False,Festival,Unknown,Increasing,Regular,,,,False
3861,2024-01-16,74,68,13.31,False,Holiday,Weather,Stable,Budget,,,,False
8160,2024-11-09,25,33,43.89,True,Unknown,Economic Indicator,Increasing,Budget,,,,False
6033,2024-07-20,23,43,26.75,True,Festival,Unknown,Stable,Budget,,,,False
6967,2024-04-07,20,242,35.42,False,Unknown,Competitor Pricing,Stable,Regular,,,,False
1817,2024-09-04,36,68,62.04,False,Festival,Economic Indicator,Increasing,Premium,54.32,97.91,1.69,True
9943,2024-06-29,93,396,96.12,True,Festival,Economic Indicator,Decreasing,Regular,,,,False
8065,2024-03-05,85,24,84.77,False,Festival,Economic Indicator,Stable,Budget,,,,False
3567,2024-11-04,59,435,91.6,True,Festival,Competitor Pricing,Decreasing,Premium,,,,False
9100,2024-04-04,60,75,90.47,False,Unknown,Weather,Decreasing,Budget,,,,False
3497,2024-04-22,21,415,96.34,False,Unknown,Economic Indicator,Stable,Budget,,,,False
5630,2024-01-19,75,449,76.74,True,Holiday,Weather,Decreasing,Premium,,,,False
9632,2024-05-29,45,346,95.79,True,Holiday,Weather,Decreasing,Regular,,,,False
3939,2024-12-05,86,114,76.47,False,Unknown,Economic Indicator,Decreasing,Regular,,,,False
5535,2024-07-19,1,130,32.28,True,Holiday,Economic Indicator,Decreasing,Premium,64.13,82.6,1.48,True
5760,2024-02-09,61,40,16.38,False,Holiday,Competitor Pricing,Increasing,Regular,,,,False
1017,2024-07-14,45,20,43.75,False,Holiday,Unknown,Decreasing,Budget,,,,False
8872,2024-10-31,15,58,30.06,True,Festival,Weather,Decreasing,Regular,,,,False
5482,2024-08-18,64,244,62.36,False,Unknown,Economic Indicator,Increasing,Premium,,,,False
5801,2024-04-10,4,466,27.27,False,Unknown,Competitor Pricing,Stable,Budget,,,,False
7061,2024-04-27,53,279,44.59,True,Festival,Unknown,Stable,Budget,,,,False
5183,2024-07-31,30,293,46.5,True,Holiday,Competitor Pricing,Decreasing,Budget,,,,False
9790,2024-01-14,69,13,67.96,False,Unknown,Weather,Increasing,Budget,,,,False
7292,2024-05-04,90,352,32.66,True,Festival,Weather,Stable,Regular,,,,False
6717,2024-01-05,50,268,41.48,True,Festival,Weather,Decreasing,Budget,,,,False
5827,2024-09-11,2,337,34.44,False,Unknown,Economic Indicator,Decreasing,Budget,,,,False
5664,2024-09-24,81,12,73.9,False,Holiday,Unknown,Decreasing,Budget,,,,False
7526,2024-11-05,94,376,13.74,False,Unknown,Competitor Pricing,Increasing,Budget,,,,False
4914,2024-01-15,89,254,97.86,True,Holiday,Economic Indicator,Decreasing,Premium,,,,False
2290,2024-01-23,95,272,81.57,False,Festival,Unknown,Increasing,Premium,,,,False
9851,2024-03-12,22,345,19.32,False,Holiday,Unknown,Decreasing,Regular,,,,False
5375,2024-12-19,70,86,12.76,True,Festival,Unknown,Decreasing,Budget,,,,False
1874,2024-03-22,23,182,6.85,True,Festival,Competitor Pricing,Increasing,Budget,44.67,36.16,1.55,True
4763,2024-10-10,90,422,87.67,False,Holiday,Competitor Pricing,Decreasing,Regular,,,,False
7165,2024-03-10,81,157,42.95,False,Festival,Competitor Pricing,Stable,Budget,,,,False
4364,2024-05-09,8,366,88.75,False,Holiday,Economic Indicator,Stable,Regular,,,,False
4995,2024-10-14,72,343,67.96,True,Unknown,Competitor Pricing,Stable,Budget,,,,False
2958,2024-03-29,34,303,69.64,False,Holiday,Economic Indicator,Stable,Premium,,,,False
7678,2024-11-11,57,250,27.52,True,Festival,Competitor Pricing,Stable,Budget,,,,False
9137,2024-01-02,64,474,6.93,False,Unknown,Economic Indicator,Stable,Regular,,,,False
6981,2024-06-13,10,424,65.69,False,Festival,Economic Indicator,Stable,Regular,,,,False
9142,2024-11-28,34,152,54.73,True,Unknown,Weather,Decreasing,Premium,,,,False
6434,2024-11-03,9,187,68.16,False,Unknown,Unknown,Stable,Budget,,,,False
8982,2024-03-23,81,195,59.98,True,Festival,Competitor Pricing,Decreasing,Budget,,,,False
2963,2024-07-18,30,174,7.32,True,Festival,Competitor Pricing,Increasing,Premium,43.29,92.66,1.8,True
9758,2024-06-09,19,173,14.5,False,Holiday,Competitor Pricing,Stable,Budget,,,,False
7173,2024-07-23,35,8,97.33,True,Unknown,Economic Indicator,Decreasing,Regular,,,,False
2996,2024-06-04,58,82,52.42,True,Festival,Competitor Pricing,Decreasing,Budget,,,,False
6235,2024-07-13,56,393,52.46,False,Holiday,Unknown,Decreasing,Premium,,,,False
5511,2024-09-30,68,39,59.29,False,Festival,Economic Indicator,Increasing,Regular,,,,False
6323,2024-05-12,80,325,89.75,True,Unknown,Economic Indicator,Increasing,Premium,,,,False
3214,2024-11-13,76,53,38.87,True,Festival,Economic Indicator,Decreasing,Budget,,,,False
1127,2024-09-06,91,278,48.4,True,Holiday,Competitor Pricing,Decreasing,Regular,,,,False
1696,2024-05-25,34,111,58.21,True,Unknown,Economic Indicator,Stable,Premium,,,,False
4551,2024-02-22,40,32,94.31,True,Festival,Weather,Increasing,Regular,,,,False
7149,2024-06-19,11,292,79.23,False,Festival,Unknown,Stable,Regular,,,,False
3390,2024-08-18,18,141,5.21,False,Festival,Competitor Pricing,Decreasing,Budget,,,,False
3823,2024-02-18,20,497,78.22,True,Holiday,Weather,Increasing,Budget,,,,False
6312,2024-07-01,63,191,88.77,False,Holiday,Unknown,Stable,Regular,,,,False
8366,2024-02-25,81,403,73.33,True,Holiday,Competitor Pricing,Decreasing,Budget,,,,False
6812,2024-12-10,85,259,64.77,False,Unknown,Economic Indicator,Stable,Regular,,,,False
1516,2024-02-01,62,224,89.0,True,Unknown,Competitor Pricing,Stable,Regular,,,,False
2667,2024-05-30,11,479,73.2,False,Unknown,Weather,Increasing,Regular,,,,False
8348,2024-10-26,11,199,33.13,False,Unknown,Weather,Increasing,Premium,,,,False
4615,2024-01-24,26,465,43.37,True,Festival,Unknown,Increasing,Premium,,,,False
7382,2024-02-02,96,489,96.15,False,Unknown,Competitor Pricing,Increasing,Budget,,,,False
1262,2024-07-29,49,384,70.69,False,Unknown,Economic Indicator,Increasing,Premium,,,,False
2489,2024-06-27,6,20,36.65,False,Holiday,Economic Indicator,Increasing,Premium,,,,False
6967,2024-05-22,92,165,83.26,False,Holiday,Economic Indicator,Increasing,Premium,,,,False
4608,2024-01-25,85,113,54.26,True,Festival,Economic Indicator,Decreasing,Premium,,,,False
3481,2024-07-30,47,337,34.84,True,Holiday,Weather,Decreasing,Regular,,,,False
3307,2024-02-23,90,441,95.22,True,Holiday,Economic Indicator,Stable,Budget,,,,False
9412,2024-09-06,42,323,64.42,True,Holiday,Competitor Pricing,Decreasing,Premium,,,,False
4455,2024-03-20,16,454,26.75,True,Festival,Economic Indicator,Increasing,Regular,,,,False
9803,2024-09-30,86,450,48.48,False,Festival,Unknown,Stable,Premium,,,,False
5305,2024-01-17,28,20,19.25,True,Festival,Unknown,Decreasing,Premium,,,,False
4497,2024-10-21,16,302,57.94,False,Festival,Weather,Stable,Regular,,,,False
3815,2024-12-26,95,106,74.74,False,Unknown,Unknown,Decreasing,Premium,,,,False
2328,2024-05-03,31,119,35.33,False,Festival,Weather,Stable,Budget,,,,False
2345,2024-11-13,58,132,45.74,False,Festival,Weather,Decreasing,Premium,,,,False
4092,2024-09-09,52,232,71.8,False,Unknown,Economic Indicator,Stable,Premium,,,,False
3259,2024-12-02,84,352,39.59,False,Holiday,Weather,Decreasing,Regular,,,,False
6711,2024-05-26,33,340,93.65,False,Holiday,Unknown,Increasing,Premium,,,,False
7352,2024-10-05,28,348,75.65,False,Festival,Unknown,Increasing,Regular,,,,False
5299,2024-12-17,31,332,88.48,False,Festival,Economic Indicator,Stable,Regular,,,,False
7332,2024-07-07,9,199,19.4,True,Holiday,Weather,Increasing,Premium,,,,False
9098,2024-07-04,9,462,25.21,False,Festival,Competitor Pricing,Decreasing,Budget,,,,False
5112,2024-04-14,50,303,86.45,False,Festival,Unknown,Increasing,Premium,80.37,25.05,0.92,True
8081,2024-11-30,20,79,19.57,True,Holiday,Weather,Stable,Regular,,,,False
8710,2024-04-09,54,131,18.09,False,Unknown,Weather,Decreasing,Budget,,,,False
1276,2024-05-08,7,418,28.21,False,Holiday,Competitor Pricing,Stable,Budget,,,,False
5099,2024-09-02,82,305,32.67,True,Unknown,Competitor Pricing,Decreasing,Budget,,,,False
6619,2024-12-21,40,437,5.46,True,Festival,Economic Indicator,Decreasing,Regular,,,,False
4006,2024-11-09,73,154,45.26,False,Unknown,Economic Indicator,Increasing,Regular,,,,False
3303,2024-03-28,51,254,24.29,True,Holiday,Competitor Pricing,Stable,Regular,,,,False
8346,2024-09-14,70,315,16.29,True,Holiday,Unknown,Increasing,Regular,,,,False
9390,2024-10-23,87,326,7.13,False,Festival,Unknown,Decreasing,Regular,,,,False
4035,2024-04-17,34,39,89.27,False,Holiday,Weather,Decreasing,Premium,,,,False
7893,2024-01-27,63,428,95.05,False,Festival,Weather,Stable,Budget,,,,False
8035,2024-04-02,72,18,87.82,True,Unknown,Competitor Pricing,Decreasing,Budget,,,,False
9040,2024-01-19,26,476,23.9,True,Holiday,Unknown,Increasing,Regular,,,,False
8202,2024-11-25,68,75,60.32,False,Holiday,Economic Indicator,Increasing,Regular,,,,False
3522,2024-11-01,54,351,82.87,True,Unknown,Competitor Pricing,Decreasing,Premium,,,,False
3709,2024-09-10,59,345,91.11,False,Unknown,Unknown,Stable,Budget,,,,False
4577,2024-09-17,58,344,5.22,True,Holiday,Unknown,Decreasing,Budget,,,,False
4620,2024-12-26,33,273,81.28,False,Holiday,Weather,Stable,Premium,,,,False
4611,2024-10-09,44,423,74.57,True,Unknown,Competitor Pricing,Decreasing,Regular,18.97,36.54,0.77,True
4745,2024-07-30,91,248,5.09,True,Unknown,Unknown,Increasing,Budget,,,,False
2892,2024-02-03,14,435,75.86,False,Holiday,Weather,Stable,Regular,,,,False
2712,2024-12-19,37,426,97.69,False,Festival,Unknown,Increasing,Budget,,,,False
8371,2024-03-27,76,57,80.52,True,Holiday,Competitor Pricing,Increasing,Budget,,,,False
2688,2024-11-08,68,185,37.73,False,Unknown,Weather,Stable,Regular,,,,False
9037,2024-05-03,6,73,80.09,False,Unknown,Economic Indicator,Stable,Premium,,,,False
2005,2024-05-22,71,450,58.19,False,Unknown,Unknown,Stable,Budget,,,,False
6549,2024-07-29,12,126,19.31,True,Unknown,Competitor Pricing,Decreasing,Premium,,,,False
1457,2024-10-24,62,474,25.43,False,Holiday,Unknown,Stable,Premium,,,,False
5004,2024-06-11,18,99,11.65,True,Festival,Competitor Pricing,Stable,Premium,,,,False
4636,2024-02-13,1,195,26.89,False,Unknown,Unknown,Decreasing,Budget,,,,False
9355,2024-11-14,10,167,94.3,False,Holiday,Unknown,Decreasing,Regular,,,,False
4441,2024-06-26,39,27,70.4,False,Unknown,Competitor Pricing,Decreasing,Premium,,,,False
3046,2024-10-19,24,306,26.21,True,Holiday,Economic Indicator,Increasing,Premium,,,,False
7793,2024-06-25,77,480,50.43,False,Festival,Weather,Stable,Budget,,,,False
5482,2024-07-19,10,133,34.88,True,Festival,Weather,Stable,Premium,,,,False
8242,2024-10-28,47,249,25.22,True,Festival,Weather,Decreasing,Budget,,,,False
6174,2024-10-17,25,270,34.6,True,Holiday,Competitor Pricing,Stable,Premium,,,,False
6882,2024-06-06,51,161,45.79,True,Unknown,Weather,Increasing,Regular,,,,False
5014,2024-04-05,53,61,64.67,False,Unknown,Competitor Pricing,Decreasing,Regular,,,,False
3263,2024-11-18,40,173,73.46,True,Holiday,Weather,Increasing,Budget,,,,False
1024,2024-06-07,31,430,42.44,True,Festival,Economic Indicator,Stable,Regular,,,,False
2831,2024-04-02,82,382,24.94,True,Holiday,Economic Indicator,Increasing,Regular,,,,False
6407,2024-08-15,52,242,32.83,True,Festival,Unknown,Decreasing,Premium,,,,False
4353,2024-03-02,84,415,48.99,True,Festival,Weather,Stable,Budget,,,,False
5020,2024-10-02,49,417,89.8,True,Holiday,Economic Indicator,Stable,Premium,,,,False
6207,2024-10-01,26,382,46.26,False,Festival,Economic Indicator,Decreasing,Premium,,,,False
7597,2024-05-17,46,25,99.46,False,Holiday,Weather,Increasing,Budget,,,,False
8024,2024-07-14,44,279,35.91,True,Festival,Unknown,Stable,Budget,,,,False
6970,2024-05-28,43,341,45.29,True,Festival,Weather,Stable,Regular,,,,False
2642,2024-09-28,59,18,56.95,False,Holiday,Unknown,Stable,Premium,,,,False
7217,2024-09-02,58,244,47.62,False,Unknown,Economic Indicator,Increasing,Regular,,,,False
7416,2024-12-20,7,213,9.08,True,Festival,Weather,Decreasing,Premium,,,,False
9206,2024-03-19,40,178,95.93,True,Holiday,Competitor Pricing,Decreasing,Regular,,,,False
1661,2024-10-31,66,417,35.45,False,Unknown,Unknown,Increasing,Regular,,,,False
8146,2024-03-04,77,499,43.02,True,Holiday,Weather,Stable,Premium,,,,False
6431,2024-11-07,98,268,29.83,True,Festival,Economic Indicator,Decreasing,Premium,,,,False
7421,2024-02-11,16,171,61.47,False,Festival,Economic Indicator,Stable,Premium,,,,False
6575,2024-02-26,71,201,43.44,True,Festival,Economic Indicator,Stable,Budget,,,,False
8516,2024-05-25,43,191,82.56,False,Unknown,Competitor Pricing,Decreasing,Regular,,,,False
1601,2024-02-08,42,272,37.63,True,Holiday,Economic Indicator,Increasing,Regular,,,,False
6753,2024-06-26,88,458,29.32,True,Unknown,Unknown,Increasing,Budget,,,,False
7451,2024-11-22,60,386,87.64,False,Unknown,Weather,Increasing,Premium,,,,False
9817,2024-05-23,56,367,69.62,True,Holiday,Economic Indicator,Increasing,Premium,,,,False
5956,2024-09-08,13,379,24.93,True,Unknown,Unknown,Decreasing,Premium,,,,False
2685,2024-04-17,5,55,31.3,False,Holiday,Economic Indicator,Stable,Premium,,,,False
5008,2024-06-14,2,490,99.91,True,Holiday,Economic Indicator,Decreasing,Budget,,,,False
2208,2024-10-12,69,5,33.88,True,Unknown,Economic Indicator,Increasing,Regular,,,,False
1695,2024-06-07,75,116,39.03,False,Unknown,Weather,Increasing,Premium,,,,False
6634,2024-05-07,37,299,28.62,True,Holiday,Competitor Pricing,Increasing,Budget,,,,False
2727,2024-07-21,49,138,33.94,True,Unknown,Weather,Decreasing,Regular,,,,False
8414,2024-02-06,36,491,11.64,True,Unknown,Weather,Decreasing,Budget,,,,False
7455,2024-12-13,53,8,79.14,True,Unknown,Economic Indicator,Decreasing,Premium,,,,False
7699,2024-04-16,40,402,21.77,True,Unknown,Competitor Pricing,Stable,Budget,,,,False
7508,2024-07-10,93,332,93.87,False,Holiday,Economic Indicator,Decreasing,Budget,,,,False
7542,2024-05-16,78,174,39.19,True,Holiday,Unknown,Stable,Budget,,,,False
5032,2024-08-21,23,421,53.84,False,Unknown,Competitor Pricing,Increasing,Premium,,,,False
7748,2024-08-20,64,11,26.24,True,Unknown,Economic Indicator,Increasing,Premium,,,,False
7526,2024-03-28,5,289,65.56,True,Holiday,Competitor Pricing,Decreasing,Regular,,,,False
4254,2024-12-24,77,407,82.46,True,Holiday,Weather,Decreasing,Regular,,,,False
7341,2024-11-13,43,84,62.05,False,Festival,Unknown,Stable,Premium,,,,False
9024,2024-08-01,42,421,97.92,True,Holiday,Weather,Decreasing,Budget,,,,False
4398,2024-04-12,34,82,46.31,True,Holiday,Weather,Stable,Premium,,,,False
9305,2024-11-21,9,80,82.55,True,Holiday,Competitor Pricing,Stable,Budget,,,,False
2279,2024-09-12,69,95,80.95,False,Holiday,Unknown,Stable,Premium,,,,False
7742,2024-08-08,78,366,41.72,False,Unknown,Economic Indicator,Increasing,Premium,,,,False
6542,2024-02-08,27,19,33.96,False,Holiday,Unknown,Decreasing,Premium,,,,False
2044,2024-06-16,61,383,13.75,True,Unknown,Unknown,Increasing,Premium,,,,False
5005,2024-12-05,88,184,80.72,False,Holiday,Weather,Decreasing,Budget,,,,False
7296,2024-04-13,58,276,24.45,True,Festival,Weather,Increasing,Budget,,,,False
8142,2024-05-08,47,263,94.69,False,Festival,Unknown,Decreasing,Budget,,,,False
6078,2024-12-26,7,408,69.2,False,Unknown,Unknown,Increasing,Premium,,,,False
9503,2024-12-17,47,234,16.75,False,Festival,Economic Indicator,Increasing,Regular,,,,False
2370,2024-04-25,12,279,67.16,False,Festival,Unknown,Decreasing,Regular,,,,False
6137,2024-08-21,6,462,33.98,False,Holiday,Economic Indicator,Decreasing,Regular,,,,False
4722,2024-09-24,26,339,37.91,True,Holiday,Competitor Pricing,Increasing,Budget,,,,False
3740,2024-02-27,2,79,66.93,False,Festival,Weather,Increasing,Premium,,,,False
8829,2024-10-02,15,341,58.41,True,Holiday,Unknown,Decreasing,Premium,,,,False
7898,2024-11-18,2,108,59.72,False,Holiday,Competitor Pricing,Decreasing,Regular,,,,False
6922,2024-03-27,33,483,72.45,False,Holiday,Economic Indicator,Decreasing,Budget,,,,False
4115,2024-08-04,18,251,35.74,True,Unknown,Weather,Increasing,Premium,,,,False
7517,2024-03-05,77,466,65.9,True,Unknown,Competitor Pricing,Stable,Premium,,,,False
9123,2024-07-03,45,23,87.23,True,Festival,Unknown,Increasing,Premium,97.02,93.37,0.64,True
8379,2024-06-27,63,356,36.49,False,Holiday,Weather,Increasing,Premium,,,,False
8228,2024-11-26,60,485,24.66,True,Unknown,Unknown,Stable,Budget,,,,False
3956,2024-08-03,59,91,20.19,True,Festival,Weather,Stable,Premium,,,,False
1413,2024-02-23,37,494,38.4,False,Unknown,Unknown,Increasing,Regular,,,,False
9293,2024-08-08,41,424,39.49,False,Unknown,Weather,Stable,Regular,,,,False
8485,2024-01-09,9,47,76.86,False,Holiday,Economic Indicator,Stable,Regular,,,,False
3590,2024-07-02,70,114,15.7,True,Unknown,Competitor Pricing,Stable,Regular,,,,False
4693,2024-10-12,86,55,27.05,False,Unknown,Competitor Pricing,Decreasing,Premium,,,,False
7770,2024-10-06,62,466,40.94,True,Holiday,Weather,Stable,Regular,,,,False
6065,2024-06-21,70,375,57.17,False,Unknown,Unknown,Stable,Premium,,,,False
1096,2024-10-09,65,189,63.49,False,Holiday,Competitor Pricing,Decreasing,Premium,,,,False
1856,2024-01-31,10,27,88.16,True,Unknown,Unknown,Increasing,Budget,,,,False
6506,2024-04-22,5,92,23.19,True,Holiday,Unknown,Decreasing,Budget,,,,False
1620,2024-03-23,24,135,76.5,True,Festival,Economic Indicator,Decreasing,Budget,,,,False
3986,2024-09-28,28,174,89.1,True,Holiday,Competitor Pricing,Decreasing,Budget,,,,False
1076,2024-08-18,96,498,8.65,False,Unknown,Economic Indicator,Increasing,Premium,,,,False
8049,2024-12-08,1,173,93.19,False,Unknown,Weather,Decreasing,Budget,,,,False
5475,2024-03-19,9,204,94.52,False,Unknown,Weather,Increasing,Budget,,,,False
2706,2024-01-13,58,21,87.49,False,Festival,Competitor Pricing,Stable,Regular,,,,False
2022,2024-04-10,28,251,13.23,True,Holiday,Economic Indicator,Increasing,Budget,,,,False
1984,2024-12-15,86,79,54.79,True,Holiday,Economic Indicator,Increasing,Premium,,,,False
7785,2024-04-18,8,267,38.29,True,Festival,Economic Indicator,Decreasing,Premium,,,,False
8325,2024-01-25,7,359,24.81,False,Holiday,Weather,Increasing,Premium,,,,False
7577,2024-09-21,34,117,8.85,False,Festival,Unknown,Increasing,Budget,,,,False
2647,2024-08-21,13,70,28.6,False,Holiday,Economic Indicator,Stable,Regular,,,,False
2334,2024-09-14,58,57,30.6,False,Unknown,Competitor Pricing,Stable,Premium,,,,False
2545,2024-11-11,71,365,95.27,True,Unknown,Competitor Pricing,Decreasing,Premium,,,,False
4795,2024-07-05,25,206,27.6,False,Unknown,Economic Indicator,Increasing,Regular,,,,False
8178,2024-07-09,60,365,11.52,False,Holiday,Competitor Pricing,Increasing,Premium,,,,False
4853,2024-09-03,71,169,36.37,True,Holiday,Economic Indicator,Increasing,Regular,,,,False
1726,2024-03-15,69,472,54.79,False,Holiday,Economic Indicator,Stable,Regular,,,,False
6788,2024-11-13,70,319,72.89,True,Holiday,Unknown,Increasing,Budget,,,,False
1663,2024-11-04,59,22,17.19,False,Holiday,Economic Indicator,Decreasing,Regular,,,,False
5149,2024-11-08,41,240,72.74,True,Festival,Unknown,Decreasing,Regular,,,,False
5868,2024-03-30,24,397,25.84,True,Holiday,Economic Indicator,Increasing,Regular,,,,False
8973,2024-11-03,9,361,29.33,False,Holiday,Weather,Increasing,Regular,,,,False
9022,2024-09-26,99,251,91.17,True,Unknown,Competitor Pricing,Increasing,Budget,,,,False
6182,2024-07-21,22,48,52.58,False,Holiday,Unknown,Increasing,Premium,,,,False
8889,2024-11-09,62,34,58.71,True,Festival,Weather,Decreasing,Premium,,,,False
3655,2024-09-14,57,191,32.04,False,Festival,Weather,Stable,Premium,,,,False
3005,2024-02-19,28,54,68.73,True,Holiday,Competitor Pricing,Increasing,Premium,,,,False
2208,2024-08-14,75,150,48.9,True,Festival,Weather,Decreasing,Budget,,,,False
4298,2024-09-17,21,8,96.56,True,Festival,Competitor Pricing,Decreasing,Budget,,,,False
7756,2024-09-29,73,471,83.19,True,Unknown,Unknown,Decreasing,Budget,,,,False
2317,2024-06-13,2,106,85.04,True,Unknown,Competitor Pricing,Stable,Premium,,,,False
9570,2024-11-02,18,269,51.85,True,Unknown,Competitor Pricing,Stable,Regular,,,,False
2465,2024-08-01,6,484,76.43,False,Unknown,Weather,Decreasing,Budget,,,,False
2443,2024-07-14,50,225,14.51,True,Unknown,Weather,Increasing,Premium,,,,False
2473,2024-03-18,60,218,82.58,True,Festival,Unknown,Decreasing,Budget,,,,False
8202,2024-11-11,53,237,36.54,True,Festival,Weather,Decreasing,Regular,,,,False
4026,2024-06-03,78,348,96.92,False,Unknown,Unknown,Increasing,Budget,,,,False
8311,2024-02-15,8,223,24.36,True,Unknown,Competitor Pricing,Stable,Regular,,,,False
5783,2024-07-11,11,233,45.69,False,Festival,Unknown,Stable,Regular,,,,False
1589,2024-09-11,16,406,66.54,False,Unknown,Weather,Increasing,Regular,,,,False
4405,2024-05-03,42,390,58.48,True,Festival,Competitor Pricing,Decreasing,Premium,,,,False
2730,2024-11-11,19,5,35.3,False,Festival,Weather,Stable,Regular,,,,False
9717,2024-10-24,11,368,62.12,True,Unknown,Economic Indicator,Stable,Regular,,,,False
9353,2024-06-24,97,109,12.58,True,Unknown,Weather,Increasing,Regular,,,,False
8092,2024-03-25,73,6,22.44,False,Holiday,Unknown,Stable,Regular,,,,False
9341,2024-08-25,39,344,29.55,True,Festival,Weather,Increasing,Regular,,,,False
9915,2024-11-22,51,408,38.99,True,Holiday,Economic Indicator,Decreasing,Budget,,,,False
9381,2024-03-03,32,163,55.86,False,Unknown,Unknown,Decreasing,Budget,,,,False
4367,2024-02-04,36,345,57.2,True,Unknown,Unknown,Stable,Budget,,,,False
8492,2024-12-20,98,134,77.01,True,Unknown,Economic Indicator,Increasing,Regular,,,,False
7255,2024-09-20,41,341,90.8,False,Festival,Unknown,Stable,Premium,,,,False
5512,2024-06-16,64,248,80.76,True,Festival,Competitor Pricing,Increasing,Premium,,,,False
8707,2024-01-31,76,261,5.49,False,Holiday,Weather,Increasing,Premium,,,,False
3627,2024-11-12,93,439,14.9,False,Festival,Weather,Stable,Premium,,,,False
8387,2024-01-06,28,74,61.38,False,Holiday,Weather,Increasing,Regular,,,,False
5327,2024-11-03,81,89,48.68,False,Unknown,Unknown,Decreasing,Premium,,,,False
9861,2024-12-05,72,194,8.31,True,Festival,Weather,Increasing,Budget,,,,False
5331,2024-03-26,87,302,12.08,True,Unknown,Weather,Increasing,Premium,,,,False
3597,2024-02-21,65,63,70.55,False,Unknown,Weather,Increasing,Budget,,,,False
1296,2024-01-09,73,364,22.38,True,Unknown,Weather,Decreasing,Premium,,,,False
8973,2024-09-14,29,376,83.24,False,Holiday,Unknown,Decreasing,Budget,,,,False
6901,2024-11-17,65,120,70.19,True,Unknown,Economic Indicator,Decreasing,Regular,,,,False
5089,2024-09-13,65,292,59.53,False,Holiday,Economic Indicator,Stable,Premium,,,,False
7839,2024-06-27,23,227,77.56,False,Festival,Weather,Stable,Premium,,,,False
7004,2024-09-19,31,189,80.06,True,Holiday,Weather,Increasing,Premium,,,,False
7349,2024-01-21,33,225,15.7,False,Unknown,Weather,Stable,Regular,,,,False
2574,2024-04-08,83,291,96.41,False,Holiday,Economic Indicator,Increasing,Premium,,,,False
2453,2024-01-04,37,278,97.9,True,Festival,Competitor Pricing,Stable,Premium,,,,False
6832,2024-07-30,73,185,20.11,False,Festival,Weather,Decreasing,Budget,,,,False
7162,2024-10-18,53,145,89.89,False,Holiday,Competitor Pricing,Increasing,Premium,,,,False
6392,2024-12-13,13,22,65.06,True,Unknown,Economic Indicator,Stable,Budget,,,,False
8943,2024-11-01,43,48,92.13,True,Unknown,Competitor Pricing,Decreasing,Premium,,,,False
4600,2024-07-10,6,163,27.04,True,Festival,Competitor Pricing,Increasing,Budget,,,,False
4970,2024-02-05,60,187,43.24,True,Festival,Competitor Pricing,Increasing,Budget,,,,False
3402,2024-01-09,77,183,46.48,True,Unknown,Weather,Increasing,Budget,,,,False
9578,2024-04-30,82,348,31.51,True,Festival,Weather,Stable,Regular,,,,False
9776,2024-11-13,75,1,71.58,False,Unknown,Competitor Pricing,Stable,Regular,,,,False
1090,2024-09-18,61,44,61.26,True,Holiday,Economic Indicator,Increasing,Premium,,,,False
2867,2024-03-04,35,480,86.24,True,Festival,Economic Indicator,Decreasing,Premium,,,,False
8038,2024-11-24,80,190,38.37,False,Unknown,Competitor Pricing,Stable,Budget,,,,False
9653,2024-12-18,78,325,23.22,False,Unknown,Competitor Pricing,Stable,Premium,,,,False
3178,2024-12-09,28,105,10.67,False,Holiday,Competitor Pricing,Decreasing,Premium,,,,False
6836,2024-12-09,2,136,86.3,True,Unknown,Weather,Increasing,Budget,,,,False
3194,2024-05-05,75,402,41.94,False,Unknown,Competitor Pricing,Increasing,Premium,,,,False
9181,2024-04-13,64,447,27.25,True,Festival,Economic Indicator,Increasing,Premium,,,,False
4246,2024-05-07,95,152,45.8,False,Festival,Weather,Decreasing,Budget,,,,False
2281,2024-09-24,12,272,72.69,True,Holiday,Competitor Pricing,Stable,Regular,,,,False
4040,2024-05-27,14,482,59.06,True,Unknown,Weather,Stable,Regular,,,,False
5347,2024-07-27,71,447,32.69,False,Unknown,Economic Indicator,Increasing,Budget,,,,False
6672,2024-04-06,38,297,45.48,False,Unknown,Weather,Stable,Regular,,,,False
7362,2024-09-19,44,491,36.52,True,Holiday,Competitor Pricing,Decreasing,Regular,,,,False
7022,2024-02-18,56,348,24.13,False,Festival,Economic Indicator,Decreasing,Regular,,,,False
3245,2024-04-18,20,125,15.21,False,Festival,Unknown,Stable,Premium,,,,False
9850,2024-11-29,86,334,24.8,False,Festival,Unknown,Increasing,Regular,,,,False
4924,2024-02-08,33,384,55.61,True,Unknown,Competitor Pricing,Decreasing,Regular,,,,False
7898,2024-05-21,3,475,56.18,False,Holiday,Competitor Pricing,Stable,Budget,,,,False
1359,2024-02-27,41,77,48.87,False,Unknown,Weather,Increasing,Budget,,,,False
1413,2024-11-28,32,403,81.95,True,Holiday,Competitor Pricing,Stable,Regular,,,,False
3420,2024-04-25,99,479,47.4,False,Festival,Weather,Increasing,Premium,,,,False
9153,2024-08-11,66,148,94.74,True,Holiday,Unknown,Decreasing,Budget,,,,False
6060,2024-03-07,72,20,88.72,True,Unknown,Weather,Decreasing,Regular,,,,False
1211,2024-10-12,51,363,36.08,False,Unknown,Unknown,Increasing,Regular,,,,False
3652,2024-08-29,48,252,63.8,False,Unknown,Competitor Pricing,Decreasing,Budget,,,,False
6404,2024-09-05,82,6,99.79,True,Holiday,Unknown,Stable,Budget,,,,False
7941,2024-01-11,86,395,27.0,True,Festival,Unknown,Stable,Premium,,,,False
2871,2024-12-24,60,363,99.4,True,Festival,Weather,Stable,Premium,,,,False
6356,2024-11-25,5,279,40.47,True,Festival,Competitor Pricing,Increasing,Premium,,,,False
4523,2024-04-06,74,391,48.55,True,Festival,Competitor Pricing,Increasing,Premium,,,,False
4071,2024-04-15,99,75,73.35,False,Festival,Weather,Stable,Regular,,,,False
5667,2024-01-14,35,53,15.1,True,Festival,Unknown,Increasing,Regular,,,,False
9801,2024-10-28,88,336,62.44,True,Festival,Economic Indicator,Stable,Budget,,,,False
9182,2024-05-04,90,280,59.37,True,Holiday,Unknown,Decreasing,Regular,,,,False
3568,2024-09-10,71,288,32.2,True,Festival,Unknown,Stable,Regular,,,,False
1087,2024-10-30,79,383,38.31,True,Festival,Unknown,Decreasing,Premium,,,,False
2836,2024-09-02,36,313,55.72,False,Holiday,Weather,Increasing,Budget,,,,False
7833,2024-05-18,31,489,11.28,False,Festival,Weather,Stable,Premium,,,,False
8835,2024-01-22,70,50,13.1,False,Holiday,Competitor Pricing,Increasing,Premium,,,,False
7877,2024-03-26,97,296,31.42,False,Unknown,Weather,Stable,Regular,,,,False
9433,2024-06-20,24,234,49.36,True,Unknown,Economic Indicator,Increasing,Budget,,,,False
1265,2024-04-03,60,189,72.57,True,Unknown,Unknown,Increasing,Regular,,,,False
2993,2024-04-18,21,268,7.89,False,Unknown,Weather,Decreasing,Premium,,,,False
5538,2024-05-31,69,364,9.37,True,Holiday,Weather,Increasing,Regular,,,,False
1981,2024-02-14,10,135,17.78,True,Festival,Competitor Pricing,Decreasing,Budget,,,,False
3837,2024-05-16,20,17,60.72,True,Festival,Unknown,Decreasing,Regular,,,,False
1238,2024-05-30,10,34,79.98,True,Unknown,Competitor Pricing,Decreasing,Budget,,,,False
8514,2024-03-26,48,37,42.09,False,Unknown,Weather,Increasing,Regular,,,,False
2459,2024-05-08,98,127,79.01,True,Festival,Weather,Stable,Premium,,,,False
7451,2024-03-27,20,351,17.78,False,Holiday,Competitor Pricing,Decreasing,Premium,,,,False
7666,2024-05-07,77,281,35.09,False,Unknown,Weather,Decreasing,Regular,,,,False
3185,2024-08-12,99,88,87.6,False,Holiday,Weather,Decreasing,Premium,,,,False
8276,2024-08-27,6,221,89.92,False,Holiday,Unknown,Increasing,Budget,,,,False
9691,2024-04-09,26,140,51.93,True,Unknown,Economic Indicator,Decreasing,Regular,,,,False
7307,2024-01-14,14,359,20.93,True,Unknown,Weather,Stable,Budget,,,,False
8275,2024-08-04,72,211,88.32,True,Festival,Economic Indicator,Decreasing,Budget,,,,False
9471,2024-02-21,68,174,38.31,True,Holiday,Weather,Increasing,Budget,,,,False
9467,2024-11-23,13,436,35.46,False,Holiday,Economic Indicator,Increasing,Premium,,,,False
3844,2024-05-19,34,192,90.78,False,Festival,Unknown,Increasing,Budget,,,,False
4285,2024-10-15,80,332,31.33,True,Unknown,Economic Indicator,Increasing,Premium,,,,False
9228,2024-09-28,12,376,34.25,False,Unknown,Unknown,Stable,Budget,,,,False
7642,2024-04-24,25,347,34.13,False,Festival,Weather,Decreasing,Regular,,,,False
7456,2024-01-15,79,43,16.47,False,Festival,Weather,Stable,Regular,,,,False
8645,2024-11-12,66,450,33.69,False,Unknown,Competitor Pricing,Decreasing,Premium,,,,False
2756,2024-03-13,59,296,15.33,False,Unknown,Competitor Pricing,Stable,Premium,,,,False
9510,2024-06-28,71,380,51.11,True,Festival,Unknown,Decreasing,Budget,,,,False
4507,2024-11-25,86,372,83.17,False,Festival,Economic Indicator,Decreasing,Regular,,,,False
8496,2024-07-25,92,231,46.46,True,Unknown,Economic Indicator,Increasing,Regular,,,,False
8632,2024-10-07,22,117,74.81,True,Holiday,Unknown,Decreasing,Regular,,,,False
9982,2024-03-25,54,335,24.97,False,Unknown,Unknown,Increasing,Budget,,,,False
9912,2024-10-01,2,235,20.89,True,Unknown,Weather,Decreasing,Premium,,,,False
6201,2024-03-01,27,317,33.38,True,Holiday,Competitor Pricing,Increasing,Regular,,,,False
6568,2024-05-12,10,218,90.29,True,Holiday,Competitor Pricing,Stable,Budget,,,,False
7462,2024-12-27,32,202,65.52,False,Holiday,Weather,Increasing,Regular,,,,False
3201,2024-08-18,89,436,49.05,False,Unknown,Unknown,Increasing,Premium,,,,False
6709,2024-12-19,40,357,5.99,False,Festival,Competitor Pricing,Increasing,Budget,,,,False
3675,2024-09-09,78,179,75.24,False,Unknown,Competitor Pricing,Decreasing,Premium,,,,False
9982,2024-09-24,17,135,76.86,True,Unknown,Weather,Decreasing,Premium,,,,False
2938,2024-06-01,93,178,37.19,False,Unknown,Weather,Decreasing,Regular,,,,False
2077,2024-09-20,74,287,74.16,True,Festival,Competitor Pricing,Stable,Premium,,,,False
8909,2024-02-25,60,88,94.62,False,Festival,Weather,Stable,Regular,,,,False
6521,2024-09-28,16,332,60.52,True,Festival,Unknown,Stable,Premium,,,,False
1585,2024-07-23,51,81,42.63,False,Festival,Economic Indicator,Increasing,Regular,,,,False
1469,2024-04-14,55,268,41.74,True,Holiday,Competitor Pricing,Stable,Premium,,,,False
5543,2024-09-24,91,451,9.65,False,Festival,Competitor Pricing,Increasing,Regular,,,,False
5558,2024-08-28,46,282,44.78,False,Unknown,Unknown,Decreasing,Premium,,,,False
6855,2024-03-22,10,243,33.28,False,Holiday,Weather,Decreasing,Budget,,,,False
5806,2024-07-30,38,150,54.29,False,Unknown,Economic Indicator,Stable,Budget,,,,False
3979,2024-05-30,83,226,27.44,False,Holiday,Unknown,Increasing,Regular,,,,False
7989,2024-05-27,31,294,35.22,False,Festival,Unknown,Increasing,Regular,,,,False
4933,2024-04-19,95,277,60.96,False,Unknown,Economic Indicator,Stable,Regular,,,,False
5982,2024-03-14,62,466,88.88,False,Festival,Unknown,Decreasing,Budget,,,,False
1866,2024-08-24,23,479,19.42,True,Festival,Economic Indicator,Decreasing,Regular,,,,False
2838,2024-04-02,85,76,72.02,False,Festival,Competitor Pricing,Stable,Regular,,,,False
1803,2024-12-06,46,422,25.91,True,Unknown,Unknown,Increasing,Budget,,,,False
1466,2024-09-20,69,105,34.96,True,Holiday,Economic Indicator,Stable,Regular,,,,False
1878,2024-04-08,29,161,19.12,False,Unknown,Weather,Stable,Regular,,,,False
6256,2024-11-07,60,179,18.08,False,Holiday,Economic Indicator,Stable,Budget,,,,False
6028,2024-05-29,27,8,47.02,False,Unknown,Economic Indicator,Decreasing,Premium,,,,False
5207,2024-09-03,88,157,70.33,False,Unknown,Weather,Stable,Budget,,,,False
1550,2024-03-03,33,219,9.38,False,Holiday,Competitor Pricing,Stable,Regular,,,,False
3454,2024-10-03,95,305,39.13,True,Festival,Weather,Stable,Premium,,,,False
7907,2024-02-08,31,162,77.08,False,Holiday,Weather,Stable,Regular,,,,False
5381,2024-01-01,48,304,29.54,True,Holiday,Weather,Decreasing,Regular,,,,False
4629,2024-04-22,25,234,62.9,False,Holiday,Unknown,Stable,Premium,,,,False
9033,2024-01-12,87,302,77.06,False,Holiday,Economic Indicator,Stable,Premium,,,,False
4885,2024-11-19,31,383,21.1,True,Unknown,Weather,Stable,Regular,,,,False
6786,2024-01-11,24,346,16.78,False,Festival,Competitor Pricing,Decreasing,Budget,,,,False
5458,2024-05-13,8,6,91.75,False,Holiday,Unknown,Decreasing,Premium,,,,False
1592,2024-07-19,87,273,35.73,False,Festival,Unknown,Increasing,Budget,,,,False
1670,2024-07-26,64,306,42.55,False,Unknown,Weather,Increasing,Premium,,,,False
2940,2024-10-04,33,180,75.97,False,Unknown,Competitor Pricing,Decreasing,Premium,,,,False
6233,2024-08-18,86,99,17.76,True,Unknown,Economic Indicator,Decreasing,Regular,,,,False
6261,2024-11-03,81,445,77.76,True,Unknown,Competitor Pricing,Decreasing,Premium,,,,False
7286,2024-03-16,13,384,79.48,True,Festival,Unknown,Stable,Regular,,,,False
6919,2024-09-08,5,499,78.21,True,Holiday,Weather,Increasing,Regular,,,,False
6803,2024-09-12,56,265,98.64,False,Unknown,Economic Indicator,Increasing,Budget,,,,False
7060,2024-10-11,86,350,94.44,False,Holiday,Economic Indicator,Increasing,Regular,,,,False
9497,2024-12-11,60,413,28.11,True,Holiday,Competitor Pricing,Stable,Premium,,,,False
3108,2024-05-10,54,441,39.21,True,Festival,Competitor Pricing,Increasing,Budget,,,,False
4605,2024-06-07,87,353,37.39,True,Unknown,Weather,Increasing,Premium,,,,False
7283,2024-03-07,9,186,21.81,True,Unknown,Economic Indicator,Stable,Premium,,,,False
1223,2024-01-20,39,34,72.25,True,Holiday,Competitor Pricing,Increasing,Budget,,,,False
1174,2024-06-06,89,398,6.85,True,Unknown,Competitor Pricing,Increasing,Regular,,,,False
8516,2024-05-31,84,488,97.27,True,Festival,Unknown,Stable,Regular,,,,False
4274,2024-11-09,73,465,10.82,False,Holiday,Weather,Increasing,Budget,,,,False
9326,2024-02-22,51,297,42.1,False,Festival,Economic Indicator,Stable,Regular,,,,False
1513,2024-06-18,41,247,63.02,True,Unknown,Competitor Pricing,Stable,Budget,,,,False
8146,2024-02-22,78,230,49.13,False,Unknown,Economic Indicator,Increasing,Budget,,,,False
8734,2024-04-15,88,176,85.41,False,Festival,Economic Indicator,Stable,Regular,,,,False
2916,2024-09-25,14,470,58.43,False,Holiday,Competitor Pricing,Stable,Regular,,,,False
5468,2024-07-01,18,477,23.78,True,Festival,Competitor Pricing,Increasing,Regular,,,,False
6410,2024-11-07,49,323,54.81,False,Unknown,Competitor Pricing,Decreasing,Premium,,,,False
1723,2024-07-30,81,284,16.31,True,Unknown,Weather,Increasing,Regular,,,,False
7134,2024-07-29,69,161,59.38,False,Festival,Unknown,Stable,Premium,,,,False
6781,2024-05-09,35,187,24.2,True,Unknown,Weather,Decreasing,Premium,,,,False
6538,2024-01-01,44,425,61.21,False,Unknown,Economic Indicator,Decreasing,Regular,,,,False
4698,2024-03-13,44,326,77.47,True,Festival,Competitor Pricing,Decreasing,Budget,,,,False
7212,2024-03-09,62,206,14.21,True,Festival,Economic Indicator,Decreasing,Regular,,,,False
1608,2024-03-17,59,337,14.89,False,Holiday,Competitor Pricing,Decreasing,Budget,,,,False
2078,2024-06-27,89,223,66.57,False,Holiday,Weather,Increasing,Regular,,,,False
9842,2024-07-15,85,163,54.42,False,Holiday,Weather,Stable,Premium,,,,False
4888,2024-11-29,77,124,5.47,False,Holiday,Competitor Pricing,Stable,Budget,,,,False
1690,2024-04-25,12,463,57.84,True,Unknown,Economic Indicator,Decreasing,Budget,,,,False
7292,2024-07-24,78,1,93.27,True,Festival,Weather,Increasing,Premium,,,,False
6940,2024-01-08,53,248,41.19,False,Unknown,Unknown,Increasing,Budget,,,,False
2223,2024-12-27,50,271,56.55,False,Festival,Unknown,Decreasing,Budget,,,,False
1463,2024-09-29,17,129,94.8,True,Holiday,Unknown,Stable,Budget,,,,False
3327,2024-03-29,91,364,56.24,True,Unknown,Economic Indicator,Increasing,Premium,,,,False
2431,2024-10-27,85,170,47.13,True,Holiday,Weather,Increasing,Budget,,,,False
2701,2024-11-06,36,270,23.59,False,Holiday,Unknown,Decreasing,Budget,,,,False
9061,2024-11-18,10,476,12.31,True,Unknown,Unknown,Decreasing,Premium,,,,False
2499,2024-03-05,38,221,92.41,False,Unknown,Competitor Pricing,Stable,Regular,,,,False
1429,2024-08-06,26,425,80.06,True,Unknown,Competitor Pricing,Increasing,Premium,,,,False
2469,2024-11-08,46,256,50.76,False,Festival,Unknown,Decreasing,Budget,,,,False
5779,2024-08-01,4,240,48.89,True,Holiday,Unknown,Decreasing,Budget,,,,False
9004,2024-06-17,73,120,42.07,False,Holiday,Economic Indicator,Decreasing,Premium,,,,False
2905,2024-03-25,28,131,20.56,False,Holiday,Competitor Pricing,Increasing,Regular,,,,False
3059,2024-08-10,49,416,92.13,True,Holiday,Weather,Stable,Regular,,,,False
7659,2024-04-26,71,48,52.37,False,Festival,Weather,Stable,Premium,,,,False
4004,2024-10-15,29,17,66.28,False,Festival,Competitor Pricing,Decreasing,Regular,,,,False
8882,2024-01-28,46,130,66.48,True,Festival,Weather,Decreasing,Premium,,,,False
7694,2024-11-06,60,496,90.12,True,Holiday,Competitor Pricing,Stable,Regular,,,,False
2123,2024-11-01,61,81,99.6,False,Holiday,Economic Indicator,Increasing,Budget,,,,False
1795,2024-04-21,2,145,50.71,False,Unknown,Weather,Increasing,Premium,,,,False
6335,2024-02-25,20,467,87.03,True,Festival,Unknown,Increasing,Regular,,,,False
3806,2024-11-09,33,165,18.8,True,Holiday,Economic Indicator,Stable,Budget,,,,False
1001,2024-08-09,96,216,86.01,True,Holiday,Weather,Stable,Regular,,,,False
4180,2024-09-16,59,480,77.47,False,Festival,Economic Indicator,Decreasing,Premium,,,,False
3301,2024-12-14,98,224,74.02,True,Holiday,Competitor Pricing,Increasing,Premium,,,,False
5001,2024-09-15,62,59,66.34,True,Holiday,Weather,Stable,Budget,,,,False
2896,2024-07-17,94,96,92.14,True,Festival,Economic Indicator,Stable,Budget,,,,False
7345,2024-05-03,86,165,56.27,True,Festival,Unknown,Stable,Budget,,,,False
7443,2024-10-08,83,175,10.43,False,Festival,Unknown,Stable,Regular,,,,False
9125,2024-11-28,16,89,17.0,False,Festival,Economic Indicator,Decreasing,Premium,,,,False
9651,2024-05-06,53,74,7.83,False,Holiday,Economic Indicator,Increasing,Premium,,,,False
4903,2024-08-13,55,331,89.54,False,Unknown,Unknown,Increasing,Regular,,,,False
7108,2024-08-01,9,94,6.73,False,Festival,Economic Indicator,Increasing,Regular,,,,False
3844,2024-03-17,42,54,93.71,False,Festival,Weather,Stable,Regular,,,,False
7769,2024-03-18,81,118,9.47,False,Unknown,Weather,Increasing,Premium,,,,False
4671,2024-02-25,38,35,61.16,True,Unknown,Weather,Stable,Regular,,,,False
4147,2024-11-13,33,270,5.41,True,Unknown,Weather,Increasing,Premium,,,,False
4532,2024-05-16,30,138,34.21,True,Festival,Economic Indicator,Decreasing,Regular,,,,False
9614,2024-12-01,44,252,77.33,True,Festival,Economic Indicator,Stable,Premium,,,,False
4257,2024-11-07,33,409,95.73,False,Holiday,Weather,Increasing,Regular,,,,False
7276,2024-03-24,34,107,11.92,False,Holiday,Competitor Pricing,Increasing,Regular,,,,False
7278,2024-04-12,31,330,71.21,False,Festival,Weather,Increasing,Regular,,,,False
6971,2024-01-26,13,47,75.97,True,Unknown,Unknown,Increasing,Premium,,,,False
4001,2024-07-03,33,51,95.5,True,Festival,Economic Indicator,Decreasing,Premium,,,,False
4059,2024-04-08,20,211,18.2,False,Unknown,Unknown,Decreasing,Regular,,,,False
9441,2024-03-23,80,319,77.7,False,Festival,Weather,Stable,Regular,,,,False
5144,2024-06-20,56,291,97.08,False,Festival,Competitor Pricing,Stable,Budget,,,,False
7774,2024-02-26,62,11,80.51,False,Festival,Economic Indicator,Stable,Budget,,,,False
3362,2024-05-28,82,451,95.73,False,Unknown,Unknown,Stable,Budget,,,,False
5800,2024-09-07,45,75,39.88,False,Unknown,Weather,Stable,Budget,,,,False
3012,2024-06-25,49,19,9.23,False,Festival,Competitor Pricing,Decreasing,Premium,,,,False
2143,2024-03-13,57,28,68.62,True,Festival,Competitor Pricing,Decreasing,Regular,,,,False
2851,2024-07-12,76,33,36.01,True,Festival,Competitor Pricing,Stable,Regular,,,,False
8999,2024-10-28,20,200,67.07,False,Unknown,Economic Indicator,Increasing,Regular,,,,False
1240,2024-11-28,3,190,87.4,False,Unknown,Competitor Pricing,Decreasing,Regular,,,,False
8860,2024-12-21,4,15,17.46,True,Unknown,Competitor Pricing,Decreasing,Premium,,,,False
7332,2024-01-07,84,313,39.75,False,Unknown,Unknown,Decreasing,Budget,,,,False
3651,2024-01-09,99,312,95.97,True,Unknown,Unknown,Stable,Regular,,,,False
9031,2024-01-02,73,81,71.3,False,Festival,Unknown,Increasing,Premium,,,,False
6938,2024-03-01,20,263,5.36,True,Unknown,Economic Indicator,Increasing,Regular,,,,False
4138,2024-04-20,48,421,84.71,True,Festival,Weather,Increasing,Budget,,,,False
3975,2024-01-10,15,451,33.8,True,Holiday,Unknown,Increasing,Premium,,,,False
1539,2024-07-24,93,489,21.9,True,Festival,Economic Indicator,Stable,Premium,,,,False
4932,2024-12-28,20,266,36.58,True,Holiday,Competitor Pricing,Decreasing,Premium,,,,False
4859,2024-09-01,91,73,51.64,True,Unknown,Competitor Pricing,Decreasing,Budget,,,,False
4444,2024-11-09,22,463,63.03,True,Holiday,Competitor Pricing,Stable,Premium,,,,False
2693,2024-11-30,94,34,54.48,True,Unknown,Economic Indicator,Increasing,Premium,,,,False
7693,2024-05-31,63,369,26.26,True,Festival,Weather,Increasing,Budget,,,,False
6231,2024-03-23,46,432,70.58,True,Festival,Unknown,Stable,Budget,,,,False
4568,2024-09-09,43,306,78.08,True,Unknown,Economic Indicator,Decreasing,Budget,,,,False
5026,2024-05-04,33,309,62.78,False,Unknown,Unknown,Stable,Premium,,,,False
7723,2024-07-13,3,359,30.87,True,Festival,Economic Indicator,Decreasing,Premium,,,,False
7122,2024-11-25,71,47,8.17,False,Unknown,Competitor Pricing,Stable,Budget,,,,False
2158,2024-04-16,14,283,84.43,False,Holiday,Competitor Pricing,Increasing,Regular,,,,False
9629,2024-10-11,98,48,27.83,True,Holiday,Unknown,Stable,Regular,,,,False
2861,2024-05-06,23,70,62.09,True,Festival,Unknown,Stable,Regular,,,,False
4757,2024-07-18,72,486,50.7,False,Unknown,Economic Indicator,Decreasing,Budget,,,,False
5459,2024-07-26,19,449,63.54,True,Unknown,Weather,Decreasing,Budget,,,,False
9223,2024-07-23,79,218,84.2,True,Unknown,Unknown,Increasing,Budget,,,,False
1364,2024-02-23,14,175,76.73,False,Unknown,Weather,Decreasing,Premium,,,,False
2667,2024-10-24,30,298,42.95,False,Festival,Economic Indicator,Decreasing,Regular,,,,False
2433,2024-04-23,46,220,99.79,True,Unknown,Competitor Pricing,Stable,Regular,,,,False
1032,2024-01-19,8,215,16.74,True,Holiday,Unknown,Decreasing,Premium,,,,False
3017,2024-12-01,40,132,69.18,True,Festival,Unknown,Increasing,Budget,,,,False
6441,2024-05-22,21,416,7.03,False,Festival,Economic Indicator,Increasing,Premium,,,,False
1116,2024-07-25,16,175,14.44,True,Unknown,Unknown,Increasing,Premium,,,,False
7641,2024-02-17,52,313,90.87,False,Unknown,Competitor Pricing,Increasing,Regular,,,,False
4944,2024-08-18,82,340,12.49,False,Holiday,Unknown,Stable,Regular,,,,False
1461,2024-02-02,85,201,45.32,True,Festival,Economic Indicator,Stable,Regular,,,,False
1663,2024-02-18,50,17,8.47,False,Unknown,Economic Indicator,Increasing,Regular,,,,False
4262,2024-05-04,75,451,14.88,True,Holiday,Competitor Pricing,Stable,Premium,,,,False
5050,2024-10-28,21,148,69.25,False,Holiday,Economic Indicator,Increasing,Regular,,,,False
1752,2024-09-03,22,140,92.13,True,Holiday,Economic Indicator,Decreasing,Premium,,,,False
5698,2024-11-20,11,54,73.42,True,Unknown,Competitor Pricing,Increasing,Premium,,,,False
2128,2024-07-19,79,456,50.76,False,Holiday,Unknown,Stable,Budget,,,,False
9860,2024-10-12,84,319,5.33,True,Holiday,Weather,Decreasing,Regular,,,,False
9047,2024-01-17,31,39,75.55,False,Unknown,Unknown,Decreasing,Regular,,,,False
9943,2024-04-12,17,142,24.7,True,Unknown,Competitor Pricing,Decreasing,Premium,,,,False
7882,2024-11-21,25,117,18.82,True,Unknown,Economic Indicator,Decreasing,Budget,,,,False
5495,2024-10-15,68,49,46.94,True,Festival,Economic Indicator,Increasing,Budget,,,,False
6776,2024-04-23,67,249,21.57,True,Unknown,Economic Indicator,Increasing,Budget,,,,False
4547,2024-11-25,37,144,67.51,False,Holiday,Economic Indicator,Decreasing,Regular,,,,False
4635,2024-08-04,68,110,47.66,True,Festival,Unknown,Decreasing,Premium,,,,False
8295,2024-09-15,88,418,80.95,False,Unknown,Competitor Pricing,Decreasing,Premium,,,,False
6146,2024-10-26,33,24,74.84,True,Festival,Unknown,Increasing,Premium,,,,False
7298,2024-04-08,95,271,5.23,True,Unknown,Weather,Increasing,Regular,,,,False
1672,2024-08-21,56,199,33.78,True,Unknown,Unknown,Decreasing,Regular,,,,False
3165,2024-09-23,92,176,82.88,False,Festival,Competitor Pricing,Stable,Budget,,,,False
7615,2024-03-28,59,209,40.69,False,Festival,Economic Indicator,Stable,Premium,,,,False
2925,2024-04-20,27,289,72.71,False,Holiday,Weather,Decreasing,Budget,51.62,93.68,2.21,True
9836,2024-04-25,13,230,61.55,False,Unknown,Economic Indicator,Stable,Budget,,,,False
7179,2024-08-16,27,174,98.77,True,Festival,Unknown,Stable,Regular,,,,False
5869,2024-09-21,97,21,16.85,True,Unknown,Economic Indicator,Increasing,Budget,5.76,53.75,1.65,True
5928,2024-02-22,71,382,98.88,True,Unknown,Competitor Pricing,Stable,Premium,,,,False
6519,2024-04-06,71,2,56.59,True,Festival,Competitor Pricing,Stable,Budget,,,,False
1323,2024-04-23,87,469,91.21,False,Holiday,Economic Indicator,Stable,Regular,,,,False
8621,2024-06-10,88,246,56.31,True,Festival,Competitor Pricing,Increasing,Budget,,,,False
9651,2024-12-04,32,92,64.89,True,Holiday,Economic Indicator,Increasing,Regular,,,,False
5552,2024-08-12,89,382,73.72,True,Unknown,Weather,Increasing,Budget,,,,False
4547,2024-03-30,80,357,47.46,False,Holiday,Competitor Pricing,Decreasing,Budget,,,,False
7870,2024-04-29,22,442,80.62,False,Holiday,Unknown,Stable,Budget,,,,False
2165,2024-12-07,31,105,41.35,True,Festival,Economic Indicator,Increasing,Regular,,,,False
4743,2024-04-15,65,217,7.34,True,Festival,Unknown,Stable,Regular,,,,False
1353,2024-10-05,40,287,88.13,True,Unknown,Unknown,Increasing,Premium,,,,False
3405,2024-03-07,82,318,90.33,False,Festival,Unknown,Increasing,Regular,,,,False
7768,2024-04-11,22,299,73.56,True,Festival,Weather,Increasing,Regular,,,,False
3954,2024-05-29,35,352,94.41,True,Holiday,Weather,Stable,Regular,,,,False
8804,2024-01-15,84,58,25.75,False,Festival,Competitor Pricing,Decreasing,Premium,,,,False
5575,2024-04-08,95,391,64.99,True,Unknown,Competitor Pricing,Stable,Premium,,,,False
4757,2024-12-24,80,56,69.21,False,Unknown,Economic Indicator,Decreasing,Premium,,,,False
9625,2024-04-01,74,174,55.79,False,Unknown,Unknown,Stable,Premium,,,,False
4967,2024-02-03,61,354,70.55,True,Holiday,Competitor Pricing,Decreasing,Regular,,,,False
6196,2024-11-01,96,430,60.34,False,Unknown,Unknown,Stable,Budget,,,,False
9776,2024-03-14,93,429,74.59,False,Holiday,Economic Indicator,Stable,Budget,,,,False
7941,2024-09-14,48,312,39.57,True,Holiday,Unknown,Increasing,Regular,,,,False
5050,2024-09-27,13,440,25.61,True,Festival,Weather,Increasing,Budget,,,,False
6559,2024-08-08,76,265,25.35,True,Unknown,Competitor Pricing,Decreasing,Premium,,,,False
1131,2024-07-18,54,216,81.54,False,Festival,Economic Indicator,Stable,Premium,,,,False
5250,2024-01-28,54,458,35.67,True,Festival,Competitor Pricing,Stable,Regular,,,,False
4653,2024-05-02,16,15,39.09,False,Festival,Competitor Pricing,Increasing,Premium,,,,False
8238,2024-08-01,56,351,81.99,False,Unknown,Economic Indicator,Stable,Premium,,,,False
7929,2024-11-29,4,292,52.33,True,Holiday,Unknown,Increasing,Regular,,,,False
4891,2024-12-09,54,296,59.56,True,Holiday,Economic Indicator,Stable,Budget,,,,False
5530,2024-10-08,31,279,73.04,False,Festival,Weather,Increasing,Premium,,,,False
8946,2024-10-09,57,169,16.05,False,Holiday,Unknown,Stable,Regular,,,,False
6979,2024-08-19,45,61,44.45,False,Festival,Competitor Pricing,Increasing,Regular,,,,False
7091,2024-08-01,91,162,51.5,False,Unknown,Unknown,Decreasing,Budget,,,,False
7295,2024-01-27,99,147,90.45,True,Holiday,Weather,Decreasing,Premium,,,,False
4753,2024-08-29,43,306,71.31,True,Holiday,Economic Indicator,Stable,Regular,,,,False
2302,2024-03-07,68,230,26.2,False,Festival,Competitor Pricing,Increasing,Budget,,,,False
6206,2024-07-19,59,305,82.71,False,Holiday,Weather,Decreasing,Budget,,,,False
7270,2024-06-25,78,324,83.85,False,Unknown,Economic Indicator,Decreasing,Regular,,,,False
2455,2024-08-08,16,291,93.13,False,Festival,Competitor Pricing,Stable,Budget,,,,False
9005,2024-08-28,71,328,11.2,True,Holiday,Competitor Pricing,Increasing,Regular,,,,False
4606,2024-06-02,7,155,34.81,True,Holiday,Competitor Pricing,Stable,Premium,,,,False
6131,2024-10-19,51,67,5.35,True,Holiday,Weather,Increasing,Budget,,,,False
7426,2024-05-22,29,189,19.75,True,Holiday,Competitor Pricing,Stable,Premium,,,,False
5775,2024-07-16,16,312,54.5,False,Holiday,Competitor Pricing,Increasing,Premium,,,,False
1742,2024-03-15,55,334,54.34,True,Festival,Unknown,Stable,Premium,,,,False
5910,2024-05-18,15,17,51.02,False,Unknown,Unknown,Stable,Budget,,,,False
9496,2024-04-05,72,84,81.49,True,Festival,Economic Indicator,Increasing,Regular,38.73,50.79,0.7,True
2995,2024-02-26,24,479,7.87,False,Holiday,Unknown,Decreasing,Premium,,,,False
2651,2024-08-02,9,232,53.73,True,Festival,Weather,Decreasing,Budget,,,,False
2150,2024-08-19,3,448,43.25,False,Festival,Competitor Pricing,Increasing,Premium,,,,False
3447,2024-07-11,3,409,42.3,True,Holiday,Weather,Increasing,Regular,,,,False
4069,2024-05-06,5,100,84.81,True,Holiday,Weather,Decreasing,Budget,,,,False
3748,2024-01-11,78,373,67.17,False,Unknown,Competitor Pricing,Decreasing,Budget,,,,False
9537,2024-11-11,64,53,43.21,True,Festival,Competitor Pricing,Stable,Budget,,,,False
2813,2024-11-02,77,319,88.48,True,Unknown,Weather,Stable,Regular,,,,False
2138,2024-10-01,12,117,68.49,False,Holiday,Competitor Pricing,Increasing,Budget,,,,False
5152,2024-02-18,43,387,93.87,True,Unknown,Economic Indicator,Stable,Premium,,,,False
7579,2024-08-17,86,271,95.21,True,Festival,Unknown,Decreasing,Regular,,,,False
6575,2024-01-08,47,190,79.25,False,Unknown,Economic Indicator,Decreasing,Budget,,,,False
6292,2024-08-27,85,313,69.96,False,Festival,Competitor Pricing,Decreasing,Budget,,,,False
3502,2024-12-14,48,457,79.85,True,Holiday,Unknown,Stable,Premium,,,,False
3862,2024-10-14,27,135,94.09,False,Holiday,Weather,Decreasing,Budget,,,,False
8197,2024-07-25,91,17,40.33,False,Unknown,Economic Indicator,Increasing,Budget,,,,False
4904,2024-11-28,40,110,44.57,False,Unknown,Competitor Pricing,Decreasing,Premium,,,,False
5608,2024-05-21,73,292,68.65,True,Festival,Competitor Pricing,Increasing,Regular,,,,False
3507,2024-03-13,97,389,13.51,False,Festival,Competitor Pricing,Stable,Regular,,,,False
3601,2024-03-27,91,256,95.01,False,Unknown,Unknown,Increasing,Premium,,,,False
1252,2024-07-03,82,10,42.78,True,Festival,Unknown,Decreasing,Budget,,,,False
2515,2024-06-09,90,328,16.95,True,Holiday,Unknown,Stable,Regular,,,,False
4033,2024-09-18,23,248,78.86,False,Unknown,Unknown,Stable,Premium,,,,False
8538,2024-02-12,31,89,33.39,True,Holiday,Weather,Increasing,Budget,,,,False
7465,2024-11-26,29,213,67.78,False,Holiday,Unknown,Decreasing,Budget,,,,False
6137,2024-10-08,73,242,79.83,False,Unknown,Economic Indicator,Decreasing,Budget,,,,False
6129,2024-07-23,55,13,36.96,True,Holiday,Economic Indicator,Stable,Budget,,,,False
3845,2024-10-04,12,267,49.51,True,Unknown,Weather,Increasing,Budget,,,,False
7703,2024-10-31,14,489,84.38,False,Holiday,Unknown,Decreasing,Premium,,,,False
9028,2024-12-12,69,260,72.8,True,Holiday,Weather,Decreasing,Premium,,,,False
2188,2024-02-15,70,44,87.34,False,Unknown,Economic Indicator,Stable,Premium,,,,False
6620,2024-02-13,25,424,9.37,True,Festival,Weather,Increasing,Budget,,,,False
5680,2024-05-02,77,292,15.67,True,Unknown,Competitor Pricing,Increasing,Premium,,,,False
4271,2024-10-13,97,471,54.67,True,Festival,Unknown,Decreasing,Regular,,,,False
4800,2024-03-05,61,424,52.33,False,Festival,Competitor Pricing,Decreasing,Budget,,,,False
5044,2024-10-31,67,87,28.6,True,Festival,Unknown,Decreasing,Budget,,,,False
5956,2024-01-10,10,422,61.09,True,Holiday,Economic Indicator,Stable,Regular,,,,False
6772,2024-09-09,3,218,20.75,True,Festival,Unknown,Decreasing,Budget,,,,False
6935,2024-05-06,54,152,85.4,True,Holiday,Weather,Stable,Budget,,,,False
6718,2024-05-08,53,253,85.18,True,Holiday,Weather,Stable,Premium,,,,False
5402,2024-09-17,14,90,71.77,False,Festival,Economic Indicator,Stable,Regular,,,,False
8005,2024-04-19,62,441,29.21,False,Festival,Unknown,Decreasing,Premium,,,,False
9323,2024-04-17,86,193,59.35,False,Festival,Economic Indicator,Stable,Budget,,,,False
9737,2024-02-01,99,252,71.9,True,Unknown,Competitor Pricing,Decreasing,Regular,,,,False
5386,2024-11-02,54,339,63.3,False,Holiday,Economic Indicator,Stable,Regular,,,,False
1076,2024-03-07,70,302,74.25,True,Unknown,Weather,Increasing,Premium,,,,False
5210,2024-02-04,93,143,18.22,True,Holiday,Weather,Increasing,Regular,,,,False
4898,2024-12-03,93,488,61.19,False,Holiday,Economic Indicator,Stable,Regular,,,,False
2378,2024-01-12,99,404,82.95,True,Festival,Competitor Pricing,Stable,Budget,,,,False
3280,2024-09-28,73,267,76.1,False,Festival,Weather,Decreasing,Regular,,,,False
7805,2024-04-12,14,83,68.88,False,Holiday,Competitor Pricing,Decreasing,Premium,,,,False
4982,2024-09-10,55,31,52.05,True,Holiday,Economic Indicator,Decreasing,Budget,,,,False
8549,2024-10-09,64,482,50.2,True,Unknown,Unknown,Decreasing,Regular,,,,False
8281,2024-01-06,42,492,11.56,True,Festival,Unknown,Stable,Budget,46.79,89.01,2.22,True
8819,2024-12-28,1,453,93.74,True,Festival,Economic Indicator,Increasing,Premium,,,,False
7020,2024-03-29,82,167,29.54,True,Unknown,Unknown,Decreasing,Premium,,,,False
8941,2024-01-05,46,134,54.42,False,Holiday,Weather,Decreasing,Premium,,,,False
8646,2024-03-17,78,496,96.77,False,Holiday,Weather,Increasing,Premium,,,,False
1818,2024-03-30,88,29,67.11,False,Festival,Unknown,Stable,Budget,,,,False
5969,2024-05-08,69,16,6.94,False,Festival,Competitor Pricing,Increasing,Regular,,,,False
8989,2024-11-24,39,131,95.35,False,Festival,Unknown,Decreasing,Regular,,,,False
6922,2024-06-12,60,388,49.73,False,Festival,Weather,Decreasing,Budget,,,,False
4832,2024-12-22,98,459,44.47,True,Festival,Weather,Increasing,Regular,,,,False
4691,2024-07-14,33,353,99.74,False,Unknown,Unknown,Increasing,Premium,,,,False
1733,2024-08-19,96,377,68.88,False,Festival,Weather,Decreasing,Premium,,,,False
9757,2024-08-12,34,174,29.99,False,Holiday,Competitor Pricing,Decreasing,Premium,,,,False
8701,2024-02-05,50,24,95.11,True,Holiday,Unknown,Decreasing,Regular,,,,False
3167,2024-03-19,70,411,27.74,False,Unknown,Unknown,Increasing,Budget,,,,False
3397,2024-03-12,95,434,80.19,True,Festival,Economic Indicator,Decreasing,Premium,,,,False
8908,2024-12-06,77,320,46.93,True,Unknown,Unknown,Decreasing,Regular,,,,False
3467,2024-05-13,56,237,60.93,True,Holiday,Competitor Pricing,Increasing,Budget,,,,False
9450,2024-09-16,32,95,72.65,True,Holiday,Unknown,Increasing,Premium,,,,False
8248,2024-07-31,82,23,69.0,False,Unknown,Unknown,Decreasing,Premium,,,,False
5494,2024-07-12,20,167,85.88,True,Festival,Economic Indicator,Increasing,Premium,,,,False
2485,2024-12-29,59,165,45.04,False,Festival,Unknown,Stable,Budget,,,,False
5737,2024-07-17,17,80,93.2,False,Holiday,Competitor Pricing,Increasing,Premium,,,,False
9276,2024-04-06,93,338,46.23,False,Unknown,Competitor Pricing,Stable,Budget,,,,False
7460,2024-04-21,39,301,28.83,True,Unknown,Weather,Increasing,Regular,,,,False
9309,2024-02-17,28,178,74.45,False,Festival,Economic Indicator,Increasing,Regular,,,,False
1301,2024-01-16,11,408,64.5,False,Festival,Economic Indicator,Decreasing,Premium,,,,False
8255,2024-09-02,42,164,37.95,True,Festival,Competitor Pricing,Stable,Budget,,,,False
5344,2024-08-08,40,410,70.22,True,Festival,Weather,Stable,Premium,,,,False
2925,2024-03-28,8,313,89.4,False,Holiday,Competitor Pricing,Increasing,Regular,,,,False
1603,2024-08-02,35,346,9.17,False,Holiday,Competitor Pricing,Stable,Premium,,,,False
1497,2024-10-21,80,78,31.82,True,Unknown,Economic Indicator,Decreasing,Premium,,,,False
7587,2024-11-02,58,443,20.35,True,Unknown,Weather,Stable,Budget,,,,False
8954,2024-06-09,59,212,15.73,False,Festival,Weather,Increasing,Budget,,,,False
9414,2024-09-28,71,494,49.01,False,Festival,Unknown,Decreasing,Premium,,,,False
2538,2024-08-16,4,260,13.19,True,Holiday,Unknown,Stable,Regular,,,,False
9514,2024-03-19,86,356,12.42,True,Holiday,Competitor Pricing,Stable,Regular,,,,False
4842,2024-07-09,46,490,33.65,True,Holiday,Weather,Stable,Regular,,,,False
3453,2024-11-18,72,299,46.08,True,Unknown,Weather,Stable,Regular,,,,False
6363,2024-04-13,36,159,13.44,True,Unknown,Competitor Pricing,Stable,Budget,,,,False
8815,2024-06-27,85,181,99.1,True,Festival,Competitor Pricing,Increasing,Premium,,,,False
1338,2024-07-28,43,355,76.14,True,Holiday,Weather,Stable,Regular,,,,False
4178,2024-08-18,3,325,29.92,False,Holiday,Competitor Pricing,Decreasing,Budget,,,,False
1333,2024-09-19,33,344,78.15,False,Festival,Competitor Pricing,Increasing,Budget,,,,False
8315,2024-02-02,37,131,30.87,True,Unknown,Weather,Increasing,Regular,,,,False
5809,2024-01-05,65,214,60.12,True,Festival,Economic Indicator,Increasing,Regular,,,,False
8829,2024-08-27,82,409,25.22,True,Festival,Unknown,Stable,Budget,,,,False
5918,2024-02-10,14,81,90.68,False,Festival,Weather,Increasing,Premium,,,,False
3656,2024-05-19,93,192,99.9,True,Unknown,Economic Indicator,Stable,Budget,,,,False
6897,2024-09-10,14,286,75.9,True,Holiday,Unknown,Decreasing,Premium,,,,False
7481,2024-01-14,98,57,6.53,False,Festival,Competitor Pricing,Decreasing,Premium,,,,False
3498,2024-12-29,36,209,45.54,True,Festival,Economic Indicator,Decreasing,Regular,,,,False
1578,2024-04-13,16,420,96.34,False,Festival,Unknown,Increasing,Regular,,,,False
3257,2024-02-26,78,455,75.76,True,Unknown,Weather,Stable,Premium,,,,False
5183,2024-08-09,22,272,50.01,False,Festival,Unknown,Increasing,Premium,,,,False
4762,2024-08-04,35,44,22.69,True,Festival,Economic Indicator,Increasing,Budget,,,,False
7177,2024-02-09,55,496,6.48,True,Unknown,Weather,Stable,Regular,,,,False
3114,2024-02-09,85,89,39.68,False,Unknown,Economic Indicator,Decreasing,Budget,,,,False
2413,2024-06-18,21,360,26.05,False,Festival,Unknown,Decreasing,Budget,,,,False
5108,2024-03-07,66,22,11.23,False,Unknown,Weather,Increasing,Budget,,,,False
6726,2024-07-10,8,74,37.42,True,Festival,Competitor Pricing,Stable,Premium,,,,False
6352,2024-09-02,20,236,22.68,True,Holiday,Competitor Pricing,Stable,Premium,,,,False
2993,2024-01-23,38,345,99.83,True,Holiday,Weather,Decreasing,Regular,,,,False
7787,2024-12-02,79,41,26.67,True,Unknown,Unknown,Stable,Regular,,,,False
8153,2024-08-15,51,245,83.07,False,Unknown,Economic Indicator,Decreasing,Budget,,,,False
5349,2024-07-18,24,54,94.26,False,Unknown,Weather,Stable,Budget,,,,False
4731,2024-07-06,19,225,54.81,False,Unknown,Competitor Pricing,Decreasing,Premium,,,,False
3517,2024-05-08,48,472,81.67,False,Unknown,Competitor Pricing,Decreasing,Premium,,,,False
2527,2024-06-17,95,439,6.97,False,Holiday,Weather,Stable,Premium,,,,False
4247,2024-09-14,94,453,31.33,True,Festival,Weather,Increasing,Regular,,,,False
3085,2024-10-21,85,332,58.7,False,Holiday,Economic Indicator,Increasing,Regular,,,,False
1535,2024-10-27,53,278,80.21,True,Holiday,Unknown,Increasing,Regular,,,,False
7829,2024-08-19,45,175,5.06,True,Unknown,Unknown,Decreasing,Budget,,,,False
4697,2024-02-22,58,27,35.2,True,Festival,Competitor Pricing,Decreasing,Budget,,,,False
2367,2024-05-16,83,51,59.14,False,Unknown,Weather,Decreasing,Budget,,,,False
2903,2024-05-19,52,277,76.82,True,Holiday,Competitor Pricing,Decreasing,Budget,,,,False
3719,2024-10-25,19,278,41.15,True,Festival,Unknown,Decreasing,Budget,,,,False
2142,2024-07-29,23,251,23.44,True,Holiday,Economic Indicator,Decreasing,Budget,,,,False
5156,2024-02-03,27,459,91.78,True,Unknown,Competitor Pricing,Stable,Premium,,,,False
5821,2024-02-01,69,327,93.39,True,Holiday,Weather,Increasing,Premium,,,,False
3164,2024-01-12,5,308,84.47,False,Unknown,Economic Indicator,Stable,Premium,,,,False
7459,2024-12-27,29,291,69.21,True,Holiday,Economic Indicator,Increasing,Budget,,,,False
2764,2024-06-30,7,444,73.77,False,Holiday,Unknown,Increasing,Premium,,,,False
8074,2024-09-15,67,493,38.85,True,Unknown,Competitor Pricing,Stable,Regular,,,,False
8704,2024-02-29,9,21,65.05,False,Holiday,Unknown,Stable,Regular,,,,False
8984,2024-08-02,16,21,81.58,False,Festival,Competitor Pricing,Stable,Premium,,,,False
3546,2024-01-10,29,33,23.84,True,Unknown,Competitor Pricing,Stable,Regular,,,,False
7650,2024-02-26,36,38,5.82,False,Holiday,Competitor Pricing,Increasing,Premium,,,,False
1163,2024-07-16,17,34,66.16,True,Unknown,Unknown,Decreasing,Regular,,,,False
2734,2024-04-13,24,83,5.18,False,Unknown,Competitor Pricing,Decreasing,Regular,,,,False
3686,2024-06-30,4,267,50.93,True,Holiday,Competitor Pricing,Increasing,Budget,,,,False
5339,2024-06-22,26,309,42.29,True,Unknown,Weather,Decreasing,Premium,,,,False
9185,2024-06-12,98,429,63.85,False,Holiday,Competitor Pricing,Stable,Regular,,,,False
5765,2024-11-20,43,212,88.83,True,Unknown,Weather,Decreasing,Premium,,,,False
8271,2024-09-08,46,307,63.81,True,Unknown,Unknown,Decreasing,Budget,,,,False
7801,2024-08-11,28,203,77.02,True,Unknown,Competitor Pricing,Increasing,Regular,,,,False
3854,2024-04-03,95,65,71.34,True,Festival,Economic Indicator,Stable,Budget,,,,False
5162,2024-07-14,6,384,8.47,False,Unknown,Weather,Stable,Regular,,,,False
7667,2024-09-15,74,308,15.22,True,Holiday,Weather,Stable,Regular,,,,False
8187,2024-11-13,93,237,53.47,False,Festival,Competitor Pricing,Increasing,Regular,,,,False
1253,2024-04-10,74,226,16.83,False,Holiday,Unknown,Increasing,Budget,,,,False
2939,2024-03-20,25,59,18.47,False,Unknown,Weather,Decreasing,Premium,,,,False
4712,2024-08-03,7,225,65.43,False,Unknown,Weather,Increasing,Budget,,,,False
6313,2024-11-18,86,338,61.02,True,Holiday,Unknown,Increasing,Regular,,,,False
9420,2024-07-13,73,392,80.25,True,Holiday,Competitor Pricing,Increasing,Budget,,,,False
8146,2024-03-18,42,128,19.43,True,Festival,Economic Indicator,Decreasing,Regular,,,,False
7347,2024-07-17,98,120,64.16,False,Festival,Unknown,Decreasing,Premium,,,,False
8754,2024-11-23,71,477,91.04,True,Festival,Competitor Pricing,Stable,Budget,,,,False
4113,2024-02-09,76,353,59.73,False,Festival,Economic Indicator,Stable,Regular,,,,False
1654,2024-01-23,55,66,73.25,True,Unknown,Unknown,Decreasing,Regular,,,,False
2596,2024-05-20,75,201,70.42,True,Holiday,Economic Indicator,Decreasing,Premium,,,,False
6141,2024-12-20,60,217,51.24,True,Festival,Competitor Pricing,Increasing,Budget,,,,False
7050,2024-11-16,35,37,78.99,False,Unknown,Weather,Decreasing,Regular,,,,False
2792,2024-11-18,85,430,63.29,True,Festival,Economic Indicator,Increasing,Budget,,,,False
9582,2024-03-05,50,389,48.08,False,Festival,Economic Indicator,Stable,Budget,,,,False
6340,2024-06-07,80,201,9.9,False,Holiday,Economic Indicator,Stable,Premium,,,,False
7713,2024-10-22,26,34,59.37,False,Festival,Weather,Decreasing,Premium,,,,False
6335,2024-01-05,16,404,89.61,False,Holiday,Competitor Pricing,Decreasing,Premium,,,,False
5171,2024-01-02,76,494,13.94,True,Festival,Unknown,Stable,Regular,,,,False
6675,2024-03-02,59,234,43.37,True,Unknown,Economic Indicator,Decreasing,Budget,,,,False
9526,2024-07-09,45,306,44.05,False,Unknown,Weather,Increasing,Budget,,,,False
1019,2024-05-10,45,294,22.82,True,Unknown,Economic Indicator,Increasing,Budget,,,,False
7624,2024-09-04,47,114,31.12,False,Festival,Unknown,Stable,Regular,,,,False
5094,2024-12-11,35,241,96.98,False,Unknown,Competitor Pricing,Increasing,Budget,,,,False
5996,2024-10-26,23,325,52.02,True,Festival,Unknown,Stable,Budget,,,,False
5155,2024-04-26,62,138,82.94,False,Unknown,Competitor Pricing,Increasing,Budget,,,,False
9652,2024-11-30,88,382,65.65,True,Unknown,Economic Indicator,Decreasing,Premium,,,,False
8307,2024-05-04,12,371,37.2,False,Festival,Competitor Pricing,Increasing,Budget,,,,False
8451,2024-03-17,16,129,93.43,True,Festival,Competitor Pricing,Stable,Regular,,,,False
7425,2024-02-23,56,480,9.13,True,Holiday,Unknown,Decreasing,Budget,,,,False
3473,2024-01-14,85,458,27.67,True,Holiday,Unknown,Increasing,Regular,,,,False
9798,2024-08-19,5,273,48.67,False,Festival,Economic Indicator,Decreasing,Regular,39.4,97.45,1.62,True
5943,2024-08-12,12,311,41.35,True,Unknown,Unknown,Stable,Premium,,,,False
7762,2024-03-19,70,420,26.19,True,Unknown,Economic Indicator,Stable,Premium,,,,False
4013,2024-12-25,94,271,36.11,True,Unknown,Unknown,Decreasing,Premium,,,,False
5097,2024-12-03,5,409,60.34,False,Holiday,Unknown,Stable,Regular,,,,False
5505,2024-08-22,84,189,74.19,False,Holiday,Economic Indicator,Increasing,Premium,,,,False
7966,2024-03-03,22,440,66.44,False,Unknown,Competitor Pricing,Decreasing,Premium,,,,False
9058,2024-06-23,30,219,22.58,False,Holiday,Weather,Decreasing,Premium,,,,False
5926,2024-01-25,9,18,30.58,True,Holiday,Unknown,Decreasing,Budget,,,,False
6856,2024-03-11,22,301,76.5,False,Unknown,Unknown,Increasing,Premium,,,,False
5524,2024-12-20,46,71,80.51,False,Festival,Weather,Increasing,Regular,,,,False
4696,2024-09-01,29,122,62.19,True,Festival,Economic Indicator,Stable,Budget,,,,False
8365,2024-05-18,33,138,99.36,True,Festival,Unknown,Stable,Regular,,,,False
2963,2024-07-05,71,355,20.7,True,Unknown,Competitor Pricing,Stable,Regular,,,,False
9619,2024-11-11,30,160,60.57,True,Unknown,Economic Indicator,Decreasing,Regular,,,,False
9142,2024-10-15,79,457,15.48,False,Festival,Unknown,Stable,Regular,,,,False
1304,2024-08-05,33,87,11.18,False,Unknown,Economic Indicator,Stable,Budget,,,,False
5187,2024-07-20,82,89,36.42,False,Holiday,Weather,Stable,Premium,,,,False
2758,2024-11-01,34,427,27.46,False,Holiday,Economic Indicator,Stable,Budget,,,,False
8189,2024-09-20,47,420,36.36,True,Festival,Weather,Stable,Budget,,,,False
4442,2024-11-09,66,483,6.8,False,Festival,Economic Indicator,Increasing,Budget,,,,False
6591,2024-07-24,54,388,50.21,False,Unknown,Unknown,Increasing,Budget,,,,False
1157,2024-11-01,62,342,47.55,True,Holiday,Economic Indicator,Increasing,Budget,,,,False
1449,2024-04-12,79,185,21.82,True,Holiday,Economic Indicator,Increasing,Budget,,,,False
6212,2024-02-08,11,350,87.64,True,Holiday,Economic Indicator,Increasing,Regular,,,,False
1092,2024-02-15,83,256,34.38,False,Festival,Unknown,Increasing,Budget,,,,False
4455,2024-09-18,3,242,45.54,True,Unknown,Economic Indicator,Stable,Premium,,,,False
1219,2024-12-14,96,230,92.64,True,Festival,Unknown,Increasing,Budget,,,,False
9830,2024-05-12,61,458,70.51,False,Festival,Competitor Pricing,Increasing,Regular,,,,False
4402,2024-02-19,68,2,62.95,True,Holiday,Competitor Pricing,Increasing,Budget,,,,False
8376,2024-11-03,21,21,7.23,False,Festival,Unknown,Decreasing,Regular,,,,False
5588,2024-10-29,84,3,26.62,True,Unknown,Competitor Pricing,Stable,Budget,,,,False
8652,2024-08-29,28,284,12.29,False,Unknown,Competitor Pricing,Decreasing,Regular,,,,False
4222,2024-12-13,76,244,87.02,False,Festival,Unknown,Stable,Regular,,,,False
9045,2024-08-31,31,31,61.51,True,Festival,Weather,Decreasing,Premium,,,,False
5252,2024-05-07,47,358,19.18,False,Festival,Competitor Pricing,Increasing,Premium,,,,False
8415,2024-08-20,92,136,57.1,True,Festival,Competitor Pricing,Stable,Premium,,,,False
8897,2024-07-04,34,227,51.01,True,Holiday,Weather,Increasing,Regular,,,,False
8539,2024-09-02,20,440,29.72,True,Holiday,Weather,Increasing,Regular,,,,False
1027,2024-04-18,28,226,75.71,True,Holiday,Unknown,Stable,Budget,,,,False
8326,2024-11-29,12,125,25.12,False,Festival,Economic Indicator,Decreasing,Premium,,,,False
6489,2024-01-02,94,473,84.63,True,Unknown,Unknown,Decreasing,Premium,,,,False
8886,2024-07-07,11,318,96.85,False,Festival,Competitor Pricing,Stable,Budget,,,,False
6314,2024-03-03,74,62,26.29,False,Festival,Unknown,Stable,Premium,,,,False
8516,2024-03-03,60,213,97.98,False,Unknown,Weather,Stable,Budget,,,,False
3116,2024-09-03,31,266,80.76,True,Unknown,Weather,Stable,Premium,,,,False
1282,2024-11-08,63,175,31.18,False,Unknown,Unknown,Stable,Budget,,,,False
1228,2024-11-22,72,21,87.55,False,Holiday,Weather,Increasing,Premium,,,,False
4711,2024-09-29,51,261,75.29,True,Festival,Economic Indicator,Stable,Budget,,,,False
5508,2024-07-28,21,147,24.53,True,Unknown,Competitor Pricing,Increasing,Budget,,,,False
3665,2024-07-03,6,103,58.94,False,Festival,Competitor Pricing,Increasing,Budget,,,,False
7981,2024-11-09,17,362,21.59,True,Holiday,Weather,Decreasing,Budget,,,,False
8316,2024-05-18,15,164,60.27,True,Unknown,Weather,Decreasing,Regular,,,,False
7114,2024-11-07,17,70,9.54,False,Unknown,Competitor Pricing,Decreasing,Regular,,,,False
5252,2024-01-03,91,116,64.75,True,Unknown,Economic Indicator,Stable,Budget,,,,False
9159,2024-02-01,32,111,31.44,True,Unknown,Competitor Pricing,Decreasing,Premium,,,,False
3074,2024-06-02,92,331,67.42,True,Holiday,Weather,Stable,Regular,,,,False
5143,2024-11-05,75,353,66.93,True,Unknown,Weather,Stable,Regular,,,,False
2747,2024-06-11,88,6,64.97,True,Holiday,Weather,Increasing,Premium,59.23,96.74,2.31,True
2012,2024-11-30,33,31,46.2,True,Festival,Weather,Decreasing,Regular,,,,False
5343,2024-12-17,33,477,22.09,False,Unknown,Economic Indicator,Increasing,Premium,,,,False
6161,2024-11-03,78,95,98.27,False,Festival,Unknown,Stable,Budget,,,,False
9306,2024-04-30,1,23,99.42,False,Holiday,Economic Indicator,Stable,Regular,,,,False
9095,2024-05-27,50,7,25.59,False,Festival,Weather,Decreasing,Budget,,,,False
6636,2024-04-23,41,104,60.37,True,Festival,Competitor Pricing,Stable,Premium,,,,False
6300,2024-01-14,25,384,14.52,False,Holiday,Unknown,Increasing,Budget,,,,False
1289,2024-04-23,36,409,84.67,True,Festival,Economic Indicator,Stable,Budget,,,,False
8639,2024-03-19,36,352,21.77,True,Unknown,Economic Indicator,Decreasing,Budget,,,,False
3560,2024-12-07,35,320,41.38,True,Holiday,Weather,Decreasing,Premium,,,,False
6828,2024-05-24,54,37,82.8,False,Unknown,Competitor Pricing,Increasing,Premium,,,,False
5776,2024-02-17,33,314,55.97,False,Holiday,Unknown,Decreasing,Budget,,,,False
3343,2024-06-23,87,47,23.2,False,Unknown,Unknown,Increasing,Regular,,,,False
3184,2024-05-13,49,262,59.74,False,Festival,Weather,Increasing,Regular,,,,False
3366,2024-08-23,5,330,70.46,True,Unknown,Weather,Decreasing,Budget,,,,False
6935,2024-07-16,23,484,63.76,False,Unknown,Economic Indicator,Stable,Regular,,,,False
2545,2024-03-20,14,373,74.16,False,Holiday,Economic Indicator,Decreasing,Premium,,,,False
7077,2024-11-19,23,162,33.31,False,Unknown,Economic Indicator,Decreasing,Regular,,,,False
9532,2024-03-01,25,159,73.36,False,Festival,Competitor Pricing,Stable,Regular,,,,False
3430,2024-10-07,21,187,73.83,True,Holiday,Weather,Decreasing,Premium,,,,False
3197,2024-07-14,95,408,66.57,False,Holiday,Economic Indicator,Decreasing,Budget,,,,False
3206,2024-05-30,73,415,31.33,True,Festival,Competitor Pricing,Decreasing,Budget,,,,False
9121,2024-03-28,26,247,83.63,True,Holiday,Economic Indicator,Decreasing,Regular,,,,False
2522,2024-12-06,50,427,7.75,True,Holiday,Economic Indicator,Stable,Premium,,,,False
1555,2024-01-27,51,57,21.61,False,Unknown,Unknown,Decreasing,Premium,,,,False
8507,2024-06-07,56,277,66.45,True,Festival,Unknown,Stable,Premium,,,,False
3685,2024-06-26,26,172,42.24,True,Festival,Weather,Increasing,Premium,,,,False
3809,2024-06-09,36,365,20.33,False,Festival,Economic Indicator,Decreasing,Budget,,,,False
3966,2024-11-16,32,478,35.21,True,Unknown,Competitor Pricing,Stable,Regular,,,,False
1334,2024-03-09,85,266,72.27,True,Holiday,Competitor Pricing,Decreasing,Budget,,,,False
2091,2024-02-21,58,235,34.08,True,Festival,Unknown,Decreasing,Premium,,,,False
1280,2024-03-10,70,40,67.27,False,Unknown,Unknown,Decreasing,Budget,,,,False
1035,2024-03-17,94,301,88.29,True,Festival,Economic Indicator,Decreasing,Budget,,,,False
7952,2024-12-24,70,219,91.94,True,Festival,Unknown,Increasing,Regular,,,,False
2837,2024-10-30,2,48,75.26,False,Holiday,Economic Indicator,Increasing,Premium,,,,False
6888,2024-04-29,36,314,34.49,False,Holiday,Competitor Pricing,Decreasing,Budget,,,,False
4453,2024-07-27,45,461,80.31,False,Festival,Weather,Decreasing,Premium,,,,False
3737,2024-07-10,98,148,26.26,False,Holiday,Unknown,Decreasing,Budget,,,,False
3858,2024-01-03,98,392,70.59,True,Festival,Unknown,Stable,Budget,,,,False
5152,2024-12-23,63,171,10.4,False,Holiday,Weather,Stable,Budget,,,,False
8574,2024-02-21,95,473,93.88,False,Holiday,Unknown,Increasing,Regular,,,,False
7042,2024-06-13,44,238,79.77,False,Unknown,Unknown,Stable,Budget,,,,False
8587,2024-12-28,15,138,23.85,True,Holiday,Weather,Stable,Regular,,,,False
8032,2024-11-06,15,11,97.84,False,Festival,Economic Indicator,Stable,Premium,,,,False
6030,2024-12-18,8,284,28.63,False,Festival,Competitor Pricing,Increasing,Budget,,,,False
9369,2024-05-11,5,88,89.51,False,Festival,Weather,Decreasing,Regular,,,,False
8736,2024-11-15,8,50,63.68,True,Festival,Unknown,Decreasing,Premium,,,,False
4504,2024-11-07,12,129,22.17,False,Holiday,Competitor Pricing,Decreasing,Budget,,,,False
6450,2024-04-10,24,133,98.44,False,Festival,Economic Indicator,Decreasing,Regular,,,,False
6807,2024-02-13,28,376,77.21,True,Unknown,Competitor Pricing,Stable,Regular,,,,False
8138,2024-04-28,31,204,75.27,True,Unknown,Competitor Pricing,Increasing,Premium,,,,False
9079,2024-01-09,55,264,10.15,False,Holiday,Weather,Increasing,Budget,,,,False
6699,2024-02-15,97,169,66.44,False,Unknown,Unknown,Stable,Budget,,,,False
4938,2024-02-12,16,218,92.77,True,Unknown,Competitor Pricing,Stable,Premium,,,,False
1320,2024-11-30,63,260,57.81,False,Festival,Weather,Stable,Premium,,,,False
5893,2024-07-09,93,419,91.29,False,Unknown,Competitor Pricing,Increasing,Regular,,,,False
4570,2024-11-16,80,384,53.31,True,Festival,Competitor Pricing,Increasing,Budget,,,,False
7279,2024-03-22,49,418,58.66,False,Unknown,Weather,Increasing,Budget,,,,False
4908,2024-01-17,84,63,11.67,True,Holiday,Competitor Pricing,Stable,Regular,,,,False
4940,2024-04-06,78,236,56.62,False,Holiday,Unknown,Increasing,Budget,,,,False
9812,2024-10-16,32,151,9.59,False,Holiday,Competitor Pricing,Stable,Regular,,,,False
1914,2024-10-11,3,24,69.59,True,Festival,Competitor Pricing,Decreasing,Budget,,,,False
2860,2024-01-29,71,122,95.87,True,Festival,Weather,Stable,Regular,,,,False
1556,2024-06-26,57,439,52.39,False,Holiday,Unknown,Stable,Premium,,,,False
9077,2024-02-26,56,140,82.17,False,Holiday,Economic Indicator,Stable,Premium,,,,False
2530,2024-11-24,42,165,19.75,True,Unknown,Unknown,Increasing,Regular,,,,False
8911,2024-10-15,61,38,7.94,False,Unknown,Weather,Stable,Budget,,,,False
1324,2024-11-10,95,412,21.53,False,Unknown,Competitor Pricing,Increasing,Premium,,,,False
5931,2024-03-26,73,410,85.37,False,Holiday,Economic Indicator,Decreasing,Budget,,,,False
1089,2024-10-06,98,390,51.36,True,Festival,Unknown,Stable,Regular,,,,False
6260,2024-01-08,89,161,76.35,True,Unknown,Weather,Increasing,Regular,,,,False
2646,2024-01-11,23,481,97.09,True,Holiday,Unknown,Increasing,Regular,,,,False
9110,2024-10-11,55,63,98.05,False,Unknown,Competitor Pricing,Stable,Budget,,,,False
8413,2024-08-07,83,425,20.35,True,Unknown,Weather,Stable,Premium,,,,False
7442,2024-01-13,23,137,51.52,True,Festival,Economic Indicator,Increasing,Premium,,,,False
3332,2024-03-02,58,162,95.23,True,Festival,Unknown,Increasing,Regular,,,,False
6245,2024-11-01,76,117,55.71,True,Festival,Competitor Pricing,Stable,Budget,,,,False
9021,2024-10-17,46,192,22.47,False,Festival,Weather,Increasing,Budget,,,,False
2090,2024-11-13,19,410,91.18,True,Festival,Weather,Stable,Regular,,,,False
7698,2024-04-24,22,147,90.99,False,Festival,Competitor Pricing,Decreasing,Budget,,,,False
1324,2024-07-27,17,468,80.04,False,Festival,Unknown,Increasing,Regular,,,,False
8370,2024-07-30,73,156,5.62,True,Holiday,Weather,Stable,Budget,61.26,88.15,1.85,True
4786,2024-08-28,96,356,12.68,False,Festival,Competitor Pricing,Stable,Regular,,,,False
9398,2024-01-03,24,33,93.96,True,Unknown,Competitor Pricing,Increasing,Budget,,,,False
8764,2024-12-19,97,186,85.56,True,Holiday,Economic Indicator,Increasing,Regular,,,,False
9396,2024-07-30,28,358,62.25,False,Unknown,Economic Indicator,Stable,Budget,,,,False
8235,2024-07-06,16,66,84.08,True,Unknown,Competitor Pricing,Increasing,Budget,,,,False
4594,2024-01-30,7,59,35.05,True,Festival,Unknown,Stable,Regular,,,,False
9090,2024-11-29,93,450,98.47,True,Holiday,Weather,Stable,Premium,,,,False
1453,2024-01-31,91,167,74.41,True,Unknown,Competitor Pricing,Increasing,Budget,99.87,35.08,0.75,True
4844,2024-12-01,16,375,30.32,False,Festival,Weather,Decreasing,Premium,,,,False
5073,2024-06-04,87,214,26.03,False,Holiday,Economic Indicator,Stable,Premium,,,,False
6498,2024-03-06,51,213,5.53,False,Unknown,Unknown,Increasing,Premium,,,,False
9750,2024-10-20,53,398,11.15,False,Holiday,Economic Indicator,Stable,Regular,,,,False
2792,2024-02-14,95,17,40.08,True,Holiday,Unknown,Decreasing,Budget,,,,False
9441,2024-01-07,7,368,30.74,True,Festival,Weather,Decreasing,Regular,,,,False
2754,2024-06-05,52,214,12.61,False,Holiday,Unknown,Increasing,Regular,,,,False
4928,2024-03-09,55,189,64.67,True,Festival,Unknown,Stable,Budget,,,,False
2294,2024-05-09,5,152,41.68,False,Unknown,Competitor Pricing,Stable,Premium,,,,False
5907,2024-02-06,86,335,19.47,False,Festival,Weather,Stable,Regular,,,,False
6810,2024-06-10,85,151,77.33,True,Unknown,Weather,Decreasing,Regular,,,,False
2010,2024-09-11,6,154,79.07,True,Festival,Economic Indicator,Increasing,Premium,,,,False
6257,2024-10-27,47,460,54.5,False,Unknown,Economic Indicator,Stable,Premium,,,,False
9452,2024-11-28,93,423,32.44,False,Holiday,Weather,Decreasing,Premium,,,,False
1181,2024-05-16,63,484,17.18,True,Unknown,Competitor Pricing,Increasing,Budget,,,,False
4671,2024-05-15,40,9,56.21,False,Unknown,Unknown,Decreasing,Premium,,,,False
7235,2024-02-09,91,443,53.19,False,Unknown,Weather,Decreasing,Regular,,,,False
8426,2024-11-28,68,10,36.34,False,Festival,Weather,Decreasing,Budget,,,,False
5059,2024-02-09,70,437,26.03,False,Festival,Economic Indicator,Decreasing,Regular,,,,False
5221,2024-10-14,33,245,53.61,False,Festival,Unknown,Stable,Premium,,,,False
9834,2024-05-15,95,243,77.8,False,Festival,Weather,Decreasing,Regular,,,,False
9197,2024-12-06,49,362,77.0,False,Unknown,Economic Indicator,Increasing,Premium,,,,False
4470,2024-09-15,70,102,44.19,True,Festival,Unknown,Stable,Budget,,,,False
1668,2024-05-25,18,358,31.93,True,Festival,Economic Indicator,Increasing,Regular,,,,False
5628,2024-11-13,75,78,54.23,True,Festival,Competitor Pricing,Stable,Budget,,,,False
8539,2024-02-20,47,286,49.37,False,Unknown,Economic Indicator,Stable,Premium,,,,False
9700,2024-04-28,66,292,36.05,True,Festival,Competitor Pricing,Increasing,Budget,,,,False
6315,2024-09-05,71,149,5.93,False,Unknown,Unknown,Increasing,Premium,,,,False
6909,2024-04-25,31,472,88.69,False,Holiday,Economic Indicator,Increasing,Regular,,,,False
2653,2024-04-01,78,243,84.71,False,Holiday,Competitor Pricing,Stable,Budget,,,,False
1446,2024-04-04,95,155,19.63,True,Unknown,Unknown,Decreasing,Premium,,,,False
3748,2024-01-17,72,110,84.71,True,Holiday,Unknown,Decreasing,Premium,,,,False
8370,2024-11-27,16,97,29.23,False,Unknown,Competitor Pricing,Increasing,Budget,,,,False
2931,2024-01-05,96,239,37.72,True,Festival,Unknown,Decreasing,Budget,,,,False
8678,2024-01-12,62,384,49.01,False,Unknown,Weather,Stable,Premium,,,,False
7492,2024-08-21,39,29,27.41,True,Festival,Unknown,Decreasing,Premium,,,,False
3379,2024-12-28,28,439,65.55,False,Festival,Unknown,Decreasing,Budget,,,,False
6026,2024-06-20,73,479,50.77,False,Festival,Competitor Pricing,Increasing,Budget,,,,False
3886,2024-01-26,9,445,25.56,True,Unknown,Weather,Increasing,Budget,,,,False
7540,2024-04-01,18,82,96.82,True,Festival,Economic Indicator,Stable,Premium,,,,False
7711,2024-08-22,14,210,93.04,False,Unknown,Competitor Pricing,Stable,Budget,,,,False
1305,2024-02-11,84,396,40.33,True,Holiday,Economic Indicator,Increasing,Premium,,,,False
7404,2024-08-22,1,381,88.87,False,Festival,Competitor Pricing,Stable,Premium,,,,False
6845,2024-09-17,15,130,15.98,False,Holiday,Economic Indicator,Increasing,Regular,,,,False
1311,2024-01-10,34,67,78.02,False,Holiday,Competitor Pricing,Stable,Budget,,,,False
3579,2024-12-23,46,78,54.03,False,Holiday,Unknown,Stable,Budget,,,,False
5076,2024-08-30,11,171,42.79,True,Unknown,Unknown,Decreasing,Premium,,,,False
6022,2024-08-12,92,291,90.63,True,Holiday,Competitor Pricing,Stable,Budget,,,,False
2122,2024-07-24,54,203,20.44,True,Unknown,Economic Indicator,Stable,Premium,,,,False
5276,2024-07-07,33,135,93.54,True,Unknown,Weather,Decreasing,Regular,,,,False
9003,2024-07-28,80,461,77.64,True,Festival,Unknown,Decreasing,Budget,,,,False
2866,2024-05-19,56,155,40.64,True,Unknown,Weather,Decreasing,Regular,,,,False
6013,2024-06-13,64,238,71.74,True,Unknown,Economic Indicator,Decreasing,Budget,,,,False
7579,2024-11-15,99,269,59.62,False,Unknown,Competitor Pricing,Stable,Premium,,,,False
9323,2024-06-23,88,119,52.21,True,Unknown,Competitor Pricing,Decreasing,Budget,,,,False
2538,2024-02-16,44,462,98.99,False,Unknown,Economic Indicator,Decreasing,Premium,,,,False
9630,2024-10-15,67,267,6.75,False,Holiday,Competitor Pricing,Decreasing,Regular,,,,False
6194,2024-08-13,80,392,93.01,True,Festival,Economic Indicator,Increasing,Premium,,,,False
6702,2024-06-09,76,221,26.26,False,Unknown,Economic Indicator,Decreasing,Premium,,,,False
3958,2024-12-10,47,52,52.92,False,Festival,Weather,Increasing,Regular,,,,False
8903,2024-09-28,59,369,19.37,True,Holiday,Competitor Pricing,Decreasing,Budget,,,,False
8965,2024-08-04,28,364,15.83,True,Holiday,Weather,Decreasing,Premium,,,,False
4499,2024-01-12,53,291,82.57,True,Festival,Weather,Increasing,Budget,,,,False
7402,2024-08-24,13,373,24.75,False,Unknown,Weather,Decreasing,Budget,,,,False
8797,2024-08-31,46,379,42.7,False,Unknown,Unknown,Stable,Budget,,,,False
7629,2024-12-19,99,56,39.87,False,Holiday,Unknown,Stable,Budget,,,,False
5279,2024-12-20,49,219,81.19,True,Unknown,Unknown,Increasing,Regular,,,,False
4136,2024-09-08,90,473,88.26,True,Holiday,Competitor Pricing,Stable,Premium,,,,False
6724,2024-05-27,78,228,37.48,False,Holiday,Unknown,Increasing,Regular,,,,False
7414,2024-06-04,3,137,21.89,False,Unknown,Competitor Pricing,Decreasing,Budget,,,,False
3078,2024-09-25,23,424,37.56,True,Unknown,Economic Indicator,Increasing,Budget,,,,False
7597,2024-01-10,79,169,64.76,True,Unknown,Unknown,Increasing,Regular,,,,False
6674,2024-09-23,75,325,68.33,True,Holiday,Unknown,Decreasing,Regular,,,,False
8156,2024-08-02,92,378,63.1,True,Festival,Unknown,Decreasing,Premium,,,,False
6157,2024-11-25,95,320,35.63,True,Holiday,Weather,Increasing,Budget,,,,False
4971,2024-04-11,69,216,56.21,False,Festival,Unknown,Stable,Regular,,,,False
1162,2024-10-18,98,31,69.88,False,Holiday,Unknown,Decreasing,Budget,,,,False
2217,2024-05-16,27,432,52.62,True,Unknown,Economic Indicator,Stable,Regular,,,,False
6753,2024-01-18,89,437,98.99,False,Unknown,Economic Indicator,Stable,Regular,,,,False
4302,2024-06-19,93,472,68.15,False,Festival,Competitor Pricing,Increasing,Regular,,,,False
5532,2024-02-29,82,250,65.38,True,Unknown,Unknown,Decreasing,Budget,,,,False
8903,2024-07-29,64,286,69.98,False,Festival,Unknown,Increasing,Premium,,,,False
3971,2024-07-27,20,48,10.37,False,Holiday,Economic Indicator,Increasing,Budget,,,,False
7682,2024-12-07,52,310,11.9,True,Unknown,Competitor Pricing,Stable,Budget,,,,False
9099,2024-10-24,25,435,33.13,False,Holiday,Economic Indicator,Increasing,Budget,,,,False
2788,2024-07-04,13,268,12.09,False,Festival,Weather,Decreasing,Regular,,,,False
5745,2024-03-21,7,364,5.9,True,Holiday,Unknown,Stable,Budget,,,,False
1789,2024-02-25,86,231,9.57,False,Festival,Economic Indicator,Increasing,Budget,,,,False
4316,2024-01-15,8,29,72.72,True,Festival,Economic Indicator,Increasing,Regular,,,,False
5215,2024-09-23,9,483,22.29,False,Holiday,Economic Indicator,Stable,Regular,,,,False
3966,2024-10-14,51,135,58.09,False,Unknown,Economic Indicator,Stable,Regular,,,,False
9002,2024-10-24,85,257,71.9,False,Festival,Competitor Pricing,Increasing,Premium,,,,False
8608,2024-07-17,26,337,20.99,True,Festival,Weather,Increasing,Regular,,,,False
3266,2024-04-14,70,14,29.08,False,Festival,Economic Indicator,Decreasing,Budget,,,,False
5663,2024-12-18,98,16,57.05,False,Holiday,Weather,Increasing,Premium,,,,False
3814,2024-07-05,25,416,58.65,True,Holiday,Weather,Decreasing,Premium,,,,False
6418,2024-09-27,30,385,22.15,False,Holiday,Unknown,Stable,Premium,,,,False
1972,2024-06-27,74,225,95.42,True,Unknown,Economic Indicator,Stable,Premium,,,,False
1665,2024-07-14,73,468,46.49,True,Holiday,Unknown,Stable,Budget,,,,False
5576,2024-02-11,91,393,59.47,False,Festival,Economic Indicator,Decreasing,Regular,,,,False
8691,2024-06-22,68,411,70.14,False,Festival,Weather,Decreasing,Budget,,,,False
5232,2024-04-16,26,85,87.34,False,Holiday,Economic Indicator,Stable,Budget,,,,False
8379,2024-08-27,52,98,52.81,False,Unknown,Unknown,Increasing,Budget,,,,False
8556,2024-05-19,50,359,70.23,True,Holiday,Unknown,Increasing,Budget,,,,False
2141,2024-04-16,34,367,22.41,False,Unknown,Unknown,Decreasing,Regular,,,,False
9170,2024-11-06,89,431,49.16,True,Festival,Economic Indicator,Decreasing,Premium,,,,False
4996,2024-10-12,47,387,52.87,True,Holiday,Economic Indicator,Decreasing,Budget,,,,False
7631,2024-07-15,77,230,88.81,True,Holiday,Weather,Decreasing,Regular,,,,False
7756,2024-09-25,27,118,93.25,True,Unknown,Unknown,Increasing,Regular,,,,False
7301,2024-08-13,69,18,68.55,True,Festival,Competitor Pricing,Increasing,Regular,,,,False
2818,2024-02-02,81,68,72.31,False,Festival,Unknown,Increasing,Budget,,,,False
8098,2024-09-28,82,54,18.06,True,Holiday,Weather,Stable,Budget,,,,False
6837,2024-02-24,25,323,78.49,True,Holiday,Competitor Pricing,Stable,Regular,,,,False
6902,2024-10-30,72,451,34.71,False,Holiday,Economic Indicator,Increasing,Premium,,,,False
6832,2024-08-22,45,118,90.3,False,Festival,Competitor Pricing,Stable,Premium,,,,False
3432,2024-03-05,6,402,18.13,False,Festival,Competitor Pricing,Decreasing,Budget,,,,False
1827,2024-03-21,43,148,62.3,True,Festival,Economic Indicator,Stable,Premium,,,,False
9569,2024-04-19,91,325,15.45,False,Unknown,Competitor Pricing,Decreasing,Budget,,,,False
1729,2024-08-12,26,357,30.65,True,Festival,Economic Indicator,Stable,Premium,,,,False
1055,2024-11-20,63,300,97.29,True,Holiday,Unknown,Stable,Regular,,,,False
9954,2024-03-24,39,149,22.15,True,Holiday,Economic Indicator,Increasing,Premium,,,,False
8102,2024-01-15,26,99,50.87,False,Holiday,Competitor Pricing,Decreasing,Regular,,,,False
6749,2024-02-25,49,317,95.94,True,Holiday,Unknown,Decreasing,Regular,,,,False
8275,2024-04-16,20,263,93.05,False,Festival,Unknown,Decreasing,Regular,,,,False
1986,2024-09-18,31,421,72.29,False,Holiday,Economic Indicator,Increasing,Regular,,,,False
7582,2024-11-16,93,370,32.11,True,Festival,Weather,Decreasing,Premium,,,,False
2721,2024-12-04,8,494,95.62,False,Holiday,Economic Indicator,Decreasing,Budget,,,,False
1825,2024-06-03,16,319,49.17,True,Holiday,Competitor Pricing,Increasing,Regular,,,,False
8887,2024-01-26,93,326,7.0,True,Holiday,Weather,Decreasing,Regular,,,,False
2060,2024-12-11,83,91,44.62,True,Festival,Weather,Increasing,Premium,,,,False
8598,2024-06-04,74,341,82.44,False,Festival,Competitor Pricing,Decreasing,Premium,,,,False
7216,2024-02-28,54,363,87.5,False,Unknown,Weather,Increasing,Budget,,,,False
4637,2024-10-07,35,197,90.08,False,Festival,Competitor Pricing,Stable,Premium,,,,False
7675,2024-02-07,81,299,72.01,True,Unknown,Unknown,Increasing,Regular,,,,False
2061,2024-09-05,40,172,97.51,False,Holiday,Unknown,Decreasing,Premium,,,,False
1746,2024-01-19,28,245,60.9,False,Holiday,Weather,Stable,Regular,,,,False
5858,2024-01-02,10,128,16.77,False,Holiday,Unknown,Increasing,Premium,,,,False
2422,2024-07-28,56,122,28.11,False,Festival,Unknown,Stable,Regular,,,,False
3855,2024-11-17,24,312,50.77,False,Holiday,Competitor Pricing,Decreasing,Premium,,,,False
3691,2024-10-05,75,412,12.82,False,Unknown,Weather,Stable,Premium,,,,False
2179,2024-02-22,34,300,94.7,False,Festival,Competitor Pricing,Increasing,Budget,,,,False
1597,2024-04-29,25,191,91.44,False,Festival,Weather,Increasing,Premium,,,,False
4094,2024-02-21,97,230,20.3,True,Holiday,Unknown,Decreasing,Budget,,,,False
9160,2024-07-19,63,10,95.89,True,Festival,Economic Indicator,Decreasing,Budget,,,,False
6155,2024-03-24,40,84,83.47,True,Holiday,Weather,Decreasing,Regular,,,,False
6515,2024-07-05,34,275,36.89,False,Holiday,Weather,Increasing,Budget,,,,False
4230,2024-09-17,60,353,85.06,False,Holiday,Economic Indicator,Stable,Budget,,,,False
7494,2024-11-20,34,201,11.26,True,Unknown,Competitor Pricing,Increasing,Regular,,,,False
9912,2024-04-02,13,187,67.92,True,Festival,Economic Indicator,Stable,Premium,,,,False
5991,2024-07-19,85,320,55.02,False,Festival,Competitor Pricing,Stable,Regular,,,,False
6765,2024-11-24,41,428,16.51,True,Festival,Weather,Increasing,Regular,,,,False
4342,2024-07-17,32,29,62.27,False,Unknown,Competitor Pricing,Stable,Regular,,,,False
8882,2024-02-25,84,275,98.32,False,Unknown,Weather,Stable,Budget,,,,False
3366,2024-06-16,66,402,91.1,True,Unknown,Competitor Pricing,Increasing,Premium,,,,False
8580,2024-03-13,22,4,19.98,True,Unknown,Economic Indicator,Decreasing,Budget,,,,False
4177,2024-04-17,89,368,54.85,True,Festival,Weather,Increasing,Regular,,,,False
8050,2024-12-04,29,128,44.41,True,Holiday,Weather,Stable,Premium,,,,False
5958,2024-09-17,30,486,36.43,False,Festival,Unknown,Increasing,Budget,,,,False
7827,2024-07-24,1,383,19.57,True,Holiday,Competitor Pricing,Increasing,Budget,,,,False
5643,2024-05-03,77,287,90.68,False,Festival,Weather,Stable,Budget,,,,False
8536,2024-05-24,14,457,54.29,True,Unknown,Economic Indicator,Decreasing,Premium,,,,False
9114,2024-10-25,95,397,15.22,True,Unknown,Unknown,Stable,Regular,,,,False
8962,2024-10-20,98,473,33.51,True,Unknown,Economic Indicator,Stable,Regular,,,,False
3799,2024-09-21,41,349,33.39,False,Festival,Competitor Pricing,Decreasing,Budget,,,,False
8341,2024-11-11,43,497,25.03,True,Unknown,Economic Indicator,Decreasing,Regular,,,,False
1268,2024-11-19,63,333,88.55,True,Festival,Weather,Increasing,Premium,,,,False
6752,2024-03-13,6,5,66.35,True,Unknown,Unknown,Stable,Regular,,,,False
6068,2024-02-25,23,86,30.29,True,Unknown,Unknown,Decreasing,Premium,,,,False
9068,2024-12-07,98,434,44.41,True,Festival,Competitor Pricing,Increasing,Premium,,,,False
9039,2024-06-14,97,190,22.94,False,Festival,Competitor Pricing,Decreasing,Budget,,,,False
8050,2024-10-27,74,492,91.37,True,Festival,Competitor Pricing,Decreasing,Premium,,,,False
7186,2024-09-04,31,113,64.25,False,Unknown,Economic Indicator,Increasing,Budget,,,,False
3563,2024-08-28,12,35,98.91,False,Festival,Economic Indicator,Decreasing,Premium,,,,False
7301,2024-04-16,86,217,87.52,False,Holiday,Economic Indicator,Stable,Regular,,,,False
8197,2024-07-03,40,29,26.12,False,Holiday,Economic Indicator,Decreasing,Regular,,,,False
8013,2024-10-26,12,341,94.12,False,Holiday,Economic Indicator,Increasing,Premium,,,,False
4971,2024-01-14,63,326,83.25,True,Festival,Competitor Pricing,Increasing,Budget,,,,False
2702,2024-01-24,85,59,9.39,True,Holiday,Economic Indicator,Increasing,Regular,,,,False
4220,2024-06-08,44,397,42.64,False,Festival,Weather,Increasing,Budget,,,,False
7279,2024-10-11,43,108,39.96,False,Holiday,Competitor Pricing,Decreasing,Budget,98.75,93.58,2.27,True
7819,2024-03-23,67,43,23.57,True,Festival,Weather,Decreasing,Budget,,,,False
4219,2024-04-13,1,300,79.55,True,Festival,Unknown,Decreasing,Premium,,,,False
4953,2024-07-17,77,297,34.78,True,Unknown,Competitor Pricing,Decreasing,Budget,,,,False
3943,2024-06-14,33,195,69.21,True,Unknown,Weather,Increasing,Budget,,,,False
7716,2024-03-23,72,402,19.57,False,Holiday,Weather,Stable,Regular,,,,False
8818,2024-04-21,55,105,15.37,False,Festival,Unknown,Stable,Regular,,,,False
5177,2024-08-05,86,444,61.13,True,Unknown,Economic Indicator,Increasing,Premium,,,,False
4919,2024-01-01,1,196,50.55,False,Unknown,Economic Indicator,Increasing,Premium,,,,False
8683,2024-10-21,13,149,27.48,False,Holiday,Economic Indicator,Decreasing,Premium,,,,False
6470,2024-09-20,24,355,16.38,True,Holiday,Economic Indicator,Increasing,Regular,,,,False
4073,2024-08-25,93,295,61.31,False,Unknown,Competitor Pricing,Decreasing,Budget,,,,False
5134,2024-03-27,86,237,88.09,False,Festival,Economic Indicator,Increasing,Budget,,,,False
8031,2024-12-08,8,140,11.9,False,Festival,Unknown,Decreasing,Budget,,,,False
6550,2024-09-24,24,310,9.24,False,Festival,Competitor Pricing,Increasing,Premium,,,,False
7558,2024-08-21,2,470,94.03,True,Holiday,Unknown,Decreasing,Premium,,,,False
3971,2024-11-20,35,408,43.03,True,Holiday,Competitor Pricing,Decreasing,Premium,,,,False
1232,2024-03-16,84,495,46.65,True,Holiday,Weather,Increasing,Regular,,,,False
7042,2024-05-18,8,159,51.67,False,Holiday,Economic Indicator,Increasing,Premium,,,,False
9910,2024-01-15,29,16,61.64,False,Unknown,Weather,Decreasing,Regular,,,,False
1234,2024-10-09,94,430,24.3,True,Holiday,Competitor Pricing,Stable,Regular,,,,False
6240,2024-05-27,95,312,38.16,False,Holiday,Unknown,Stable,Premium,,,,False
7101,2024-06-23,36,481,5.66,True,Festival,Competitor Pricing,Increasing,Premium,,,,False
1459,2024-12-11,40,186,21.06,True,Unknown,Weather,Increasing,Budget,,,,False
8500,2024-03-06,46,179,13.67,False,Unknown,Unknown,Decreasing,Regular,,,,False
3794,2024-01-16,40,477,17.93,False,Unknown,Economic Indicator,Decreasing,Budget,94.98,52.92,1.13,True
8556,2024-05-28,12,250,44.25,False,Unknown,Unknown,Stable,Premium,,,,False
1685,2024-06-22,17,356,25.78,False,Festival,Weather,Decreasing,Premium,,,,False
9622,2024-02-26,95,348,13.13,True,Unknown,Weather,Decreasing,Regular,,,,False
2656,2024-08-06,38,305,92.17,True,Holiday,Competitor Pricing,Decreasing,Regular,,,,False
4082,2024-05-12,37,430,40.21,True,Unknown,Economic Indicator,Decreasing,Budget,,,,False
6683,2024-08-06,26,241,36.88,False,Holiday,Weather,Decreasing,Regular,,,,False
4324,2024-02-23,68,270,23.76,False,Holiday,Weather,Stable,Regular,,,,False
4866,2024-02-24,68,22,40.09,False,Unknown,Weather,Decreasing,Premium,,,,False
2355,2024-07-25,85,45,21.11,False,Festival,Unknown,Decreasing,Premium,,,,False
8023,2024-04-01,28,274,52.7,True,Unknown,Weather,Stable,Regular,,,,False
2656,2024-06-06,55,426,85.26,False,Unknown,Weather,Decreasing,Regular,,,,False
9369,2024-03-25,3,108,24.3,True,Holiday,Economic Indicator,Increasing,Regular,,,,False
4559,2024-12-22,15,23,17.89,False,Unknown,Unknown,Increasing,Budget,,,,False
6704,2024-12-08,62,335,83.76,True,Holiday,Economic Indicator,Decreasing,Budget,,,,False
4891,2024-11-02,44,313,28.52,False,Holiday,Competitor Pricing,Stable,Regular,,,,False
2163,2024-02-03,21,220,23.17,True,Festival,Unknown,Decreasing,Regular,,,,False
6626,2024-10-11,52,124,29.53,True,Unknown,Competitor Pricing,Decreasing,Regular,,,,False
8500,2024-04-02,98,488,23.0,False,Holiday,Unknown,Stable,Premium,,,,False
8101,2024-11-23,98,398,53.3,True,Holiday,Economic Indicator,Stable,Regular,,,,False
6584,2024-10-09,59,401,89.18,False,Festival,Weather,Decreasing,Budget,,,,False
3179,2024-06-09,10,288,19.33,True,Festival,Economic Indicator,Stable,Regular,,,,False
6151,2024-06-11,42,145,38.98,False,Festival,Unknown,Increasing,Premium,,,,False
8268,2024-02-16,25,306,12.4,True,Unknown,Unknown,Decreasing,Budget,,,,False
5900,2024-10-16,86,327,7.84,True,Festival,Competitor Pricing,Stable,Regular,,,,False
2748,2024-03-18,10,246,87.03,False,Unknown,Weather,Decreasing,Budget,,,,False
4961,2024-09-18,99,498,42.27,False,Festival,Competitor Pricing,Increasing,Budget,,,,False
7428,2024-09-03,60,359,44.88,True,Unknown,Economic Indicator,Stable,Budget,,,,False
9527,2024-11-28,38,161,9.38,True,Festival,Economic Indicator,Increasing,Budget,,,,False
7308,2024-02-24,40,107,62.52,True,Festival,Competitor Pricing,Decreasing,Premium,,,,False
7452,2024-05-17,99,97,84.61,False,Unknown,Unknown,Increasing,Premium,,,,False
4689,2024-10-02,94,314,75.38,False,Holiday,Economic Indicator,Stable,Regular,,,,False
7005,2024-11-19,38,362,86.78,True,Holiday,Weather,Decreasing,Budget,,,,False
9409,2024-10-21,64,236,97.7,False,Festival,Weather,Increasing,Regular,,,,False
6406,2024-10-04,23,387,51.8,False,Unknown,Economic Indicator,Decreasing,Budget,,,,False
8216,2024-06-01,11,294,37.57,False,Unknown,Unknown,Stable,Premium,,,,False
4099,2024-11-10,18,60,12.22,True,Unknown,Unknown,Decreasing,Premium,,,,False
4478,2024-12-02,59,232,14.24,True,Unknown,Weather,Decreasing,Budget,,,,False
5039,2024-10-10,9,389,52.19,True,Holiday,Competitor Pricing,Stable,Budget,,,,False
2730,2024-11-29,6,154,58.99,False,Unknown,Unknown,Increasing,Budget,,,,False
6961,2024-05-16,42,435,28.81,True,Unknown,Competitor Pricing,Increasing,Budget,,,,False
3496,2024-08-14,40,312,52.42,True,Holiday,Economic Indicator,Increasing,Premium,,,,False
1460,2024-07-13,34,97,40.03,False,Festival,Weather,Increasing,Premium,,,,False
2887,2024-07-31,53,177,67.45,True,Festival,Economic Indicator,Decreasing,Premium,,,,False
9865,2024-05-24,16,236,42.94,False,Holiday,Weather,Decreasing,Budget,,,,False
5901,2024-08-26,93,160,86.11,False,Holiday,Competitor Pricing,Stable,Budget,,,,False
2997,2024-09-09,54,103,12.6,True,Holiday,Weather,Decreasing,Regular,,,,False
5989,2024-09-09,83,81,24.31,True,Festival,Competitor Pricing,Stable,Budget,,,,False
2734,2024-10-15,69,461,25.74,True,Unknown,Economic Indicator,Increasing,Regular,,,,False
6347,2024-12-23,28,460,76.13,False,Festival,Weather,Stable,Regular,,,,False
6529,2024-03-24,4,438,96.32,True,Festival,Unknown,Increasing,Regular,,,,False
3516,2024-02-29,17,243,61.17,True,Unknown,Economic Indicator,Stable,Premium,,,,False
1885,2024-11-21,18,336,18.3,True,Festival,Economic Indicator,Stable,Budget,,,,False
1277,2024-06-28,39,435,84.68,False,Unknown,Economic Indicator,Decreasing,Budget,,,,False
6277,2024-10-17,45,391,91.49,True,Unknown,Economic Indicator,Decreasing,Premium,,,,False
9129,2024-06-21,88,314,39.97,True,Festival,Competitor Pricing,Stable,Regular,,,,False
7722,2024-05-10,91,414,72.18,False,Festival,Weather,Decreasing,Budget,,,,False
7007,2024-03-05,29,426,40.22,False,Unknown,Weather,Increasing,Regular,,,,False
2291,2024-07-22,60,233,22.96,False,Holiday,Unknown,Stable,Premium,,,,False
2272,2024-08-04,99,76,89.34,True,Holiday,Unknown,Decreasing,Premium,24.25,9.5,1.71,True
2573,2024-06-19,2,15,75.95,True,Festival,Economic Indicator,Decreasing,Regular,,,,False
2984,2024-11-09,53,378,68.13,False,Festival,Unknown,Decreasing,Regular,,,,False
2419,2024-05-19,45,202,53.19,False,Holiday,Weather,Decreasing,Budget,,,,False
2380,2024-08-08,70,484,42.78,True,Holiday,Unknown,Stable,Premium,,,,False
1473,2024-10-22,25,41,94.11,True,Unknown,Unknown,Stable,Regular,,,,False
5124,2024-11-17,67,485,94.53,True,Festival,Weather,Decreasing,Budget,,,,False
6583,2024-05-07,26,1,57.43,False,Unknown,Weather,Stable,Premium,,,,False
2004,2024-07-30,43,4,49.56,True,Festival,Economic Indicator,Stable,Regular,,,,False
7778,2024-07-15,53,400,83.0,True,Festival,Unknown,Decreasing,Regular,,,,False
6375,2024-12-06,59,342,46.39,False,Unknown,Weather,Increasing,Premium,,,,False
4120,2024-02-01,96,437,24.73,True,Holiday,Unknown,Stable,Budget,,,,False
6354,2024-07-03,65,158,67.86,True,Holiday,Weather,Increasing,Premium,,,,False
7370,2024-08-12,88,342,45.87,False,Unknown,Competitor Pricing,Decreasing,Premium,,,,False
2416,2024-05-11,65,420,21.26,False,Festival,Weather,Increasing,Budget,,,,False
2667,2024-09-30,48,167,49.33,True,Festival,Unknown,Decreasing,Premium,,,,False
2552,2024-06-11,51,204,16.91,True,Unknown,Competitor Pricing,Stable,Premium,,,,False
4638,2024-09-09,70,108,49.21,False,Festival,Competitor Pricing,Increasing,Premium,,,,False
5119,2024-01-21,49,489,69.35,True,Holiday,Economic Indicator,Stable,Premium,,,,False
2397,2024-07-19,82,323,44.07,False,Festival,Unknown,Decreasing,Premium,,,,False
2993,2024-02-10,92,427,96.09,False,Holiday,Unknown,Stable,Regular,,,,False
7969,2024-05-26,97,128,41.59,False,Festival,Weather,Stable,Budget,,,,False
4715,2024-01-24,7,347,91.95,True,Festival,Weather,Decreasing,Regular,,,,False
8584,2024-08-05,38,184,35.31,False,Unknown,Weather,Stable,Premium,,,,False
2509,2024-07-01,98,144,26.21,False,Festival,Economic Indicator,Stable,Regular,,,,False
7641,2024-08-07,59,279,14.23,True,Holiday,Weather,Increasing,Premium,,,,False
3722,2024-06-12,70,57,20.35,False,Holiday,Economic Indicator,Decreasing,Premium,,,,False
7625,2024-02-19,11,294,6.23,True,Unknown,Unknown,Increasing,Budget,,,,False
5275,2024-08-25,4,244,97.97,False,Unknown,Economic Indicator,Increasing,Budget,,,,False
6597,2024-11-05,11,424,70.14,False,Unknown,Unknown,Decreasing,Regular,,,,False
8416,2024-05-13,5,372,43.92,True,Holiday,Economic Indicator,Increasing,Premium,,,,False
3555,2024-03-04,12,154,7.22,False,Holiday,Economic Indicator,Decreasing,Regular,,,,False
7962,2024-10-15,85,278,69.02,False,Holiday,Economic Indicator,Stable,Regular,,,,False
5432,2024-07-25,49,467,88.07,False,Holiday,Competitor Pricing,Decreasing,Budget,,,,False
7311,2024-07-22,56,357,95.85,False,Holiday,Competitor Pricing,Stable,Budget,,,,False
3468,2024-09-11,41,265,69.54,True,Festival,Economic Indicator,Stable,Regular,,,,False
3632,2024-06-28,81,400,64.99,False,Festival,Economic Indicator,Stable,Premium,,,,False
7375,2024-10-18,78,37,56.49,True,Unknown,Economic Indicator,Stable,Budget,,,,False
2599,2024-01-14,76,126,55.7,True,Holiday,Economic Indicator,Stable,Regular,,,,False
1097,2024-08-23,92,383,75.44,False,Festival,Economic Indicator,Decreasing,Regular,,,,False
4839,2024-12-23,46,267,67.07,True,Unknown,Unknown,Increasing,Budget,,,,False
2770,2024-03-08,29,423,84.76,False,Holiday,Economic Indicator,Increasing,Regular,,,,False
8857,2024-05-05,23,198,74.53,False,Unknown,Weather,Decreasing,Premium,,,,False
1750,2024-04-05,34,87,70.84,True,Unknown,Economic Indicator,Decreasing,Regular,,,,False
4777,2024-09-26,52,309,50.53,True,Unknown,Competitor Pricing,Decreasing,Premium,,,,False
6728,2024-07-31,57,425,27.76,False,Unknown,Weather,Decreasing,Premium,,,,False
2650,2024-02-11,13,436,73.03,False,Festival,Weather,Increasing,Regular,,,,False
2347,2024-01-03,25,402,27.11,True,Festival,Weather,Increasing,Premium,,,,False
6081,2024-08-16,35,209,11.1,False,Unknown,Weather,Decreasing,Premium,,,,False
5927,2024-12-07,7,406,41.45,False,Festival,Competitor Pricing,Stable,Regular,,,,False
3385,2024-03-06,56,304,69.08,False,Festival,Economic Indicator,Increasing,Premium,,,,False
6278,2024-09-05,85,451,68.1,True,Unknown,Competitor Pricing,Stable,Premium,,,,False
4574,2024-07-24,19,59,35.15,False,Holiday,Unknown,Increasing,Premium,,,,False
4042,2024-05-26,77,216,51.19,True,Holiday,Economic Indicator,Stable,Budget,,,,False
1965,2024-10-15,42,362,63.51,False,Festival,Economic Indicator,Decreasing,Regular,,,,False
1345,2024-08-01,95,358,13.78,False,Holiday,Weather,Decreasing,Premium,,,,False
9084,2024-03-29,70,348,59.49,False,Holiday,Competitor Pricing,Decreasing,Regular,,,,False
6149,2024-07-03,23,498,24.04,True,Holiday,Competitor Pricing,Decreasing,Premium,,,,False
5960,2024-01-25,97,239,40.03,True,Unknown,Unknown,Increasing,Premium,,,,False
5535,2024-03-20,45,5,76.84,False,Unknown,Unknown,Stable,Regular,,,,False
5864,2024-07-02,53,6,42.82,False,Festival,Competitor Pricing,Decreasing,Premium,,,,False
3790,2024-05-07,98,10,52.05,False,Holiday,Weather,Decreasing,Budget,,,,False
1614,2024-03-10,71,104,40.78,False,Holiday,Unknown,Decreasing,Regular,,,,False
7672,2024-06-27,64,93,8.97,True,Festival,Unknown,Stable,Premium,,,,False
8155,2024-06-22,43,62,38.29,True,Holiday,Economic Indicator,Decreasing,Premium,,,,False
7705,2024-12-12,63,322,80.16,False,Holiday,Competitor Pricing,Increasing,Premium,,,,False
8184,2024-03-23,77,164,21.63,True,Festival,Unknown,Stable,Regular,,,,False
6411,2024-05-29,62,15,28.9,True,Holiday,Economic Indicator,Decreasing,Budget,,,,False
7573,2024-07-21,22,240,53.65,False,Festival,Competitor Pricing,Stable,Regular,,,,False
9692,2024-05-13,37,413,47.97,False,Festival,Economic Indicator,Increasing,Regular,,,,False
6177,2024-12-28,80,271,56.75,False,Holiday,Economic Indicator,Stable,Regular,,,,False
2230,2024-08-19,72,188,84.87,True,Festival,Unknown,Decreasing,Budget,,,,False
1191,2024-03-01,69,26,42.06,False,Holiday,Competitor Pricing,Increasing,Premium,,,,False
8693,2024-05-16,41,175,26.29,True,Unknown,Economic Indicator,Decreasing,Regular,,,,False
8595,2024-12-02,20,385,14.93,False,Festival,Economic Indicator,Increasing,Premium,,,,False
8695,2024-04-03,73,381,45.64,False,Holiday,Competitor Pricing,Increasing,Regular,,,,False
1735,2024-02-12,26,163,46.38,False,Holiday,Unknown,Stable,Premium,,,,False
7094,2024-11-04,33,277,43.13,False,Unknown,Competitor Pricing,Stable,Regular,,,,False
1991,2024-04-05,32,28,57.64,True,Unknown,Competitor Pricing,Stable,Regular,,,,False
5959,2024-11-01,57,7,9.63,False,Holiday,Competitor Pricing,Decreasing,Budget,,,,False
2425,2024-02-27,96,110,96.79,False,Holiday,Economic Indicator,Decreasing,Premium,,,,False
5826,2024-03-07,64,170,43.57,False,Festival,Economic Indicator,Increasing,Regular,,,,False
6978,2024-07-05,12,39,72.03,True,Unknown,Unknown,Decreasing,Regular,,,,False
7379,2024-07-07,67,91,53.2,False,Festival,Economic Indicator,Increasing,Regular,,,,False
7170,2024-05-02,5,403,27.93,True,Holiday,Unknown,Increasing,Regular,,,,False
5783,2024-03-30,94,355,24.42,True,Festival,Competitor Pricing,Decreasing,Budget,,,,False
8062,2024-05-18,23,42,68.66,True,Holiday,Economic Indicator,Stable,Premium,,,,False
1488,2024-05-07,14,286,28.64,False,Holiday,Economic Indicator,Increasing,Budget,,,,False
7081,2024-06-17,73,489,16.09,True,Holiday,Competitor Pricing,Stable,Budget,,,,False
4502,2024-06-04,45,238,68.39,True,Holiday,Competitor Pricing,Increasing,Premium,,,,False
2755,2024-09-27,11,480,34.44,False,Festival,Competitor Pricing,Stable,Premium,,,,False
8429,2024-09-25,54,377,25.34,True,Festival,Economic Indicator,Increasing,Premium,,,,False
9545,2024-12-24,34,377,36.41,False,Holiday,Competitor Pricing,Stable,Budget,21.39,11.05,1.33,True
6876,2024-04-19,39,102,88.18,True,Festival,Weather,Stable,Premium,,,,False
3428,2024-12-03,77,250,84.38,False,Festival,Unknown,Increasing,Budget,,,,False
3678,2024-04-15,88,70,6.39,False,Unknown,Unknown,Increasing,Regular,58.29,51.45,1.58,True
8474,2024-12-12,21,440,62.39,True,Festival,Economic Indicator,Decreasing,Budget,,,,False
5614,2024-05-28,30,66,82.68,False,Holiday,Unknown,Stable,Regular,,,,False
8036,2024-07-27,66,396,11.27,False,Unknown,Economic Indicator,Stable,Regular,,,,False
5535,2024-06-07,82,128,67.39,False,Holiday,Economic Indicator,Increasing,Premium,,,,False
3117,2024-11-01,38,462,14.02,True,Holiday,Economic Indicator,Increasing,Premium,,,,False
1156,2024-04-22,77,188,36.17,True,Holiday,Weather,Decreasing,Regular,,,,False
4059,2024-06-20,48,498,13.44,False,Festival,Weather,Decreasing,Budget,,,,False
4945,2024-12-08,67,325,68.99,True,Holiday,Competitor Pricing,Increasing,Budget,,,,False
5237,2024-07-11,65,292,38.08,True,Holiday,Economic Indicator,Stable,Premium,,,,False
8202,2024-09-28,86,144,58.6,False,Festival,Weather,Stable,Budget,,,,False
3736,2024-06-10,69,280,81.74,False,Unknown,Competitor Pricing,Increasing,Budget,,,,False
7064,2024-09-30,70,201,42.63,True,Holiday,Unknown,Stable,Premium,,,,False
3441,2024-10-19,8,206,17.16,False,Festival,Economic Indicator,Increasing,Regular,,,,False
2544,2024-11-20,18,337,42.27,True,Holiday,Weather,Decreasing,Budget,,,,False
1523,2024-10-19,88,108,53.45,False,Unknown,Weather,Stable,Regular,,,,False
5538,2024-12-01,26,351,64.91,True,Holiday,Weather,Stable,Premium,,,,False
5241,2024-11-03,12,431,51.83,False,Unknown,Competitor Pricing,Increasing,Regular,,,,False
1408,2024-11-25,94,159,48.53,True,Festival,Competitor Pricing,Increasing,Budget,,,,False
3075,2024-03-08,10,40,47.31,False,Holiday,Economic Indicator,Increasing,Budget,,,,False
4110,2024-02-15,33,106,85.66,False,Unknown,Economic Indicator,Stable,Budget,,,,False
8707,2024-03-23,50,434,50.3,True,Holiday,Weather,Decreasing,Budget,,,,False
7032,2024-12-24,40,271,53.64,False,Holiday,Competitor Pricing,Increasing,Regular,,,,False
1935,2024-07-31,43,30,7.6,True,Unknown,Competitor Pricing,Decreasing,Regular,,,,False
6012,2024-08-21,8,497,52.9,True,Festival,Competitor Pricing,Stable,Regular,,,,False
8644,2024-12-19,63,299,45.6,True,Holiday,Competitor Pricing,Increasing,Regular,,,,False
7402,2024-04-20,80,179,19.27,True,Holiday,Economic Indicator,Decreasing,Regular,,,,False
7106,2024-05-13,16,249,6.78,True,Holiday,Weather,Increasing,Budget,,,,False
6041,2024-06-08,10,92,73.74,False,Festival,Weather,Increasing,Budget,,,,False
4882,2024-05-08,88,273,85.55,True,Festival,Weather,Increasing,Premium,,,,False
8251,2024-03-05,72,345,14.09,False,Holiday,Unknown,Stable,Regular,,,,False
7199,2024-03-27,61,2,19.45,True,Holiday,Economic Indicator,Decreasing,Budget,,,,False
5548,2024-06-22,3,189,38.25,False,Festival,Competitor Pricing,Increasing,Budget,,,,False
7550,2024-10-22,25,55,61.43,True,Unknown,Weather,Increasing,Regular,,,,False
6994,2024-01-09,28,167,92.03,False,Holiday,Economic Indicator,Increasing,Premium,,,,False
5856,2024-01-12,88,104,35.45,True,Holiday,Economic Indicator,Stable,Budget,,,,False
3717,2024-01-21,59,289,82.51,True,Festival,Economic Indicator,Stable,Regular,,,,False
8791,2024-10-22,5,358,7.43,False,Unknown,Unknown,Decreasing,Premium,,,,False
4743,2024-08-14,40,9,18.42,True,Unknown,Competitor Pricing,Decreasing,Budget,,,,False
6875,2024-08-31,70,220,78.15,True,Festival,Weather,Increasing,Premium,,,,False
4336,2024-02-23,9,378,62.19,True,Unknown,Unknown,Stable,Regular,,,,False
6397,2024-10-16,57,420,26.25,True,Unknown,Competitor Pricing,Stable,Premium,,,,False
9739,2024-06-25,14,230,56.49,True,Festival,Competitor Pricing,Increasing,Regular,,,,False
8611,2024-12-06,80,360,33.38,True,Holiday,Economic Indicator,Stable,Regular,,,,False
4152,2024-12-15,65,187,99.38,False,Holiday,Unknown,Decreasing,Budget,,,,False
2188,2024-10-30,89,106,85.25,True,Holiday,Competitor Pricing,Stable,Regular,,,,False
9543,2024-01-20,33,292,68.42,False,Holiday,Weather,Stable,Regular,,,,False
3105,2024-09-14,81,307,87.81,True,Unknown,Weather,Stable,Premium,,,,False
5383,2024-07-06,49,88,22.95,True,Unknown,Unknown,Increasing,Premium,,,,False
9281,2024-05-12,61,131,83.51,False,Holiday,Economic Indicator,Increasing,Budget,,,,False
9371,2024-06-02,27,418,42.21,False,Holiday,Unknown,Decreasing,Premium,,,,False
5762,2024-05-16,22,192,74.37,False,Holiday,Weather,Increasing,Premium,,,,False
6745,2024-03-13,15,101,11.07,False,Festival,Unknown,Increasing,Budget,,,,False
9252,2024-02-06,12,409,25.95,True,Unknown,Economic Indicator,Increasing,Premium,,,,False
4759,2024-03-01,91,324,87.66,True,Holiday,Competitor Pricing,Stable,Budget,,,,False
4009,2024-05-02,25,135,73.91,True,Festival,Economic Indicator,Increasing,Budget,,,,False
9537,2024-09-18,76,31,73.05,False,Holiday,Unknown,Stable,Premium,,,,False
9101,2024-10-23,78,395,97.53,False,Unknown,Unknown,Decreasing,Premium,,,,False
1302,2024-11-28,29,165,74.92,False,Unknown,Economic Indicator,Stable,Regular,,,,False
6626,2024-05-30,76,35,82.78,False,Festival,Economic Indicator,Decreasing,Regular,,,,False
6189,2024-10-28,78,448,77.64,False,Holiday,Competitor Pricing,Decreasing,Budget,,,,False
1457,2024-05-16,31,246,86.07,True,Festival,Weather,Stable,Regular,,,,False
9734,2024-06-10,32,122,20.35,False,Unknown,Unknown,Stable,Premium,,,,False
2076,2024-02-10,56,442,5.99,False,Unknown,Competitor Pricing,Stable,Regular,,,,False
8752,2024-03-09,68,294,63.35,True,Unknown,Competitor Pricing,Decreasing,Premium,,,,False
6174,2024-07-16,61,101,89.22,True,Holiday,Economic Indicator,Stable,Premium,,,,False
5147,2024-02-04,64,244,30.52,True,Unknown,Weather,Decreasing,Regular,,,,False
1789,2024-06-26,9,163,61.49,True,Unknown,Weather,Increasing,Regular,,,,False
9528,2024-01-19,77,473,73.24,True,Festival,Competitor Pricing,Stable,Premium,,,,False
8944,2024-06-22,78,105,91.44,True,Festival,Unknown,Decreasing,Regular,,,,False
2210,2024-05-31,65,226,15.6,False,Unknown,Weather,Stable,Premium,,,,False
2624,2024-01-22,17,121,49.76,False,Holiday,Weather,Stable,Premium,,,,False
7354,2024-10-16,2,433,18.67,True,Unknown,Competitor Pricing,Stable,Premium,,,,False
2807,2024-07-18,84,387,36.05,True,Holiday,Economic Indicator,Decreasing,Budget,,,,False
1369,2024-03-27,2,333,92.55,False,Holiday,Weather,Stable,Premium,,,,False
6937,2024-09-06,47,88,46.28,True,Unknown,Competitor Pricing,Decreasing,Budget,,,,False
7386,2024-04-01,7,387,24.56,False,Unknown,Unknown,Decreasing,Premium,,,,False
5953,2024-10-28,86,446,73.9,True,Festival,Weather,Decreasing,Premium,,,,False
4363,2024-03-31,73,295,53.35,True,Unknown,Weather,Stable,Premium,,,,False
8798,2024-04-17,72,362,16.59,False,Unknown,Competitor Pricing,Decreasing,Regular,,,,False
7145,2024-08-17,94,129,35.21,False,Festival,Economic Indicator,Increasing,Premium,,,,False
3329,2024-01-02,56,172,75.95,True,Festival,Weather,Stable,Regular,,,,False
1846,2024-02-26,56,19,78.66,True,Holiday,Unknown,Stable,Budget,,,,False
4037,2024-07-03,25,347,41.52,True,Holiday,Unknown,Increasing,Premium,,,,False
3126,2024-02-08,30,120,38.37,True,Unknown,Competitor Pricing,Decreasing,Regular,,,,False
2868,2024-06-28,45,243,25.31,False,Holiday,Economic Indicator,Stable,Regular,23.87,36.91,1.16,True
3342,2024-02-29,43,476,24.35,False,Festival,Weather,Stable,Premium,90.55,28.11,2.09,True
9825,2024-04-24,28,16,26.4,True,Unknown,Competitor Pricing,Decreasing,Budget,,,,False
5546,2024-05-18,49,300,17.27,False,Festival,Economic Indicator,Decreasing,Regular,,,,False
7736,2024-08-07,21,169,70.09,True,Festival,Economic Indicator,Decreasing,Budget,,,,False
7987,2024-10-17,20,312,83.14,True,Festival,Economic Indicator,Increasing,Premium,,,,False
5462,2024-09-03,84,113,66.98,False,Holiday,Weather,Increasing,Budget,,,,False
7643,2024-01-15,96,468,54.95,True,Festival,Unknown,Increasing,Regular,,,,False
9059,2024-02-21,23,200,99.88,True,Holiday,Economic Indicator,Stable,Regular,,,,False
6346,2024-01-15,63,339,69.15,True,Holiday,Competitor Pricing,Stable,Regular,,,,False
5755,2024-05-28,66,62,44.17,True,Festival,Competitor Pricing,Stable,Regular,,,,False
3295,2024-04-06,65,103,62.96,True,Unknown,Competitor Pricing,Stable,Budget,,,,False
3477,2024-03-28,1,78,84.79,True,Unknown,Competitor Pricing,Increasing,Regular,,,,False
6483,2024-09-29,88,157,40.27,True,Festival,Economic Indicator,Stable,Premium,,,,False
5518,2024-09-26,20,104,87.62,True,Unknown,Economic Indicator,Stable,Budget,,,,False
2340,2024-08-28,93,195,55.79,True,Holiday,Competitor Pricing,Decreasing,Regular,,,,False
8794,2024-05-22,53,222,37.66,False,Festival,Competitor Pricing,Increasing,Premium,,,,False
7274,2024-11-23,64,9,18.12,False,Holiday,Competitor Pricing,Increasing,Premium,,,,False
8834,2024-04-25,51,118,23.85,True,Holiday,Weather,Increasing,Regular,,,,False
8215,2024-12-14,96,148,66.48,False,Unknown,Competitor Pricing,Increasing,Regular,,,,False
1229,2024-03-18,22,458,56.69,False,Holiday,Economic Indicator,Decreasing,Premium,,,,False
7649,2024-09-19,44,23,8.27,True,Unknown,Economic Indicator,Stable,Budget,,,,False
3408,2024-01-07,39,468,85.13,True,Festival,Competitor Pricing,Decreasing,Regular,,,,False
4792,2024-08-08,87,437,61.69,True,Festival,Economic Indicator,Stable,Regular,,,,False
8346,2024-09-27,82,35,80.88,True,Holiday,Weather,Increasing,Regular,,,,False
8990,2024-05-28,97,492,26.49,False,Festival,Competitor Pricing,Increasing,Premium,,,,False
6857,2024-02-10,40,392,54.92,True,Holiday,Competitor Pricing,Increasing,Budget,,,,False
2960,2024-09-02,8,456,19.19,True,Festival,Economic Indicator,Decreasing,Budget,,,,False
2030,2024-12-09,2,483,44.21,False,Festival,Weather,Decreasing,Regular,,,,False
8106,2024-11-05,69,93,72.02,True,Unknown,Competitor Pricing,Increasing,Budget,,,,False
7379,2024-06-29,66,331,40.64,False,Festival,Competitor Pricing,Increasing,Budget,,,,False
2656,2024-12-18,6,289,54.74,True,Unknown,Competitor Pricing,Decreasing,Budget,,,,False
1661,2024-12-20,36,414,60.87,False,Unknown,Economic Indicator,Stable,Premium,,,,False
5624,2024-12-10,29,455,67.19,True,Holiday,Weather,Stable,Regular,,,,False
3517,2024-06-20,70,457,61.79,True,Holiday,Weather,Stable,Budget,,,,False
1739,2024-03-28,54,431,54.89,True,Holiday,Economic Indicator,Increasing,Budget,,,,False
3403,2024-05-13,3,133,44.16,True,Holiday,Weather,Decreasing,Regular,,,,False
8050,2024-07-18,8,413,70.51,True,Holiday,Economic Indicator,Decreasing,Premium,,,,False
7383,2024-08-27,9,91,65.88,True,Unknown,Competitor Pricing,Decreasing,Premium,,,,False
8787,2024-12-25,95,39,87.26,True,Festival,Unknown,Stable,Budget,,,,False
2844,2024-03-29,1,87,76.7,False,Festival,Weather,Increasing,Regular,,,,False
3803,2024-04-18,68,310,70.54,False,Festival,Unknown,Decreasing,Premium,,,,False
7174,2024-03-28,30,127,37.1,True,Unknown,Competitor Pricing,Increasing,Regular,,,,False
4645,2024-11-28,64,456,71.23,True,Festival,Weather,Stable,Regular,,,,False
4048,2024-04-23,82,60,69.76,True,Festival,Weather,Decreasing,Regular,,,,False
6843,2024-07-16,59,61,16.65,True,Holiday,Unknown,Increasing,Premium,,,,False
5088,2024-11-12,25,19,75.74,True,Holiday,Weather,Increasing,Regular,,,,False
7207,2024-07-21,97,497,65.12,True,Unknown,Weather,Decreasing,Premium,,,,False
4123,2024-09-18,78,492,99.87,True,Holiday,Weather,Decreasing,Premium,,,,False
5781,2024-06-03,28,61,58.92,True,Festival,Competitor Pricing,Increasing,Budget,,,,False
3067,2024-09-23,98,59,13.96,True,Holiday,Competitor Pricing,Decreasing,Budget,,,,False
9165,2024-07-27,86,454,18.74,False,Holiday,Competitor Pricing,Decreasing,Premium,,,,False
4795,2024-11-29,59,148,26.34,False,Unknown,Unknown,Increasing,Regular,,,,False
7684,2024-06-15,49,262,93.9,True,Unknown,Weather,Decreasing,Budget,,,,False
4671,2024-05-09,11,385,60.21,False,Unknown,Competitor Pricing,Stable,Premium,,,,False
9006,2024-05-14,66,490,32.97,False,Holiday,Competitor Pricing,Decreasing,Budget,,,,False
1243,2024-10-24,35,466,79.44,False,Unknown,Unknown,Decreasing,Regular,,,,False
5833,2024-11-07,99,451,41.6,True,Unknown,Weather,Decreasing,Budget,,,,False
3134,2024-03-30,39,336,32.33,True,Festival,Economic Indicator,Increasing,Budget,,,,False
4849,2024-08-09,50,262,16.57,False,Festival,Competitor Pricing,Stable,Regular,,,,False
7649,2024-06-16,84,292,87.99,True,Holiday,Unknown,Stable,Premium,,,,False
4996,2024-04-11,61,209,12.85,False,Festival,Competitor Pricing,Decreasing,Regular,,,,False
3702,2024-04-19,79,89,52.5,False,Unknown,Competitor Pricing,Decreasing,Regular,,,,False
2555,2024-10-06,71,280,10.12,True,Festival,Economic Indicator,Increasing,Premium,,,,False
2114,2024-02-19,29,59,23.7,False,Holiday,Economic Indicator,Stable,Premium,,,,False
1479,2024-02-29,17,18,81.18,False,Holiday,Weather,Decreasing,Regular,,,,False
6510,2024-09-03,90,277,59.97,False,Holiday,Competitor Pricing,Increasing,Premium,,,,False
6925,2024-12-04,8,225,29.34,False,Unknown,Unknown,Stable,Budget,,,,False
9445,2024-08-30,34,7,70.61,False,Festival,Unknown,Increasing,Premium,,,,False
3157,2024-05-17,58,259,18.06,False,Holiday,Competitor Pricing,Stable,Regular,,,,False
4872,2024-06-19,6,274,87.71,True,Holiday,Economic Indicator,Stable,Premium,,,,False
1623,2024-07-12,21,495,15.79,True,Unknown,Unknown,Decreasing,Regular,,,,False
5494,2024-01-26,15,71,99.67,False,Unknown,Competitor Pricing,Increasing,Regular,,,,False
5175,2024-09-21,42,303,56.88,False,Festival,Weather,Increasing,Regular,,,,False
1614,2024-09-20,43,387,91.92,False,Unknown,Economic Indicator,Stable,Budget,,,,False
8876,2024-07-17,33,409,90.5,False,Festival,Weather,Increasing,Premium,,,,False
3798,2024-04-27,89,24,9.69,True,Unknown,Competitor Pricing,Stable,Budget,,,,False
9018,2024-03-09,69,132,18.61,False,Holiday,Competitor Pricing,Stable,Premium,,,,False
8337,2024-07-29,51,154,6.57,True,Holiday,Weather,Increasing,Premium,,,,False
4926,2024-06-10,69,395,36.65,False,Festival,Unknown,Decreasing,Regular,,,,False
1736,2024-03-31,28,128,19.13,False,Festival,Unknown,Decreasing,Premium,,,,False
3743,2024-02-20,11,239,59.99,True,Unknown,Weather,Stable,Regular,,,,False
1017,2024-05-19,31,228,11.45,False,Festival,Weather,Decreasing,Budget,,,,False
8573,2024-10-12,70,321,96.02,True,Unknown,Competitor Pricing,Increasing,Regular,,,,False
8943,2024-02-22,23,232,46.34,True,Holiday,Economic Indicator,Increasing,Budget,,,,False
1324,2024-09-10,29,79,62.53,True,Unknown,Economic Indicator,Decreasing,Premium,,,,False
2758,2024-03-10,6,276,58.37,False,Holiday,Weather,Increasing,Premium,,,,False
3481,2024-06-27,38,308,36.39,False,Holiday,Competitor Pricing,Decreasing,Premium,,,,False
6057,2024-02-19,77,315,15.64,True,Unknown,Economic Indicator,Stable,Budget,,,,False
9866,2024-12-28,94,369,45.53,True,Holiday,Unknown,Decreasing,Budget,,,,False
6071,2024-03-26,77,358,44.94,True,Festival,Unknown,Increasing,Premium,,,,False
3319,2024-03-31,53,322,49.06,True,Festival,Unknown,Decreasing,Premium,,,,False
2040,2024-04-16,38,450,33.6,False,Holiday,Competitor Pricing,Stable,Regular,,,,False
3189,2024-03-16,47,411,29.23,False,Holiday,Unknown,Increasing,Budget,,,,False
2604,2024-09-02,39,185,76.02,False,Holiday,Weather,Increasing,Regular,,,,False
7484,2024-09-06,40,53,59.47,False,Unknown,Weather,Stable,Budget,,,,False
2332,2024-02-23,58,372,38.09,True,Holiday,Economic Indicator,Stable,Budget,,,,False
6459,2024-03-23,43,245,62.66,True,Unknown,Competitor Pricing,Increasing,Premium,,,,False
9870,2024-06-04,14,273,41.85,True,Holiday,Competitor Pricing,Increasing,Budget,,,,False
3049,2024-06-05,34,32,93.85,True,Unknown,Competitor Pricing,Stable,Regular,,,,False
6129,2024-03-13,99,473,95.34,True,Holiday,Weather,Increasing,Budget,,,,False
3533,2024-11-25,6,146,68.6,True,Festival,Unknown,Stable,Regular,,,,False
2902,2024-01-13,55,156,27.09,True,Holiday,Competitor Pricing,Stable,Regular,,,,False
2001,2024-12-20,53,272,44.44,False,Holiday,Competitor Pricing,Stable,Budget,,,,False
1008,2024-10-15,17,296,64.28,True,Unknown,Economic Indicator,Increasing,Budget,,,,False
4683,2024-06-27,90,197,36.57,True,Holiday,Economic Indicator,Decreasing,Premium,,,,False
4914,2024-03-07,5,355,65.23,False,Festival,Unknown,Increasing,Regular,,,,False
7285,2024-04-21,83,91,65.59,False,Unknown,Weather,Decreasing,Premium,,,,False
4098,2024-08-31,36,149,8.33,True,Unknown,Competitor Pricing,Increasing,Budget,,,,False
2560,2024-11-11,19,296,72.71,False,Unknown,Economic Indicator,Decreasing,Premium,,,,False
3421,2024-04-16,61,89,48.78,True,Unknown,Economic Indicator,Stable,Budget,,,,False
4425,2024-09-20,64,149,63.12,False,Holiday,Unknown,Stable,Budget,,,,False
9439,2024-03-17,46,131,24.51,True,Festival,Economic Indicator,Stable,Budget,,,,False
4767,2024-04-07,66,420,19.33,True,Holiday,Economic Indicator,Increasing,Regular,,,,False
5815,2024-10-07,49,193,80.53,False,Unknown,Competitor Pricing,Stable,Regular,,,,False
6233,2024-09-04,85,154,24.07,False,Festival,Economic Indicator,Decreasing,Premium,,,,False
1887,2024-11-11,32,353,38.04,False,Unknown,Unknown,Stable,Premium,,,,False
2088,2024-01-20,61,79,54.43,True,Holiday,Weather,Stable,Premium,,,,False
4682,2024-10-07,90,459,70.23,False,Festival,Unknown,Decreasing,Budget,,,,False
1372,2024-11-07,74,252,87.63,True,Unknown,Unknown,Stable,Regular,,,,False
7928,2024-03-03,76,4,18.47,True,Unknown,Economic Indicator,Decreasing,Premium,,,,False
5712,2024-09-14,31,194,47.41,False,Holiday,Economic Indicator,Decreasing,Budget,,,,False
9981,2024-12-16,77,1,5.52,True,Festival,Competitor Pricing,Decreasing,Budget,,,,False
2504,2024-06-15,50,413,9.03,True,Unknown,Competitor Pricing,Increasing,Regular,,,,False
2387,2024-03-12,58,471,76.52,True,Holiday,Economic Indicator,Stable,Regular,,,,False
4837,2024-06-23,36,176,71.71,True,Holiday,Unknown,Stable,Premium,,,,False
2666,2024-04-27,50,81,12.16,True,Festival,Economic Indicator,Stable,Budget,,,,False
6471,2024-05-17,30,185,5.53,False,Unknown,Unknown,Decreasing,Regular,,,,False
2614,2024-02-14,25,488,61.26,True,Holiday,Weather,Stable,Budget,,,,False
5997,2024-05-29,42,460,42.98,False,Unknown,Weather,Stable,Premium,,,,False
7263,2024-10-30,41,278,56.26,True,Unknown,Economic Indicator,Stable,Premium,,,,False
4540,2024-08-15,87,379,67.82,True,Holiday,Competitor Pricing,Stable,Budget,,,,False
4641,2024-06-11,29,377,6.69,True,Unknown,Unknown,Increasing,Regular,,,,False
3190,2024-06-29,6,45,53.76,False,Holiday,Competitor Pricing,Increasing,Regular,,,,False
3110,2024-12-18,22,84,24.81,True,Holiday,Unknown,Stable,Budget,,,,False
2456,2024-08-15,64,27,90.77,False,Festival,Competitor Pricing,Decreasing,Budget,,,,False
6572,2024-07-10,81,336,17.75,True,Festival,Competitor Pricing,Increasing,Regular,,,,False
5109,2024-03-03,93,305,15.91,False,Unknown,Weather,Increasing,Regular,,,,False
8391,2024-06-22,50,477,65.59,True,Holiday,Economic Indicator,Increasing,Premium,,,,False
6331,2024-06-29,93,403,12.53,True,Unknown,Unknown,Decreasing,Premium,,,,False
9037,2024-02-04,62,98,44.68,True,Festival,Weather,Decreasing,Premium,,,,False
2932,2024-04-23,10,64,33.01,True,Holiday,Unknown,Stable,Budget,,,,False
2342,2024-12-08,45,377,51.98,False,Holiday,Competitor Pricing,Stable,Premium,,,,False
5595,2024-09-10,68,185,88.28,True,Unknown,Economic Indicator,Increasing,Budget,,,,False
8138,2024-09-28,24,212,26.12,True,Festival,Weather,Stable,Budget,,,,False
2518,2024-07-09,54,320,74.92,False,Holiday,Economic Indicator,Stable,Regular,,,,False
8084,2024-05-18,43,87,15.53,False,Unknown,Unknown,Increasing,Regular,,,,False
9048,2024-10-04,12,305,40.25,False,Unknown,Economic Indicator,Decreasing,Budget,,,,False
5785,2024-11-02,86,21,34.57,False,Holiday,Unknown,Increasing,Budget,,,,False
4266,2024-05-14,51,39,66.03,True,Unknown,Unknown,Decreasing,Premium,,,,False
5946,2024-05-25,5,18,71.02,True,Unknown,Economic Indicator,Stable,Budget,,,,False
3089,2024-04-21,32,167,82.29,False,Holiday,Economic Indicator,Stable,Premium,,,,False
3008,2024-04-15,51,285,68.55,False,Unknown,Weather,Stable,Premium,,,,False
7113,2024-02-04,22,154,22.75,True,Festival,Economic Indicator,Decreasing,Regular,,,,False
8185,2024-02-03,82,331,50.85,False,Holiday,Economic Indicator,Decreasing,Premium,,,,False
3649,2024-02-02,41,175,41.73,True,Festival,Competitor Pricing,Increasing,Budget,,,,False
4631,2024-03-15,69,417,20.77,True,Festival,Weather,Increasing,Regular,,,,False
1233,2024-10-26,58,493,57.97,False,Unknown,Economic Indicator,Increasing,Premium,,,,False
4497,2024-06-04,28,358,82.26,True,Festival,Unknown,Increasing,Premium,,,,False
7694,2024-04-20,13,435,20.87,False,Festival,Competitor Pricing,Increasing,Premium,,,,False
8025,2024-11-28,40,203,34.62,True,Holiday,Weather,Decreasing,Premium,,,,False
1215,2024-05-20,43,406,25.39,False,Unknown,Unknown,Decreasing,Premium,,,,False
4853,2024-10-15,35,386,32.51,True,Holiday,Weather,Increasing,Budget,,,,False
1819,2024-10-20,8,439,79.69,False,Unknown,Competitor Pricing,Decreasing,Budget,,,,False
6844,2024-10-31,90,237,96.4,True,Holiday,Weather,Increasing,Premium,,,,False
3539,2024-02-28,29,456,5.98,True,Unknown,Weather,Stable,Regular,,,,False
2374,2024-05-26,48,361,73.08,True,Festival,Unknown,Increasing,Regular,,,,False
8554,2024-09-04,72,485,35.77,False,Unknown,Economic Indicator,Increasing,Budget,,,,False
8853,2024-05-07,14,230,11.84,True,Festival,Competitor Pricing,Increasing,Premium,,,,False
6543,2024-06-06,87,199,24.89,False,Festival,Unknown,Stable,Budget,,,,False
1477,2024-05-16,86,255,25.51,True,Festival,Economic Indicator,Decreasing,Regular,,,,False
2082,2024-09-19,78,329,47.63,True,Festival,Unknown,Increasing,Budget,,,,False
1035,2024-11-10,60,346,44.25,True,Holiday,Competitor Pricing,Stable,Budget,,,,False
3297,2024-05-13,65,89,64.93,False,Festival,Competitor Pricing,Increasing,Premium,,,,False
4031,2024-02-17,23,278,51.75,False,Unknown,Economic Indicator,Increasing,Regular,,,,False
8185,2024-10-24,3,340,28.99,False,Festival,Economic Indicator,Stable,Regular,,,,False
9907,2024-03-14,75,319,55.94,True,Festival,Weather,Stable,Premium,,,,False
4294,2024-01-07,4,380,79.4,False,Holiday,Competitor Pricing,Stable,Regular,,,,False
2546,2024-01-15,21,68,97.63,False,Holiday,Competitor Pricing,Stable,Budget,,,,False
8458,2024-06-16,90,156,67.72,True,Festival,Weather,Decreasing,Premium,,,,False
5123,2024-07-31,26,49,49.45,False,Holiday,Weather,Stable,Budget,,,,False
2492,2024-05-06,15,105,66.05,True,Holiday,Competitor Pricing,Stable,Premium,,,,False
8246,2024-07-12,5,91,34.49,True,Unknown,Weather,Stable,Budget,,,,False
9038,2024-12-15,24,17,35.41,False,Holiday,Unknown,Stable,Regular,,,,False
2212,2024-11-17,15,363,16.27,True,Holiday,Competitor Pricing,Stable,Premium,,,,False
6959,2024-08-04,41,403,39.4,False,Festival,Economic Indicator,Stable,Budget,,,,False
2820,2024-07-19,68,102,91.55,False,Unknown,Weather,Increasing,Budget,,,,False
3990,2024-03-29,21,88,48.14,True,Holiday,Economic Indicator,Increasing,Budget,,,,False
2823,2024-08-29,29,365,88.87,True,Holiday,Weather,Stable,Premium,,,,False
5674,2024-05-20,56,22,62.23,False,Festival,Competitor Pricing,Increasing,Premium,,,,False
7672,2024-06-25,21,193,71.92,True,Festival,Unknown,Increasing,Regular,,,,False
9014,2024-03-14,27,47,35.17,True,Unknown,Economic Indicator,Increasing,Premium,,,,False
4186,2024-12-09,88,315,93.82,False,Festival,Weather,Increasing,Regular,,,,False
7400,2024-04-04,90,271,38.53,True,Unknown,Unknown,Increasing,Regular,,,,False
6713,2024-12-17,83,446,35.57,True,Unknown,Economic Indicator,Decreasing,Regular,,,,False
2616,2024-10-16,14,321,23.1,False,Holiday,Weather,Stable,Budget,,,,False
9255,2024-07-20,25,196,31.32,True,Holiday,Weather,Increasing,Regular,,,,False
5329,2024-08-04,12,32,56.81,False,Unknown,Economic Indicator,Increasing,Premium,,,,False
8849,2024-02-05,63,424,21.41,True,Unknown,Economic Indicator,Stable,Premium,,,,False
6730,2024-10-26,98,44,30.52,False,Festival,Unknown,Stable,Budget,,,,False
9367,2024-08-31,34,275,71.79,False,Holiday,Weather,Stable,Premium,,,,False
3782,2024-04-22,12,248,24.84,True,Festival,Economic Indicator,Stable,Budget,,,,False
3853,2024-07-31,6,122,72.51,False,Holiday,Competitor Pricing,Decreasing,Budget,,,,False
6636,2024-10-15,3,132,93.97,True,Holiday,Unknown,Decreasing,Regular,,,,False
5547,2024-10-12,32,433,38.89,False,Festival,Unknown,Increasing,Budget,,,,False
7935,2024-02-19,64,232,21.21,False,Holiday,Unknown,Decreasing,Regular,,,,False
2911,2024-06-04,34,182,56.72,True,Festival,Unknown,Increasing,Budget,,,,False
8173,2024-11-12,12,35,90.4,False,Festival,Unknown,Stable,Regular,,,,False
2484,2024-02-18,56,459,44.96,False,Unknown,Unknown,Decreasing,Premium,,,,False
8117,2024-12-01,92,393,40.82,False,Unknown,Competitor Pricing,Decreasing,Regular,,,,False
1864,2024-10-12,31,16,90.85,False,Unknown,Weather,Decreasing,Regular,,,,False
8872,2024-06-27,48,98,28.38,False,Holiday,Competitor Pricing,Stable,Premium,,,,False
5250,2024-12-18,69,83,96.5,True,Unknown,Unknown,Increasing,Premium,,,,False
4097,2024-05-12,9,54,94.68,False,Unknown,Economic Indicator,Decreasing,Premium,,,,False
2120,2024-10-04,78,18,31.45,False,Unknown,Unknown,Increasing,Premium,,,,False
4744,2024-04-27,61,95,70.53,True,Unknown,Unknown,Increasing,Budget,,,,False
5355,2024-03-07,6,324,6.44,True,Holiday,Weather,Decreasing,Premium,,,,False
6737,2024-09-18,67,206,49.63,False,Holiday,Competitor Pricing,Increasing,Premium,,,,False
4913,2024-01-04,66,402,53.21,False,Festival,Economic Indicator,Decreasing,Regular,,,,False
1298,2024-07-29,50,7,87.7,False,Unknown,Weather,Increasing,Regular,,,,False
6420,2024-03-12,69,3,11.25,False,Unknown,Unknown,Stable,Premium,,,,False
1683,2024-04-18,22,129,32.49,True,Festival,Competitor Pricing,Stable,Premium,,,,False
2855,2024-10-25,4,113,10.62,False,Festival,Competitor Pricing,Increasing,Premium,,,,False
2473,2024-11-26,17,215,96.59,True,Festival,Competitor Pricing,Stable,Budget,,,,False
6024,2024-01-16,45,272,52.43,True,Festival,Weather,Stable,Budget,,,,False
5099,2024-05-12,43,85,68.35,False,Unknown,Economic Indicator,Stable,Budget,,,,False
2144,2024-10-08,5,140,5.33,False,Holiday,Economic Indicator,Stable,Budget,,,,False
2449,2024-06-23,28,482,76.34,True,Festival,Weather,Decreasing,Regular,,,,False
5154,2024-09-10,52,440,8.03,False,Festival,Economic Indicator,Stable,Budget,,,,False
1581,2024-07-30,88,161,70.93,False,Festival,Economic Indicator,Stable,Regular,,,,False
1503,2024-10-21,1,478,91.94,True,Unknown,Unknown,Decreasing,Regular,,,,False
2128,2024-10-25,67,123,76.41,False,Unknown,Weather,Stable,Budget,,,,False
4717,2024-10-11,59,446,26.44,False,Festival,Competitor Pricing,Increasing,Regular,,,,False
5991,2024-05-06,6,143,42.67,False,Festival,Economic Indicator,Increasing,Regular,,,,False
7527,2024-12-26,1,93,94.21,False,Unknown,Economic Indicator,Decreasing,Budget,,,,False
4414,2024-08-13,11,189,86.67,True,Unknown,Economic Indicator,Increasing,Budget,,,,False
9713,2024-05-02,40,77,98.33,False,Festival,Weather,Stable,Budget,,,,False
9632,2024-09-02,66,248,41.76,False,Holiday,Weather,Increasing,Premium,,,,False
5116,2024-01-10,43,270,17.99,False,Holiday,Competitor Pricing,Increasing,Regular,,,,False
4692,2024-05-29,1,445,8.83,False,Holiday,Unknown,Stable,Regular,,,,False
5727,2024-10-21,27,50,35.63,False,Festival,Unknown,Decreasing,Premium,,,,False
8944,2024-03-21,96,57,48.74,False,Holiday,Economic Indicator,Decreasing,Premium,,,,False
9788,2024-02-05,78,339,41.1,False,Holiday,Economic Indicator,Stable,Budget,,,,False
6411,2024-10-11,63,190,55.12,False,Holiday,Unknown,Decreasing,Regular,,,,False
9011,2024-09-26,91,287,56.34,False,Unknown,Weather,Decreasing,Regular,,,,False
2227,2024-09-07,26,135,62.09,False,Unknown,Weather,Increasing,Budget,,,,False
3133,2024-04-27,3,315,76.36,True,Holiday,Competitor Pricing,Stable,Regular,,,,False
4205,2024-05-04,7,451,24.64,True,Festival,Weather,Decreasing,Premium,,,,False
9789,2024-04-01,32,35,31.88,False,Festival,Unknown,Decreasing,Premium,,,,False
3914,2024-04-22,89,5,51.3,False,Festival,Economic Indicator,Stable,Premium,,,,False
6859,2024-12-24,3,95,94.84,True,Unknown,Unknown,Decreasing,Regular,,,,False
7053,2024-09-02,12,370,12.32,True,Unknown,Unknown,Increasing,Regular,,,,False
3324,2024-11-24,42,426,61.38,True,Holiday,Competitor Pricing,Increasing,Regular,,,,False
3217,2024-02-15,34,178,56.66,True,Festival,Economic Indicator,Stable,Budget,,,,False
7686,2024-03-29,25,10,49.01,True,Holiday,Competitor Pricing,Increasing,Budget,,,,False
2955,2024-02-12,85,150,80.99,False,Festival,Weather,Decreasing,Premium,,,,False
4747,2024-06-18,39,261,34.93,False,Holiday,Unknown,Stable,Premium,,,,False
9877,2024-01-08,54,454,65.55,True,Festival,Unknown,Decreasing,Regular,,,,False
5390,2024-07-08,71,252,16.57,True,Unknown,Competitor Pricing,Decreasing,Budget,,,,False
8603,2024-02-28,19,308,73.19,True,Holiday,Unknown,Stable,Regular,,,,False
3226,2024-03-18,10,96,6.62,True,Festival,Economic Indicator,Decreasing,Regular,,,,False
3515,2024-11-30,23,194,56.19,True,Holiday,Weather,Increasing,Budget,,,,False
9629,2024-05-12,58,374,41.2,False,Unknown,Unknown,Stable,Budget,,,,False
2633,2024-09-02,88,90,99.68,False,Festival,Unknown,Stable,Premium,,,,False
9574,2024-10-19,7,307,91.02,True,Unknown,Competitor Pricing,Decreasing,Premium,,,,False
2786,2024-11-08,5,421,80.5,False,Unknown,Weather,Increasing,Budget,,,,False
4612,2024-01-26,48,179,53.18,False,Unknown,Unknown,Stable,Premium,,,,False
2320,2024-09-20,21,437,97.64,True,Holiday,Weather,Stable,Budget,,,,False
7557,2024-10-14,58,274,83.18,True,Festival,Competitor Pricing,Decreasing,Premium,,,,False
3418,2024-06-09,16,296,12.33,False,Holiday,Weather,Decreasing,Premium,,,,False
5726,2024-11-27,29,400,83.05,True,Holiday,Economic Indicator,Increasing,Regular,,,,False
7636,2024-02-05,79,450,92.84,False,Festival,Competitor Pricing,Decreasing,Budget,,,,False
2015,2024-07-26,6,377,71.9,True,Festival,Unknown,Increasing,Premium,,,,False
3473,2024-06-12,3,476,5.8,False,Unknown,Competitor Pricing,Stable,Budget,,,,False
1918,2024-09-11,92,303,58.19,True,Festival,Competitor Pricing,Increasing,Premium,,,,False
5543,2024-07-10,17,59,94.74,True,Unknown,Weather,Stable,Regular,,,,False
4967,2024-04-04,63,104,66.16,True,Holiday,Weather,Decreasing,Premium,,,,False
4479,2024-01-23,92,85,71.39,True,Festival,Unknown,Stable,Premium,,,,False
7193,2024-04-14,12,23,79.55,True,Holiday,Competitor Pricing,Increasing,Regular,,,,False
8620,2024-08-14,10,243,88.66,False,Holiday,Unknown,Increasing,Premium,,,,False
4465,2024-08-08,56,224,44.29,True,Unknown,Weather,Increasing,Regular,,,,False
1307,2024-05-22,60,3,49.27,True,Holiday,Competitor Pricing,Decreasing,Regular,,,,False
7595,2024-08-10,59,122,76.06,True,Unknown,Competitor Pricing,Increasing,Budget,,,,False
7681,2024-10-22,47,67,84.39,False,Holiday,Competitor Pricing,Decreasing,Premium,,,,False
7874,2024-03-13,10,103,49.53,True,Unknown,Unknown,Decreasing,Regular,,,,False
8909,2024-11-29,78,367,9.35,False,Unknown,Competitor Pricing,Stable,Premium,,,,False
4803,2024-05-15,26,35,95.43,False,Unknown,Economic Indicator,Decreasing,Premium,,,,False
2618,2024-08-03,25,97,73.72,True,Unknown,Weather,Decreasing,Regular,,,,False
8758,2024-04-23,88,306,84.81,False,Unknown,Economic Indicator,Stable,Budget,,,,False
9965,2024-03-23,19,479,97.31,True,Festival,Economic Indicator,Increasing,Budget,,,,False
1274,2024-10-02,72,221,21.31,False,Holiday,Competitor Pricing,Increasing,Budget,,,,False
4904,2024-03-20,97,57,24.57,False,Unknown,Weather,Increasing,Budget,,,,False
4142,2024-03-09,9,491,39.28,False,Holiday,Unknown,Stable,Budget,,,,False
6017,2024-07-24,75,170,80.0,True,Festival,Economic Indicator,Increasing,Regular,,,,False
7190,2024-06-24,81,314,62.47,False,Unknown,Competitor Pricing,Increasing,Budget,,,,False
4789,2024-05-29,81,162,86.97,True,Unknown,Economic Indicator,Stable,Premium,,,,False
2037,2024-07-14,59,62,98.17,False,Unknown,Competitor Pricing,Decreasing,Budget,,,,False
8500,2024-03-04,33,168,49.77,True,Holiday,Unknown,Decreasing,Regular,,,,False
9391,2024-08-04,20,363,67.98,False,Unknown,Weather,Stable,Regular,,,,False
6801,2024-09-27,4,15,56.18,False,Unknown,Competitor Pricing,Decreasing,Regular,,,,False
8954,2024-12-27,40,324,56.11,True,Festival,Weather,Stable,Premium,,,,False
9435,2024-09-20,53,57,70.04,False,Holiday,Competitor Pricing,Decreasing,Premium,,,,False
6991,2024-02-27,17,414,37.85,True,Festival,Competitor Pricing,Decreasing,Budget,,,,False
1645,2024-05-10,74,159,8.04,True,Festival,Economic Indicator,Decreasing,Budget,,,,False
3753,2024-01-22,39,7,10.62,False,Holiday,Economic Indicator,Increasing,Regular,,,,False
4024,2024-10-28,11,340,75.57,True,Unknown,Weather,Stable,Regular,,,,False
4406,2024-03-28,61,498,15.41,True,Unknown,Economic Indicator,Decreasing,Budget,,,,False
1326,2024-12-04,46,34,9.48,True,Festival,Economic Indicator,Stable,Regular,,,,False
5751,2024-05-06,37,159,37.24,False,Unknown,Economic Indicator,Stable,Premium,,,,False
9352,2024-07-10,60,342,69.02,True,Festival,Weather,Increasing,Regular,,,,False
3542,2024-07-15,75,477,64.71,False,Holiday,Unknown,Decreasing,Premium,,,,False
9140,2024-04-23,72,265,33.85,False,Unknown,Unknown,Stable,Premium,,,,False
6087,2024-07-12,75,187,28.81,False,Holiday,Competitor Pricing,Stable,Budget,,,,False
8334,2024-03-25,24,397,96.2,False,Unknown,Economic Indicator,Decreasing,Budget,,,,False
5291,2024-11-05,12,421,58.14,True,Unknown,Weather,Increasing,Budget,,,,False
7845,2024-05-02,7,286,40.71,False,Holiday,Economic Indicator,Decreasing,Budget,,,,False
9909,2024-04-10,89,254,60.76,True,Holiday,Competitor Pricing,Stable,Budget,,,,False
3625,2024-07-01,33,26,15.93,True,Unknown,Economic Indicator,Stable,Budget,,,,False
5000,2024-09-01,18,336,32.77,True,Unknown,Unknown,Stable,Premium,,,,False
5647,2024-02-17,94,105,55.7,False,Festival,Economic Indicator,Decreasing,Budget,,,,False
6154,2024-06-24,34,136,58.13,False,Unknown,Economic Indicator,Increasing,Regular,,,,False
1014,2024-09-25,97,140,85.6,False,Holiday,Competitor Pricing,Increasing,Regular,,,,False
5024,2024-05-10,35,173,88.63,True,Holiday,Weather,Increasing,Regular,,,,False
9383,2024-05-19,25,253,82.43,True,Unknown,Weather,Increasing,Budget,,,,False
7930,2024-10-04,65,75,20.4,True,Unknown,Competitor Pricing,Increasing,Budget,,,,False
3331,2024-06-16,61,327,52.29,True,Unknown,Unknown,Increasing,Budget,,,,False
3557,2024-04-25,53,127,84.26,True,Festival,Weather,Decreasing,Budget,,,,False
7623,2024-06-25,51,90,96.43,True,Holiday,Unknown,Decreasing,Premium,,,,False
1847,2024-12-23,55,337,89.75,True,Festival,Economic Indicator,Increasing,Regular,,,,False
5163,2024-06-02,28,140,25.3,True,Festival,Economic Indicator,Decreasing,Budget,,,,False
7203,2024-06-03,79,126,67.01,False,Holiday,Competitor Pricing,Increasing,Premium,,,,False
1253,2024-10-19,5,108,38.09,True,Festival,Weather,Decreasing,Budget,,,,False
4676,2024-03-26,58,461,20.91,True,Holiday,Unknown,Increasing,Regular,,,,False
1717,2024-01-03,21,262,23.45,True,Unknown,Economic Indicator,Stable,Premium,,,,False
2042,2024-06-14,54,45,95.36,True,Unknown,Competitor Pricing,Decreasing,Budget,,,,False
9310,2024-10-24,46,116,63.48,True,Festival,Competitor Pricing,Decreasing,Premium,66.59,51.43,1.61,True
5833,2024-06-09,42,465,75.6,False,Holiday,Economic Indicator,Stable,Budget,,,,False
4554,2024-11-27,88,284,70.27,False,Unknown,Weather,Stable,Budget,,,,False
4343,2024-02-20,21,232,17.56,False,Holiday,Competitor Pricing,Decreasing,Budget,,,,False
8570,2024-05-05,30,190,24.74,False,Unknown,Competitor Pricing,Increasing,Budget,,,,False
6335,2024-07-01,75,235,79.16,True,Festival,Unknown,Stable,Regular,,,,False
9312,2024-10-18,44,480,9.0,False,Unknown,Competitor Pricing,Decreasing,Premium,,,,False
9323,2024-04-17,4,115,52.02,True,Unknown,Economic Indicator,Increasing,Budget,,,,False
3238,2024-07-20,82,120,68.47,False,Holiday,Competitor Pricing,Decreasing,Budget,,,,False
6547,2024-10-13,28,143,90.33,True,Unknown,Weather,Increasing,Premium,,,,False
6465,2024-08-19,68,329,50.41,False,Festival,Weather,Decreasing,Budget,,,,False
6888,2024-10-11,40,427,85.85,True,Festival,Unknown,Decreasing,Premium,,,,False
8966,2024-01-11,11,146,13.17,False,Holiday,Economic Indicator,Decreasing,Regular,,,,False
6893,2024-02-09,43,387,19.18,False,Unknown,Economic Indicator,Increasing,Budget,,,,False
1291,2024-08-13,66,452,52.06,True,Unknown,Unknown,Increasing,Premium,,,,False
6450,2024-10-09,45,88,24.15,True,Festival,Unknown,Stable,Premium,,,,False
6125,2024-06-17,4,383,52.99,False,Holiday,Competitor Pricing,Decreasing,Regular,,,,False
6280,2024-09-12,34,396,17.7,True,Holiday,Weather,Increasing,Premium,90.61,82.89,1.28,True
2083,2024-03-22,50,255,21.93,True,Unknown,Economic Indicator,Increasing,Regular,,,,False
6455,2024-07-19,92,251,9.57,False,Holiday,Competitor Pricing,Increasing,Regular,,,,False
7463,2024-08-19,85,168,87.38,True,Holiday,Competitor Pricing,Decreasing,Budget,,,,False
3187,2024-04-28,20,147,52.54,False,Festival,Weather,Stable,Premium,,,,False
7270,2024-05-12,89,486,16.56,False,Unknown,Competitor Pricing,Increasing,Premium,,,,False
9913,2024-06-22,41,140,17.26,False,Unknown,Unknown,Stable,Regular,,,,False
5371,2024-12-27,78,334,7.43,True,Festival,Economic Indicator,Decreasing,Premium,,,,False
5897,2024-02-13,34,279,30.51,True,Holiday,Competitor Pricing,Stable,Budget,,,,False
9282,2024-08-16,51,386,19.37,True,Festival,Unknown,Stable,Regular,,,,False
5553,2024-01-03,36,132,90.44,True,Unknown,Weather,Decreasing,Regular,,,,False
2181,2024-08-30,62,309,46.75,True,Festival,Unknown,Decreasing,Premium,,,,False
8804,2024-07-03,88,397,38.21,False,Holiday,Weather,Decreasing,Budget,,,,False
8730,2024-11-08,1,418,20.71,True,Festival,Unknown,Increasing,Budget,,,,False
7080,2024-01-18,1,279,44.33,False,Unknown,Economic Indicator,Stable,Budget,,,,False
7118,2024-11-19,47,73,43.73,False,Unknown,Weather,Increasing,Budget,,,,False
5335,2024-05-25,89,331,82.23,False,Unknown,Economic Indicator,Decreasing,Premium,,,,False
5674,2024-06-13,67,108,71.76,True,Unknown,Weather,Stable,Budget,,,,False
4841,2024-04-01,21,440,63.86,True,Unknown,Economic Indicator,Decreasing,Premium,,,,False
7249,2024-04-06,46,201,35.56,True,Unknown,Unknown,Decreasing,Premium,,,,False
6138,2024-04-24,24,370,98.24,False,Holiday,Economic Indicator,Stable,Regular,,,,False
4650,2024-01-10,44,306,80.63,False,Holiday,Competitor Pricing,Increasing,Premium,,,,False
2918,2024-08-09,35,208,48.83,True,Unknown,Unknown,Increasing,Regular,,,,False
5645,2024-04-07,48,397,24.04,True,Festival,Unknown,Stable,Premium,,,,False
7955,2024-08-09,78,229,87.66,False,Unknown,Weather,Stable,Regular,,,,False
9126,2024-06-13,74,184,23.41,True,Festival,Competitor Pricing,Increasing,Budget,,,,False
9460,2024-04-11,89,481,40.9,True,Unknown,Unknown,Stable,Regular,,,,False
5427,2024-03-13,42,333,90.56,True,Unknown,Unknown,Stable,Budget,,,,False
1926,2024-06-10,17,333,72.5,True,Holiday,Unknown,Decreasing,Regular,,,,False
7039,2024-10-19,13,137,62.17,True,Festival,Weather,Increasing,Regular,,,,False
4856,2024-03-23,78,163,66.53,False,Festival,Weather,Decreasing,Budget,,,,False
5385,2024-01-19,47,489,78.29,True,Holiday,Unknown,Stable,Regular,,,,False
7080,2024-06-06,33,444,90.66,False,Unknown,Unknown,Increasing,Premium,,,,False
4055,2024-10-10,40,328,43.95,True,Holiday,Weather,Stable,Premium,,,,False
5342,2024-05-27,39,328,94.44,False,Holiday,Economic Indicator,Decreasing,Premium,,,,False
9655,2024-03-20,90,427,32.74,True,Unknown,Unknown,Stable,Premium,,,,False
5869,2024-06-18,41,461,11.82,False,Holiday,Weather,Decreasing,Premium,,,,False
6917,2024-12-09,53,98,57.97,False,Holiday,Unknown,Decreasing,Premium,,,,False
3577,2024-04-14,69,153,15.02,True,Unknown,Competitor Pricing,Decreasing,Budget,,,,False
1105,2024-01-30,57,248,50.39,True,Unknown,Competitor Pricing,Decreasing,Premium,,,,False
9544,2024-02-17,64,443,32.64,False,Unknown,Weather,Decreasing,Budget,,,,False
6378,2024-12-25,95,116,46.57,False,Holiday,Unknown,Decreasing,Premium,,,,False
5884,2024-01-24,48,341,86.07,False,Holiday,Economic Indicator,Increasing,Premium,,,,False
2186,2024-08-12,4,175,62.45,False,Festival,Economic Indicator,Decreasing,Budget,,,,False
2971,2024-03-04,16,371,97.76,False,Unknown,Unknown,Stable,Premium,,,,False
2561,2024-01-22,55,321,97.42,True,Festival,Competitor Pricing,Stable,Premium,,,,False
2131,2024-11-22,8,420,76.48,False,Holiday,Economic Indicator,Increasing,Budget,,,,False
1249,2024-02-23,81,139,62.47,True,Unknown,Unknown,Decreasing,Regular,,,,False
5823,2024-10-09,80,64,43.8,True,Unknown,Competitor Pricing,Stable,Regular,,,,False
8698,2024-10-25,46,297,38.61,False,Holiday,Competitor Pricing,Stable,Premium,,,,False
9291,2024-06-20,86,377,29.3,True,Holiday,Unknown,Stable,Regular,,,,False
1666,2024-11-26,38,387,9.45,True,Unknown,Competitor Pricing,Increasing,Budget,,,,False
7058,2024-09-08,65,462,50.43,True,Unknown,Unknown,Increasing,Premium,,,,False
9322,2024-06-21,58,206,22.6,False,Festival,Competitor Pricing,Decreasing,Regular,,,,False
5687,2024-12-07,16,244,54.4,False,Festival,Economic Indicator,Increasing,Regular,,,,False
2586,2024-04-10,93,375,34.98,True,Holiday,Unknown,Decreasing,Budget,,,,False
5731,2024-07-06,76,97,85.32,True,Festival,Weather,Decreasing,Regular,,,,False
9976,2024-07-12,78,317,55.73,True,Unknown,Weather,Stable,Premium,,,,False
9335,2024-01-10,66,243,68.64,True,Unknown,Competitor Pricing,Decreasing,Regular,,,,False
7073,2024-04-14,33,169,71.79,True,Holiday,Weather,Increasing,Regular,,,,False
6060,2024-07-12,89,326,26.05,False,Festival,Unknown,Decreasing,Budget,,,,False
1486,2024-06-13,70,433,68.4,False,Festival,Economic Indicator,Increasing,Budget,,,,False
9726,2024-06-04,16,426,96.3,True,Festival,Weather,Increasing,Budget,,,,False
9668,2024-06-14,87,40,71.74,False,Unknown,Weather,Stable,Regular,,,,False
9934,2024-03-22,68,2,27.25,False,Festival,Competitor Pricing,Decreasing,Budget,,,,False
6184,2024-09-22,59,488,26.19,True,Festival,Unknown,Increasing,Budget,,,,False
7924,2024-05-09,16,153,18.16,True,Unknown,Economic Indicator,Increasing,Budget,,,,False
6901,2024-09-25,69,171,81.67,True,Holiday,Economic Indicator,Increasing,Regular,,,,False
7668,2024-04-11,29,78,83.78,False,Unknown,Weather,Stable,Regular,,,,False
9366,2024-10-17,82,37,82.3,False,Holiday,Weather,Increasing,Regular,,,,False
5990,2024-03-15,6,350,75.6,False,Holiday,Competitor Pricing,Increasing,Regular,,,,False
8156,2024-07-17,50,363,41.87,True,Holiday,Weather,Increasing,Regular,,,,False
7286,2024-01-16,89,23,71.43,False,Festival,Competitor Pricing,Stable,Regular,,,,False
9313,2024-04-08,50,52,38.27,False,Festival,Economic Indicator,Increasing,Regular,,,,False
8839,2024-07-07,34,98,21.18,False,Unknown,Weather,Stable,Premium,,,,False
6602,2024-09-29,22,283,56.98,False,Unknown,Unknown,Decreasing,Regular,,,,False
9036,2024-09-21,69,105,12.95,False,Holiday,Economic Indicator,Stable,Budget,,,,False
1389,2024-05-23,91,73,95.51,True,Festival,Unknown,Stable,Budget,,,,False
3131,2024-04-11,91,137,96.91,True,Festival,Competitor Pricing,Increasing,Budget,,,,False
9525,2024-11-03,59,84,83.66,False,Festival,Economic Indicator,Stable,Regular,,,,False
6033,2024-01-17,29,197,48.8,True,Unknown,Weather,Increasing,Regular,,,,False
9208,2024-01-04,45,458,19.89,True,Holiday,Economic Indicator,Increasing,Regular,,,,False
4540,2024-10-08,10,157,32.12,True,Holiday,Unknown,Decreasing,Budget,,,,False
4975,2024-10-04,9,257,58.98,False,Unknown,Weather,Increasing,Regular,,,,False
8213,2024-04-08,77,218,19.83,True,Festival,Weather,Increasing,Budget,,,,False
6683,2024-05-03,67,169,99.6,False,Holiday,Economic Indicator,Decreasing,Budget,,,,False
5199,2024-08-04,33,181,38.39,True,Holiday,Unknown,Increasing,Budget,,,,False
4413,2024-02-22,14,481,67.97,True,Holiday,Economic Indicator,Stable,Budget,,,,False
7140,2024-04-09,81,481,71.09,True,Holiday,Weather,Increasing,Premium,,,,False
1051,2024-10-27,26,158,86.76,False,Holiday,Weather,Increasing,Budget,,,,False
9741,2024-03-25,3,490,83.46,True,Holiday,Competitor Pricing,Decreasing,Regular,,,,False
1191,2024-06-27,34,351,23.63,False,Festival,Unknown,Decreasing,Premium,,,,False
6763,2024-08-10,89,88,58.59,True,Festival,Competitor Pricing,Increasing,Premium,,,,False
1950,2024-07-10,53,215,95.67,True,Holiday,Weather,Stable,Budget,,,,False
4418,2024-09-25,48,225,86.3,False,Unknown,Weather,Decreasing,Regular,,,,False
1973,2024-12-01,39,184,6.39,True,Unknown,Unknown,Decreasing,Regular,,,,False
3261,2024-05-01,60,132,52.85,False,Festival,Unknown,Decreasing,Premium,,,,False
1238,2024-05-31,71,341,27.53,True,Festival,Competitor Pricing,Increasing,Premium,,,,False
6661,2024-03-18,39,429,85.28,False,Festival,Unknown,Decreasing,Budget,,,,False
4111,2024-04-04,9,465,70.46,True,Festival,Economic Indicator,Stable,Regular,,,,False
6081,2024-11-15,82,362,50.72,False,Festival,Weather,Stable,Regular,,,,False
6001,2024-02-12,56,419,76.32,False,Festival,Competitor Pricing,Increasing,Budget,,,,False
2455,2024-03-23,81,233,99.37,False,Festival,Competitor Pricing,Decreasing,Premium,,,,False
3580,2024-01-12,82,112,68.91,True,Festival,Economic Indicator,Increasing,Budget,,,,False
8704,2024-12-08,18,152,33.17,False,Unknown,Weather,Increasing,Budget,,,,False
5579,2024-05-12,20,89,33.29,True,Festival,Unknown,Stable,Regular,,,,False
1009,2024-05-11,61,186,7.27,False,Holiday,Weather,Decreasing,Regular,,,,False
6537,2024-02-02,54,321,90.05,False,Unknown,Weather,Increasing,Premium,,,,False
1150,2024-03-28,42,9,96.64,True,Festival,Unknown,Stable,Premium,,,,False
2692,2024-11-08,57,315,79.56,True,Unknown,Weather,Decreasing,Premium,,,,False
7022,2024-02-19,66,454,49.91,True,Festival,Weather,Decreasing,Budget,,,,False
4483,2024-05-27,73,57,79.16,True,Holiday,Economic Indicator,Decreasing,Premium,,,,False
8780,2024-05-23,20,263,22.35,True,Holiday,Unknown,Increasing,Regular,,,,False
2317,2024-02-05,93,72,67.86,True,Unknown,Weather,Increasing,Budget,,,,False
4627,2024-09-22,58,262,64.94,False,Unknown,Weather,Decreasing,Budget,,,,False
7949,2024-02-28,55,78,13.39,False,Holiday,Unknown,Increasing,Budget,,,,False
9738,2024-07-24,97,183,19.86,False,Unknown,Unknown,Decreasing,Premium,,,,False
7433,2024-06-07,20,361,94.37,True,Unknown,Economic Indicator,Decreasing,Regular,,,,False
4168,2024-02-02,71,490,91.77,True,Festival,Competitor Pricing,Decreasing,Premium,,,,False
1694,2024-07-26,6,210,82.36,True,Holiday,Competitor Pricing,Decreasing,Budget,,,,False
3442,2024-10-08,90,44,66.17,True,Festival,Economic Indicator,Decreasing,Budget,,,,False
5253,2024-08-26,85,6,27.73,False,Holiday,Economic Indicator,Increasing,Budget,,,,False
4242,2024-08-13,31,342,35.64,False,Holiday,Economic Indicator,Decreasing,Budget,,,,False
6764,2024-05-31,28,469,39.05,False,Holiday,Economic Indicator,Stable,Budget,,,,False
2124,2024-04-17,7,117,50.2,False,Holiday,Unknown,Decreasing,Regular,,,,False
7343,2024-11-22,90,345,97.44,False,Holiday,Competitor Pricing,Stable,Premium,,,,False
7458,2024-04-07,82,349,94.62,True,Holiday,Competitor Pricing,Stable,Budget,,,,False
2345,2024-08-09,21,79,12.96,False,Holiday,Economic Indicator,Stable,Regular,,,,False
4104,2024-04-09,57,103,37.74,True,Unknown,Economic Indicator,Decreasing,Budget,,,,False
9368,2024-05-01,99,417,44.63,True,Holiday,Unknown,Stable,Premium,,,,False
3654,2024-06-23,71,7,61.43,False,Holiday,Weather,Decreasing,Premium,,,,False
4110,2024-05-24,94,440,51.26,False,Unknown,Economic Indicator,Stable,Budget,,,,False
7067,2024-03-25,54,304,25.96,True,Unknown,Unknown,Decreasing,Regular,,,,False
3521,2024-05-01,57,20,68.48,False,Festival,Economic Indicator,Stable,Premium,,,,False
8090,2024-06-20,82,240,62.5,False,Unknown,Economic Indicator,Decreasing,Premium,,,,False
8117,2024-01-22,2,101,72.53,False,Unknown,Economic Indicator,Stable,Budget,,,,False
1053,2024-05-31,58,301,62.35,True,Unknown,Weather,Increasing,Budget,,,,False
2325,2024-12-13,78,211,45.7,False,Holiday,Unknown,Increasing,Budget,,,,False
5226,2024-09-11,64,165,8.01,True,Holiday,Competitor Pricing,Stable,Budget,,,,False
6550,2024-01-22,29,143,36.84,False,Festival,Economic Indicator,Stable,Budget,,,,False
9215,2024-11-17,31,135,64.2,False,Unknown,Unknown,Decreasing,Budget,,,,False
3193,2024-12-22,19,348,22.34,False,Holiday,Unknown,Decreasing,Budget,,,,False
4270,2024-06-02,21,303,44.14,True,Unknown,Weather,Increasing,Regular,,,,False
6389,2024-01-13,33,19,83.04,True,Holiday,Economic Indicator,Stable,Premium,,,,False
9224,2024-09-08,26,138,10.91,False,Holiday,Competitor Pricing,Stable,Regular,,,,False
4137,2024-02-11,52,267,37.32,False,Unknown,Economic Indicator,Increasing,Premium,,,,False
3265,2024-02-03,94,255,27.35,False,Unknown,Unknown,Stable,Regular,,,,False
4188,2024-07-01,47,117,53.11,True,Holiday,Economic Indicator,Decreasing,Budget,,,,False
9710,2024-06-28,90,14,86.79,True,Festival,Competitor Pricing,Increasing,Budget,,,,False
6638,2024-05-26,48,465,43.64,True,Unknown,Weather,Stable,Regular,,,,False
3396,2024-01-16,18,157,33.86,False,Festival,Weather,Increasing,Regular,,,,False
2547,2024-07-01,90,264,32.5,True,Festival,Unknown,Stable,Premium,,,,False
7179,2024-12-19,19,10,62.95,False,Festival,Economic Indicator,Stable,Regular,,,,False
4288,2024-05-03,34,408,8.06,False,Unknown,Unknown,Stable,Budget,,,,False
8616,2024-07-10,43,418,10.03,True,Holiday,Economic Indicator,Increasing,Premium,,,,False
2572,2024-02-04,7,248,94.11,False,Holiday,Competitor Pricing,Decreasing,Premium,,,,False
4249,2024-04-27,11,407,70.12,False,Unknown,Economic Indicator,Increasing,Regular,,,,False
7664,2024-12-09,43,38,60.1,False,Festival,Weather,Increasing,Regular,,,,False
2620,2024-08-19,81,147,25.49,False,Holiday,Economic Indicator,Increasing,Regular,,,,False
8986,2024-09-25,30,444,14.44,True,Holiday,Weather,Increasing,Budget,,,,False
9847,2024-04-07,40,341,5.28,True,Holiday,Weather,Stable,Budget,,,,False
5301,2024-09-12,1,33,45.26,True,Festival,Economic Indicator,Decreasing,Regular,,,,False
3135,2024-07-27,22,489,69.24,True,Holiday,Competitor Pricing,Decreasing,Budget,,,,False
2141,2024-02-04,11,349,73.49,False,Holiday,Unknown,Decreasing,Regular,,,,False
9134,2024-04-06,18,62,6.12,True,Unknown,Competitor Pricing,Increasing,Regular,,,,False
6476,2024-10-27,67,76,97.76,False,Festival,Economic Indicator,Stable,Premium,,,,False
7391,2024-04-28,63,162,30.01,True,Festival,Unknown,Increasing,Regular,,,,False
1087,2024-06-20,64,185,17.94,True,Festival,Competitor Pricing,Stable,Regular,,,,False
8332,2024-01-07,82,118,91.14,True,Holiday,Competitor Pricing,Increasing,Premium,,,,False
2973,2024-11-07,79,122,37.93,False,Holiday,Economic Indicator,Increasing,Premium,,,,False
4584,2024-12-15,79,410,28.94,True,Unknown,Competitor Pricing,Decreasing,Regular,,,,False
2826,2024-12-08,40,100,38.12,True,Holiday,Unknown,Stable,Premium,,,,False
1030,2024-05-21,42,416,46.13,False,Holiday,Weather,Increasing,Regular,,,,False
8305,2024-04-30,34,467,83.34,True,Unknown,Weather,Decreasing,Premium,,,,False
5953,2024-07-21,18,221,81.49,False,Holiday,Economic Indicator,Decreasing,Budget,,,,False
6113,2024-12-08,12,240,30.22,True,Festival,Competitor Pricing,Decreasing,Budget,,,,False
4710,2024-05-20,15,115,91.41,False,Festival,Weather,Stable,Premium,,,,False
9034,2024-03-16,73,299,33.14,False,Festival,Economic Indicator,Decreasing,Premium,,,,False
8456,2024-11-15,95,36,52.95,False,Unknown,Unknown,Stable,Regular,,,,False
6300,2024-04-16,29,320,16.0,False,Holiday,Unknown,Decreasing,Premium,,,,False
6662,2024-09-21,92,380,95.59,True,Holiday,Weather,Increasing,Premium,,,,False
8588,2024-01-07,42,158,31.15,True,Holiday,Competitor Pricing,Increasing,Premium,,,,False
3079,2024-08-10,59,436,67.82,False,Festival,Competitor Pricing,Increasing,Regular,,,,False
8936,2024-04-28,1,363,63.02,False,Unknown,Economic Indicator,Decreasing,Budget,,,,False
7990,2024-07-29,57,246,79.95,True,Holiday,Competitor Pricing,Decreasing,Premium,,,,False
4054,2024-07-29,97,268,74.52,False,Festival,Competitor Pricing,Decreasing,Budget,,,,False
6104,2024-01-25,64,391,29.77,False,Holiday,Economic Indicator,Decreasing,Budget,,,,False
2139,2024-10-31,63,332,21.37,False,Holiday,Unknown,Increasing,Premium,,,,False
1000,2024-04-16,57,206,76.15,False,Unknown,Unknown,Decreasing,Premium,,,,False
6440,2024-09-02,4,120,22.16,False,Festival,Unknown,Stable,Premium,,,,False
8205,2024-05-13,9,140,69.93,False,Unknown,Unknown,Stable,Regular,,,,False
5799,2024-04-16,88,188,15.37,True,Holiday,Economic Indicator,Stable,Premium,,,,False
4103,2024-09-28,79,221,78.35,False,Holiday,Weather,Decreasing,Premium,,,,False
4570,2024-03-18,77,105,28.42,True,Unknown,Economic Indicator,Stable,Budget,,,,False
7391,2024-03-31,70,453,94.12,True,Unknown,Weather,Decreasing,Regular,,,,False
8745,2024-11-03,72,102,67.78,False,Holiday,Weather,Decreasing,Regular,,,,False
5405,2024-04-02,22,471,82.71,False,Festival,Weather,Increasing,Budget,,,,False
7539,2024-05-24,61,164,57.98,True,Festival,Weather,Increasing,Budget,,,,False
5741,2024-07-24,29,260,85.54,False,Unknown,Competitor Pricing,Increasing,Budget,,,,False
4584,2024-12-06,13,250,9.98,False,Unknown,Economic Indicator,Stable,Budget,,,,False
6084,2024-10-15,62,62,86.06,True,Unknown,Unknown,Increasing,Budget,,,,False
5684,2024-07-17,13,420,22.08,False,Unknown,Unknown,Increasing,Regular,,,,False
7281,2024-07-07,95,211,55.52,True,Festival,Weather,Increasing,Premium,,,,False
5736,2024-02-03,10,208,53.75,True,Unknown,Economic Indicator,Stable,Regular,,,,False
5265,2024-04-18,27,163,49.62,False,Unknown,Competitor Pricing,Stable,Budget,,,,False
5837,2024-03-25,15,189,82.2,False,Holiday,Unknown,Increasing,Regular,,,,False
6202,2024-02-21,13,66,21.11,False,Holiday,Weather,Decreasing,Budget,,,,False
9516,2024-05-27,54,441,97.18,False,Holiday,Unknown,Stable,Premium,,,,False
5313,2024-05-05,92,82,62.02,False,Holiday,Competitor Pricing,Stable,Regular,,,,False
3682,2024-02-22,49,478,54.12,False,Festival,Weather,Decreasing,Budget,,,,False
1486,2024-02-08,6,92,50.39,True,Unknown,Competitor Pricing,Decreasing,Regular,,,,False
2007,2024-11-12,6,86,45.38,False,Festival,Economic Indicator,Stable,Regular,,,,False
2299,2024-05-12,68,421,39.74,False,Festival,Competitor Pricing,Stable,Regular,,,,False
7862,2024-10-23,21,269,93.8,False,Unknown,Unknown,Stable,Premium,,,,False
9712,2024-08-28,74,320,67.86,False,Holiday,Weather,Decreasing,Budget,,,,False
9938,2024-01-28,54,495,81.7,True,Holiday,Competitor Pricing,Decreasing,Premium,,,,False
9162,2024-02-27,11,258,49.74,True,Festival,Competitor Pricing,Stable,Budget,,,,False
7481,2024-12-21,49,129,22.32,True,Unknown,Weather,Stable,Regular,22.16,80.27,1.64,True
9181,2024-10-03,66,256,45.27,False,Festival,Unknown,Increasing,Budget,,,,False
6918,2024-12-12,39,433,60.71,True,Festival,Economic Indicator,Increasing,Regular,,,,False
9782,2024-02-16,38,266,14.34,False,Holiday,Economic Indicator,Stable,Premium,,,,False
6743,2024-11-22,66,73,36.93,True,Festival,Unknown,Stable,Budget,,,,False
5376,2024-07-29,68,218,11.42,False,Holiday,Competitor Pricing,Stable,Budget,,,,False
4128,2024-08-19,39,342,29.06,True,Unknown,Weather,Stable,Regular,,,,False
9651,2024-12-26,71,384,80.78,False,Festival,Weather,Increasing,Premium,,,,False
2174,2024-02-01,49,192,92.32,False,Festival,Economic Indicator,Decreasing,Budget,,,,False
4190,2024-05-18,33,313,96.51,False,Festival,Unknown,Increasing,Budget,,,,False
5394,2024-03-04,80,281,17.55,False,Festival,Economic Indicator,Stable,Budget,,,,False
8233,2024-11-28,17,175,58.42,True,Unknown,Unknown,Stable,Premium,,,,False
4822,2024-02-11,2,310,6.48,False,Unknown,Competitor Pricing,Increasing,Budget,,,,False
8449,2024-03-15,17,333,30.17,False,Festival,Unknown,Increasing,Premium,,,,False
7337,2024-03-18,99,233,22.27,True,Unknown,Unknown,Stable,Premium,,,,False
2907,2024-03-07,86,235,13.94,True,Holiday,Unknown,Decreasing,Premium,,,,False
6561,2024-09-25,19,200,58.45,False,Holiday,Unknown,Stable,Premium,,,,False
1574,2024-08-19,33,486,77.08,True,Festival,Unknown,Decreasing,Regular,,,,False
9631,2024-06-10,17,189,71.75,True,Holiday,Economic Indicator,Stable,Premium,,,,False
1811,2024-05-05,34,208,62.6,False,Festival,Economic Indicator,Increasing,Regular,,,,False
7060,2024-06-14,46,416,44.89,False,Unknown,Unknown,Increasing,Budget,,,,False
6689,2024-12-23,27,116,43.14,True,Holiday,Unknown,Stable,Regular,,,,False
5670,2024-06-21,15,273,50.38,True,Festival,Unknown,Decreasing,Budget,,,,False
7236,2024-10-08,44,275,22.43,True,Holiday,Unknown,Stable,Premium,,,,False
6969,2024-03-29,64,231,81.0,True,Unknown,Weather,Decreasing,Regular,,,,False
3350,2024-10-02,66,137,52.33,False,Holiday,Competitor Pricing,Stable,Budget,,,,False
4389,2024-01-25,2,234,94.44,False,Holiday,Unknown,Stable,Budget,,,,False
7315,2024-09-11,92,140,97.69,True,Festival,Weather,Decreasing,Budget,,,,False
1237,2024-05-30,21,14,63.44,True,Holiday,Economic Indicator,Stable,Budget,,,,False
6649,2024-02-23,99,233,35.83,True,Holiday,Competitor Pricing,Stable,Premium,,,,False
7645,2024-08-19,4,321,82.65,False,Holiday,Weather,Stable,Regular,,,,False
7383,2024-11-03,94,473,75.82,True,Unknown,Economic Indicator,Stable,Regular,,,,False
1371,2024-08-12,18,171,54.77,False,Festival,Unknown,Increasing,Premium,,,,False
4007,2024-03-04,32,292,67.24,True,Festival,Competitor Pricing,Decreasing,Regular,,,,False
7113,2024-03-03,5,19,95.34,True,Unknown,Competitor Pricing,Decreasing,Budget,,,,False
7221,2024-02-07,19,120,5.31,True,Unknown,Economic Indicator,Stable,Budget,,,,False
7496,2024-04-19,91,177,17.62,True,Holiday,Weather,Increasing,Regular,,,,False
1328,2024-01-16,40,187,39.87,True,Holiday,Unknown,Increasing,Premium,,,,False
6913,2024-12-22,81,473,75.42,False,Holiday,Economic Indicator,Decreasing,Premium,,,,False
1931,2024-08-20,86,65,46.36,True,Festival,Economic Indicator,Increasing,Premium,,,,False
6690,2024-01-05,16,207,83.15,False,Festival,Competitor Pricing,Stable,Regular,,,,False
3172,2024-03-04,41,149,14.39,True,Festival,Unknown,Decreasing,Regular,,,,False
6898,2024-04-26,20,100,35.84,False,Holiday,Economic Indicator,Decreasing,Budget,,,,False
9436,2024-04-28,85,29,31.97,False,Unknown,Unknown,Stable,Premium,,,,False
1695,2024-08-13,28,301,52.01,True,Unknown,Unknown,Decreasing,Premium,,,,False
5219,2024-10-12,59,229,32.2,False,Unknown,Unknown,Decreasing,Regular,,,,False
2077,2024-02-15,94,369,31.47,False,Festival,Weather,Stable,Budget,,,,False
1955,2024-04-06,61,445,61.12,False,Unknown,Economic Indicator,Increasing,Premium,,,,False
6012,2024-12-05,6,430,42.94,False,Festival,Weather,Decreasing,Regular,,,,False
1940,2024-03-04,38,7,44.49,False,Unknown,Unknown,Increasing,Regular,,,,False
1185,2024-08-30,55,446,37.23,True,Festival,Economic Indicator,Stable,Budget,,,,False
7579,2024-06-28,77,277,52.51,False,Unknown,Weather,Increasing,Premium,,,,False
9979,2024-04-26,69,146,28.2,True,Unknown,Competitor Pricing,Decreasing,Regular,,,,False
8990,2024-03-28,14,378,31.12,True,Holiday,Weather,Increasing,Premium,,,,False
7566,2024-04-27,98,386,85.9,True,Festival,Economic Indicator,Decreasing,Budget,,,,False
8987,2024-09-03,59,148,27.38,False,Unknown,Weather,Decreasing,Regular,,,,False
9552,2024-11-29,32,205,99.66,True,Festival,Competitor Pricing,Increasing,Premium,,,,False
4651,2024-03-05,15,59,27.24,True,Holiday,Weather,Decreasing,Regular,83.79,39.88,1.63,True
9807,2024-02-28,71,454,65.03,True,Holiday,Economic Indicator,Decreasing,Premium,,,,False
2855,2024-05-19,58,18,94.45,True,Unknown,Unknown,Stable,Regular,,,,False
4966,2024-02-08,45,186,47.41,True,Unknown,Economic Indicator,Increasing,Premium,,,,False
8897,2024-04-18,95,270,87.12,False,Holiday,Unknown,Decreasing,Regular,,,,False
2678,2024-08-15,85,388,38.48,False,Holiday,Economic Indicator,Decreasing,Premium,,,,False
2557,2024-03-18,69,332,30.61,True,Unknown,Weather,Increasing,Regular,,,,False
6030,2024-08-23,28,195,73.37,False,Festival,Weather,Increasing,Regular,,,,False
7786,2024-10-05,8,356,44.61,False,Holiday,Unknown,Stable,Premium,,,,False
6798,2024-05-02,49,256,30.61,False,Festival,Economic Indicator,Decreasing,Regular,,,,False
8229,2024-12-02,69,462,70.92,False,Festival,Competitor Pricing,Increasing,Budget,,,,False
4122,2024-11-16,87,18,22.33,False,Holiday,Weather,Increasing,Regular,,,,False
2296,2024-02-27,74,337,42.7,True,Holiday,Economic Indicator,Decreasing,Budget,,,,False
5887,2024-09-25,19,253,9.86,False,Unknown,Competitor Pricing,Increasing,Premium,,,,False
7078,2024-01-27,10,346,56.59,True,Unknown,Unknown,Decreasing,Regular,,,,False
7482,2024-03-02,79,31,32.34,False,Festival,Competitor Pricing,Decreasing,Budget,,,,False
3218,2024-11-26,40,272,9.49,True,Festival,Weather,Increasing,Regular,,,,False
1152,2024-05-22,62,155,64.48,True,Holiday,Unknown,Increasing,Premium,,,,False
6241,2024-12-17,92,218,15.99,False,Unknown,Unknown,Decreasing,Regular,,,,False
9019,2024-04-27,72,92,58.66,True,Unknown,Economic Indicator,Stable,Budget,,,,False
5283,2024-08-17,13,490,31.21,True,Unknown,Weather,Decreasing,Regular,,,,False
3139,2024-02-15,22,125,50.34,False,Festival,Weather,Decreasing,Budget,,,,False
7202,2024-08-08,93,75,81.82,False,Holiday,Competitor Pricing,Increasing,Regular,,,,False
6400,2024-01-27,86,495,33.67,False,Festival,Weather,Increasing,Regular,,,,False
1033,2024-06-25,45,296,29.45,False,Unknown,Competitor Pricing,Decreasing,Regular,,,,False
6275,2024-01-31,98,150,11.72,False,Festival,Economic Indicator,Stable,Regular,,,,False
7277,2024-07-10,43,316,23.52,True,Festival,Weather,Decreasing,Premium,,,,False
5246,2024-11-28,4,188,5.97,False,Festival,Weather,Increasing,Premium,,,,False
3279,2024-04-15,68,11,32.13,False,Holiday,Unknown,Stable,Budget,,,,False
7411,2024-08-09,53,401,80.46,False,Unknown,Economic Indicator,Decreasing,Premium,,,,False
4795,2024-02-09,53,89,32.11,True,Unknown,Competitor Pricing,Stable,Budget,,,,False
2017,2024-11-21,61,223,62.18,False,Unknown,Economic Indicator,Increasing,Premium,,,,False
9012,2024-12-30,72,402,74.22,False,Unknown,Unknown,Decreasing,Premium,,,,False
7642,2024-03-31,1,238,7.72,True,Festival,Weather,Increasing,Regular,,,,False
6998,2024-09-03,48,228,92.94,False,Holiday,Competitor Pricing,Stable,Budget,,,,False
3791,2024-04-03,26,362,15.95,False,Unknown,Unknown,Increasing,Regular,,,,False
7921,2024-05-13,18,201,97.65,False,Unknown,Unknown,Stable,Budget,,,,False
5598,2024-10-06,87,384,20.45,True,Unknown,Economic Indicator,Increasing,Regular,,,,False
4968,2024-05-02,56,40,41.43,False,Holiday,Economic Indicator,Decreasing,Budget,,,,False
9288,2024-05-26,83,176,75.18,False,Festival,Unknown,Decreasing,Regular,,,,False
8032,2024-01-30,21,54,77.39,True,Holiday,Unknown,Decreasing,Premium,,,,False
8844,2024-01-01,37,436,19.62,False,Holiday,Economic Indicator,Increasing,Premium,,,,False
6400,2024-05-10,73,129,11.59,True,Holiday,Weather,Stable,Premium,,,,False
6714,2024-08-27,79,266,34.96,True,Unknown,Competitor Pricing,Stable,Premium,,,,False
5566,2024-02-08,77,474,23.29,False,Unknown,Weather,Increasing,Budget,,,,False
7045,2024-12-03,68,219,27.18,False,Festival,Unknown,Increasing,Premium,,,,False
7774,2024-09-18,34,273,12.96,True,Holiday,Competitor Pricing,Stable,Budget,,,,False
5298,2024-09-26,84,322,14.5,False,Holiday,Competitor Pricing,Increasing,Regular,,,,False
4300,2024-01-13,98,411,5.27,False,Festival,Weather,Decreasing,Premium,28.75,18.37,0.75,True
4181,2024-07-27,8,71,67.84,True,Unknown,Weather,Stable,Premium,,,,False
6614,2024-02-14,68,106,92.67,False,Unknown,Unknown,Stable,Budget,,,,False
4382,2024-02-28,63,477,62.24,True,Festival,Unknown,Stable,Budget,,,,False
1661,2024-09-26,18,200,17.39,False,Holiday,Economic Indicator,Stable,Budget,,,,False
9205,2024-02-04,73,414,62.42,False,Unknown,Competitor Pricing,Stable,Budget,,,,False
2823,2024-10-16,90,25,22.75,True,Festival,Competitor Pricing,Stable,Budget,,,,False
6371,2024-06-27,25,174,87.12,True,Unknown,Competitor Pricing,Increasing,Regular,,,,False
7949,2024-02-29,85,301,27.48,False,Festival,Weather,Stable,Budget,,,,False
4681,2024-10-26,61,369,95.63,True,Holiday,Weather,Decreasing,Budget,,,,False
4486,2024-10-09,74,233,34.68,True,Festival,Competitor Pricing,Decreasing,Regular,,,,False
7298,2024-12-04,77,317,68.01,False,Unknown,Economic Indicator,Stable,Budget,,,,False
3733,2024-06-22,89,104,75.91,False,Unknown,Weather,Increasing,Budget,,,,False
1575,2024-12-14,14,91,57.73,True,Holiday,Economic Indicator,Decreasing,Regular,,,,False
8003,2024-04-13,36,460,42.09,False,Holiday,Unknown,Increasing,Budget,,,,False
9720,2024-10-03,67,141,92.44,False,Holiday,Weather,Decreasing,Regular,,,,False
4173,2024-10-04,78,239,36.24,True,Unknown,Competitor Pricing,Increasing,Regular,,,,False
5660,2024-06-22,51,464,26.69,True,Festival,Competitor Pricing,Decreasing,Premium,,,,False
8181,2024-01-30,18,228,28.18,False,Holiday,Weather,Decreasing,Premium,,,,False
4310,2024-12-08,51,194,57.82,True,Unknown,Competitor Pricing,Decreasing,Budget,,,,False
2541,2024-05-17,85,493,92.69,False,Holiday,Weather,Increasing,Premium,,,,False
2557,2024-08-28,31,73,19.12,False,Festival,Competitor Pricing,Stable,Budget,,,,False
1749,2024-05-22,78,234,60.94,False,Holiday,Weather,Stable,Budget,,,,False
6786,2024-08-14,25,267,22.98,True,Unknown,Weather,Decreasing,Regular,,,,False
4891,2024-04-22,67,237,27.67,False,Unknown,Economic Indicator,Increasing,Budget,,,,False
8139,2024-06-28,78,229,82.37,True,Unknown,Weather,Decreasing,Premium,,,,False
6933,2024-03-22,52,299,5.19,True,Holiday,Competitor Pricing,Stable,Regular,,,,False
1981,2024-02-03,65,359,68.4,True,Festival,Economic Indicator,Stable,Regular,,,,False
4738,2024-10-05,40,443,75.15,True,Holiday,Competitor Pricing,Stable,Regular,,,,False
6139,2024-08-04,43,108,59.19,True,Festival,Weather,Decreasing,Regular,,,,False
7073,2024-05-26,32,313,20.61,False,Unknown,Weather,Stable,Premium,,,,False
9913,2024-02-18,86,225,98.65,False,Holiday,Competitor Pricing,Decreasing,Regular,,,,False
7123,2024-02-03,80,104,97.3,False,Unknown,Unknown,Stable,Premium,,,,False
7160,2024-04-27,77,217,27.37,True,Holiday,Unknown,Decreasing,Regular,,,,False
9130,2024-04-02,9,126,50.62,True,Unknown,Economic Indicator,Decreasing,Premium,,,,False
2401,2024-11-30,78,76,86.4,True,Festival,Economic Indicator,Decreasing,Premium,,,,False
5938,2024-08-04,80,280,27.41,True,Festival,Competitor Pricing,Stable,Regular,,,,False
7788,2024-04-22,30,373,10.66,True,Festival,Weather,Stable,Premium,,,,False
5231,2024-01-05,16,356,89.82,True,Holiday,Unknown,Increasing,Budget,,,,False
6275,2024-04-17,68,280,11.24,False,Unknown,Unknown,Decreasing,Regular,,,,False
3817,2024-11-13,60,266,95.51,True,Unknown,Weather,Increasing,Budget,,,,False
6727,2024-01-05,34,21,23.55,False,Unknown,Economic Indicator,Decreasing,Premium,,,,False
5749,2024-12-20,13,453,6.37,False,Unknown,Economic Indicator,Stable,Budget,,,,False
4459,2024-03-18,4,361,44.3,False,Festival,Unknown,Stable,Premium,,,,False
7692,2024-12-01,66,279,64.08,True,Holiday,Economic Indicator,Stable,Budget,,,,False
8371,2024-03-14,11,232,72.35,True,Unknown,Economic Indicator,Stable,Regular,,,,False
5168,2024-09-22,24,174,15.8,True,Holiday,Unknown,Decreasing,Premium,24.57,64.95,0.54,True
5815,2024-03-27,33,465,83.42,True,Unknown,Weather,Increasing,Regular,,,,False
5441,2024-03-27,9,100,44.96,True,Festival,Economic Indicator,Stable,Regular,,,,False
8303,2024-07-06,96,383,84.74,False,Festival,Weather,Decreasing,Budget,,,,False
1381,2024-03-25,41,217,14.87,True,Unknown,Weather,Decreasing,Budget,,,,False
6924,2024-07-09,49,366,38.13,True,Unknown,Weather,Decreasing,Budget,,,,False
6161,2024-10-02,18,102,98.57,True,Holiday,Weather,Stable,Regular,,,,False
4506,2024-07-18,29,343,65.28,True,Festival,Competitor Pricing,Stable,Regular,,,,False
7610,2024-10-26,29,254,53.17,True,Unknown,Unknown,Decreasing,Premium,,,,False
6442,2024-06-13,78,225,51.43,True,Unknown,Competitor Pricing,Increasing,Premium,,,,False
2081,2024-03-27,4,399,13.77,True,Festival,Competitor Pricing,Decreasing,Premium,,,,False
6021,2024-11-13,87,146,82.83,True,Unknown,Unknown,Stable,Regular,,,,False
5972,2024-12-01,83,228,85.69,False,Holiday,Weather,Increasing,Premium,,,,False
7274,2024-12-05,79,229,44.79,False,Unknown,Weather,Decreasing,Budget,,,,False
4391,2024-09-29,34,362,99.56,False,Holiday,Unknown,Decreasing,Budget,,,,False
7472,2024-08-03,94,55,46.35,True,Unknown,Unknown,Decreasing,Premium,,,,False
1436,2024-10-29,92,440,41.34,False,Festival,Weather,Stable,Regular,,,,False
2839,2024-06-12,41,344,37.03,False,Holiday,Economic Indicator,Increasing,Regular,,,,False
5899,2024-06-09,42,149,6.6,False,Festival,Weather,Decreasing,Premium,,,,False
2009,2024-11-04,3,412,82.59,False,Festival,Weather,Stable,Premium,,,,False
2953,2024-01-11,36,187,65.04,True,Festival,Economic Indicator,Decreasing,Premium,,,,False
5355,2024-04-04,69,277,17.37,True,Holiday,Competitor Pricing,Increasing,Regular,,,,False
7224,2024-02-15,45,289,6.36,False,Holiday,Economic Indicator,Stable,Regular,,,,False
9745,2024-01-13,1,142,32.71,True,Holiday,Unknown,Increasing,Budget,,,,False
4386,2024-12-18,61,302,73.38,False,Unknown,Economic Indicator,Decreasing,Premium,,,,False
1180,2024-03-24,3,215,20.8,True,Unknown,Competitor Pricing,Stable,Budget,,,,False
4935,2024-07-16,18,110,9.59,True,Holiday,Economic Indicator,Decreasing,Regular,,,,False
8944,2024-04-13,31,265,5.3,True,Unknown,Weather,Decreasing,Budget,,,,False
3844,2024-07-16,68,8,77.17,False,Festival,Competitor Pricing,Increasing,Regular,,,,False
5877,2024-02-06,65,472,72.54,True,Holiday,Unknown,Stable,Budget,,,,False
9523,2024-03-28,87,442,65.43,False,Festival,Competitor Pricing,Increasing,Premium,,,,False
6473,2024-03-08,35,71,72.55,True,Holiday,Economic Indicator,Stable,Budget,,,,False
6129,2024-06-06,10,60,63.33,True,Unknown,Economic Indicator,Decreasing,Regular,,,,False
9272,2024-12-22,41,312,83.0,True,Unknown,Economic Indicator,Stable,Budget,,,,False
9616,2024-01-02,83,352,79.49,True,Unknown,Unknown,Stable,Regular,,,,False
9894,2024-05-21,56,189,29.27,True,Holiday,Unknown,Stable,Regular,,,,False
4064,2024-02-28,71,151,43.47,False,Unknown,Competitor Pricing,Stable,Premium,,,,False
9340,2024-11-03,3,109,12.53,True,Unknown,Unknown,Decreasing,Premium,,,,False
8475,2024-01-05,62,408,84.32,True,Holiday,Competitor Pricing,Decreasing,Budget,,,,False
9310,2024-07-16,73,281,74.46,True,Festival,Unknown,Stable,Budget,,,,False
6731,2024-10-07,44,389,89.09,True,Festival,Weather,Increasing,Regular,,,,False
8942,2024-12-15,39,174,58.37,True,Unknown,Unknown,Stable,Regular,,,,False
1302,2024-07-10,27,337,52.69,False,Holiday,Competitor Pricing,Increasing,Regular,,,,False
6500,2024-05-02,15,467,30.63,True,Holiday,Weather,Stable,Premium,,,,False
2363,2024-05-05,67,494,24.48,True,Festival,Competitor Pricing,Decreasing,Budget,,,,False
5446,2024-10-07,93,485,75.04,False,Unknown,Competitor Pricing,Decreasing,Premium,,,,False
7433,2024-11-15,35,389,5.83,True,Festival,Unknown,Increasing,Budget,,,,False
3149,2024-01-13,2,332,24.93,True,Festival,Competitor Pricing,Decreasing,Premium,,,,False
4711,2024-03-04,26,297,35.82,True,Unknown,Unknown,Stable,Premium,,,,False
1225,2024-11-01,82,449,86.11,False,Unknown,Weather,Increasing,Premium,,,,False
7379,2024-07-30,53,32,60.54,True,Unknown,Competitor Pricing,Decreasing,Premium,,,,False
8583,2024-05-10,48,254,82.75,False,Holiday,Economic Indicator,Increasing,Budget,,,,False
9495,2024-05-26,53,252,55.76,False,Festival,Economic Indicator,Stable,Budget,,,,False
9577,2024-08-06,65,47,43.27,False,Holiday,Economic Indicator,Increasing,Regular,,,,False
1207,2024-10-31,1,105,62.68,False,Festival,Competitor Pricing,Decreasing,Budget,,,,False
7194,2024-03-31,54,190,44.72,False,Festival,Weather,Stable,Budget,,,,False
5995,2024-02-24,27,458,64.08,False,Festival,Competitor Pricing,Stable,Premium,,,,False
1634,2024-07-11,60,257,97.68,True,Festival,Unknown,Decreasing,Regular,,,,False
1977,2024-07-23,78,393,23.24,False,Unknown,Economic Indicator,Increasing,Budget,,,,False
5957,2024-10-19,86,443,57.91,False,Holiday,Unknown,Increasing,Premium,,,,False
3139,2024-12-15,89,288,93.76,False,Unknown,Weather,Increasing,Budget,,,,False
3092,2024-11-11,95,29,56.22,True,Holiday,Weather,Increasing,Budget,,,,False
6437,2024-09-27,47,277,78.43,True,Holiday,Weather,Stable,Premium,,,,False
7166,2024-06-29,47,66,83.97,False,Holiday,Weather,Stable,Premium,,,,False
3102,2024-04-24,30,156,59.07,False,Unknown,Economic Indicator,Stable,Premium,,,,False
6568,2024-07-22,94,357,47.06,False,Festival,Economic Indicator,Increasing,Budget,,,,False
9966,2024-04-07,61,220,25.07,False,Unknown,Economic Indicator,Stable,Premium,,,,False
2591,2024-01-25,89,91,30.67,True,Festival,Weather,Increasing,Regular,,,,False
2133,2024-05-29,57,396,67.49,True,Unknown,Economic Indicator,Decreasing,Premium,,,,False
8471,2024-08-08,9,387,15.88,False,Holiday,Unknown,Increasing,Regular,,,,False
6656,2024-07-18,39,128,68.52,False,Festival,Weather,Stable,Premium,,,,False
4861,2024-05-08,29,428,18.98,False,Unknown,Economic Indicator,Increasing,Regular,,,,False
6015,2024-02-24,88,141,99.24,False,Unknown,Economic Indicator,Increasing,Premium,,,,False
8695,2024-02-24,89,178,76.68,True,Unknown,Economic Indicator,Stable,Budget,,,,False
7569,2024-12-22,84,320,25.81,True,Unknown,Unknown,Increasing,Premium,,,,False
6395,2024-12-05,80,437,60.08,False,Unknown,Weather,Stable,Regular,,,,False
9641,2024-08-14,34,476,39.35,True,Holiday,Competitor Pricing,Stable,Budget,,,,False
7072,2024-08-13,92,260,17.73,True,Holiday,Economic Indicator,Increasing,Budget,,,,False
8394,2024-06-14,70,369,7.47,False,Festival,Competitor Pricing,Decreasing,Premium,,,,False
7998,2024-09-15,25,111,68.89,False,Holiday,Unknown,Stable,Regular,,,,False
4984,2024-02-14,7,382,84.52,True,Unknown,Unknown,Stable,Budget,,,,False
4251,2024-04-24,19,439,21.01,False,Holiday,Economic Indicator,Increasing,Regular,,,,False
9494,2024-10-17,17,177,22.01,True,Unknown,Weather,Stable,Premium,,,,False
9158,2024-11-29,73,268,50.83,False,Unknown,Weather,Decreasing,Regular,,,,False
7467,2024-07-22,41,43,79.89,True,Unknown,Unknown,Stable,Premium,,,,False
8216,2024-08-03,96,416,32.44,True,Festival,Unknown,Stable,Regular,,,,False
8088,2024-10-30,95,361,6.88,True,Festival,Weather,Increasing,Budget,,,,False
2793,2024-03-24,64,461,58.19,True,Unknown,Weather,Increasing,Regular,,,,False
4648,2024-08-25,7,35,17.05,False,Unknown,Competitor Pricing,Stable,Regular,,,,False
4009,2024-08-22,61,69,42.3,True,Unknown,Weather,Increasing,Budget,,,,False
7785,2024-11-29,36,78,50.41,False,Festival,Competitor Pricing,Increasing,Premium,,,,False
9082,2024-11-23,96,441,86.27,True,Unknown,Competitor Pricing,Stable,Budget,,,,False
9675,2024-12-26,29,125,63.58,False,Unknown,Economic Indicator,Increasing,Budget,,,,False
7310,2024-09-14,73,190,73.97,False,Festival,Competitor Pricing,Decreasing,Premium,,,,False
5830,2024-10-10,9,54,56.13,True,Unknown,Unknown,Increasing,Regular,,,,False
3846,2024-01-16,15,1,76.75,False,Festival,Competitor Pricing,Decreasing,Regular,,,,False
7730,2024-09-14,47,19,14.88,False,Holiday,Competitor Pricing,Stable,Budget,,,,False
2837,2024-07-17,45,30,81.67,True,Unknown,Weather,Increasing,Budget,,,,False
1714,2024-05-13,99,319,58.73,True,Unknown,Unknown,Increasing,Regular,,,,False
1232,2024-08-08,68,385,37.47,False,Festival,Economic Indicator,Stable,Regular,17.16,35.99,1.07,True
6850,2024-01-30,5,81,40.04,True,Festival,Unknown,Increasing,Budget,,,,False
9942,2024-11-16,64,261,36.23,True,Festival,Economic Indicator,Stable,Budget,,,,False
4366,2024-03-18,60,99,97.58,False,Festival,Weather,Stable,Regular,,,,False
2436,2024-11-24,56,439,77.65,False,Holiday,Economic Indicator,Increasing,Regular,,,,False
2528,2024-01-02,59,297,34.27,True,Holiday,Weather,Increasing,Regular,,,,False
7409,2024-10-03,37,182,19.57,True,Holiday,Weather,Decreasing,Budget,,,,False
2558,2024-08-15,79,113,78.02,True,Unknown,Weather,Stable,Budget,,,,False
6624,2024-07-23,20,19,68.32,False,Festival,Unknown,Stable,Premium,,,,False
2197,2024-09-20,4,313,57.56,False,Festival,Unknown,Decreasing,Regular,,,,False
7423,2024-11-30,24,48,30.86,True,Holiday,Competitor Pricing,Stable,Premium,,,,False
5219,2024-07-06,58,165,47.69,True,Holiday,Unknown,Decreasing,Regular,,,,False
9686,2024-11-10,93,279,38.15,True,Holiday,Unknown,Decreasing,Premium,,,,False
1654,2024-03-14,85,329,22.23,True,Festival,Competitor Pricing,Increasing,Regular,,,,False
7568,2024-04-25,21,414,6.05,True,Unknown,Economic Indicator,Stable,Premium,,,,False
8366,2024-01-22,16,377,78.45,True,Holiday,Weather,Stable,Regular,,,,False
9665,2024-03-15,85,403,92.22,False,Unknown,Unknown,Stable,Budget,,,,False
8678,2024-08-17,59,12,60.12,True,Festival,Weather,Decreasing,Premium,,,,False
4071,2024-09-07,59,452,14.23,True,Festival,Economic Indicator,Stable,Regular,,,,False
3434,2024-04-25,95,198,84.83,True,Holiday,Competitor Pricing,Stable,Premium,,,,False
7946,2024-07-24,8,214,29.9,False,Holiday,Economic Indicator,Increasing,Budget,,,,False
9305,2024-01-27,85,425,72.74,True,Unknown,Unknown,Decreasing,Regular,,,,False
6966,2024-08-17,50,468,83.61,False,Holiday,Unknown,Stable,Budget,,,,False
9629,2024-06-05,8,60,54.9,False,Festival,Economic Indicator,Decreasing,Budget,,,,False
7983,2024-02-22,81,166,94.46,False,Unknown,Weather,Increasing,Regular,,,,False
6595,2024-11-12,72,437,94.43,True,Holiday,Economic Indicator,Increasing,Premium,,,,False
3380,2024-09-05,28,67,64.61,False,Unknown,Weather,Decreasing,Premium,,,,False
1675,2024-02-17,58,266,94.53,False,Festival,Economic Indicator,Increasing,Regular,,,,False
3023,2024-01-16,76,366,39.9,False,Unknown,Competitor Pricing,Stable,Budget,,,,False
4805,2024-04-20,19,105,8.75,True,Unknown,Economic Indicator,Decreasing,Budget,,,,False
8417,2024-09-26,89,14,94.5,True,Festival,Competitor Pricing,Stable,Premium,,,,False
2988,2024-10-11,92,15,10.12,True,Festival,Unknown,Stable,Regular,,,,False
8121,2024-07-05,5,125,98.65,True,Festival,Competitor Pricing,Decreasing,Budget,,,,False
1577,2024-02-22,51,271,45.24,True,Holiday,Competitor Pricing,Decreasing,Regular,,,,False
2149,2024-03-10,42,183,78.38,True,Holiday,Weather,Stable,Premium,,,,False
2548,2024-07-16,46,391,69.15,True,Holiday,Competitor Pricing,Stable,Regular,,,,False
1874,2024-05-13,87,392,79.84,True,Festival,Unknown,Increasing,Premium,,,,False
5600,2024-08-27,76,44,47.35,False,Holiday,Weather,Decreasing,Budget,,,,False
7132,2024-08-11,11,232,47.6,True,Holiday,Competitor Pricing,Increasing,Premium,,,,False
9693,2024-07-22,31,24,86.82,True,Festival,Competitor Pricing,Increasing,Budget,,,,False
6196,2024-09-17,65,21,32.71,False,Festival,Economic Indicator,Decreasing,Premium,,,,False
2338,2024-09-05,70,275,61.93,False,Holiday,Unknown,Decreasing,Budget,,,,False
6101,2024-01-06,54,286,43.98,False,Unknown,Economic Indicator,Increasing,Premium,,,,False
7175,2024-11-15,2,405,26.24,False,Festival,Unknown,Increasing,Premium,,,,False
4991,2024-10-06,53,71,76.46,False,Festival,Weather,Stable,Regular,,,,False
8840,2024-04-02,94,133,77.26,False,Unknown,Weather,Decreasing,Regular,,,,False
9898,2024-02-10,56,237,58.0,True,Unknown,Weather,Stable,Regular,,,,False
9847,2024-02-19,75,418,55.39,True,Festival,Unknown,Stable,Premium,,,,False
1547,2024-10-16,91,88,32.19,False,Holiday,Unknown,Stable,Premium,,,,False
2256,2024-04-22,7,300,29.85,True,Festival,Unknown,Decreasing,Regular,,,,False
6271,2024-12-25,44,203,61.04,True,Unknown,Unknown,Increasing,Regular,,,,False
4298,2024-06-11,29,69,75.99,False,Unknown,Weather,Stable,Regular,,,,False
4073,2024-10-08,4,463,10.66,True,Holiday,Unknown,Decreasing,Regular,,,,False
2056,2024-02-05,50,313,95.88,True,Holiday,Competitor Pricing,Decreasing,Premium,,,,False
2581,2024-01-16,57,48,37.89,True,Holiday,Economic Indicator,Decreasing,Budget,,,,False
8255,2024-07-15,50,190,99.34,False,Unknown,Competitor Pricing,Decreasing,Premium,,,,False
9088,2024-04-07,36,410,21.56,False,Holiday,Unknown,Stable,Budget,,,,False
7055,2024-08-10,77,446,46.49,False,Unknown,Competitor Pricing,Increasing,Budget,,,,False
3858,2024-11-05,42,67,58.56,True,Festival,Unknown,Decreasing,Regular,,,,False
9797,2024-06-13,4,224,45.8,False,Festival,Competitor Pricing,Increasing,Regular,,,,False
6917,2024-07-02,9,3,17.49,False,Festival,Weather,Decreasing,Budget,,,,False
5131,2024-06-16,24,44,68.39,False,Unknown,Competitor Pricing,Decreasing,Premium,,,,False
6585,2024-03-01,10,279,57.64,True,Festival,Economic Indicator,Stable,Budget,,,,False
4390,2024-05-08,9,117,66.14,True,Festival,Competitor Pricing,Increasing,Budget,,,,False
3583,2024-10-23,81,68,6.89,False,Unknown,Weather,Increasing,Premium,,,,False
5471,2024-08-09,76,51,43.62,True,Holiday,Competitor Pricing,Increasing,Premium,,,,False
8604,2024-12-01,98,446,47.83,False,Unknown,Economic Indicator,Increasing,Premium,,,,False
1201,2024-04-20,28,409,27.35,True,Holiday,Weather,Stable,Budget,,,,False
1379,2024-06-28,88,368,81.59,True,Holiday,Unknown,Stable,Premium,,,,False
4262,2024-12-07,61,101,16.9,False,Unknown,Economic Indicator,Stable,Budget,,,,False
3661,2024-03-25,95,50,59.59,False,Festival,Economic Indicator,Stable,Premium,,,,False
9045,2024-02-17,60,59,77.85,False,Unknown,Weather,Stable,Regular,,,,False
7024,2024-10-07,89,372,72.75,True,Unknown,Unknown,Stable,Regular,,,,False
3187,2024-03-07,33,437,9.06,True,Unknown,Unknown,Decreasing,Budget,,,,False
3460,2024-10-16,68,267,76.61,True,Holiday,Economic Indicator,Stable,Regular,,,,False
4584,2024-06-03,4,432,38.22,False,Festival,Economic Indicator,Increasing,Premium,,,,False
1478,2024-12-21,56,443,49.25,True,Festival,Unknown,Stable,Regular,,,,False
6244,2024-09-30,29,396,48.12,False,Holiday,Economic Indicator,Stable,Regular,,,,False
8091,2024-03-19,17,32,31.75,False,Holiday,Competitor Pricing,Decreasing,Premium,,,,False
2763,2024-04-30,93,201,78.17,False,Festival,Economic Indicator,Increasing,Budget,,,,False
7667,2024-06-01,5,143,57.69,True,Holiday,Unknown,Increasing,Budget,,,,False
9204,2024-12-25,83,382,48.73,False,Holiday,Competitor Pricing,Decreasing,Budget,,,,False
4702,2024-12-29,42,438,58.67,False,Holiday,Unknown,Stable,Budget,,,,False
2296,2024-02-20,71,262,88.95,False,Holiday,Competitor Pricing,Decreasing,Regular,,,,False
9360,2024-01-02,99,85,93.36,False,Unknown,Unknown,Increasing,Regular,,,,False
2804,2024-05-27,94,397,81.04,True,Festival,Economic Indicator,Stable,Regular,,,,False
6770,2024-12-10,4,468,53.22,False,Festival,Unknown,Stable,Premium,,,,False
9486,2024-09-04,91,298,97.48,False,Holiday,Weather,Decreasing,Premium,,,,False
2118,2024-12-12,60,441,26.06,True,Holiday,Unknown,Stable,Premium,,,,False
5835,2024-10-09,89,227,31.25,True,Unknown,Economic Indicator,Increasing,Premium,,,,False
8945,2024-03-15,5,299,37.94,True,Festival,Competitor Pricing,Decreasing,Regular,,,,False
3039,2024-06-21,8,389,25.86,True,Unknown,Weather,Stable,Regular,,,,False
9127,2024-12-18,92,96,61.05,False,Unknown,Unknown,Decreasing,Budget,,,,False
6182,2024-04-09,93,399,86.21,False,Holiday,Economic Indicator,Decreasing,Premium,,,,False
6349,2024-12-17,57,488,74.12,False,Unknown,Economic Indicator,Decreasing,Regular,,,,False
6845,2024-06-04,62,149,57.84,False,Holiday,Competitor Pricing,Increasing,Regular,,,,False
8785,2024-01-02,94,276,77.77,True,Festival,Weather,Stable,Premium,,,,False
1210,2024-09-12,31,270,94.33,False,Holiday,Competitor Pricing,Increasing,Regular,,,,False
8010,2024-09-08,49,326,62.26,False,Unknown,Weather,Decreasing,Budget,,,,False
6384,2024-07-26,51,134,91.44,False,Festival,Competitor Pricing,Stable,Regular,,,,False
7588,2024-10-09,81,394,45.98,True,Festival,Unknown,Stable,Regular,,,,False
3678,2024-11-30,9,59,99.21,False,Holiday,Unknown,Stable,Regular,,,,False
8749,2024-10-26,40,148,16.21,True,Unknown,Unknown,Stable,Budget,,,,False
2751,2024-12-20,61,150,59.71,True,Festival,Unknown,Increasing,Budget,,,,False
9058,2024-03-16,36,255,62.94,True,Festival,Economic Indicator,Stable,Premium,,,,False
3304,2024-02-12,37,168,71.86,True,Holiday,Economic Indicator,Decreasing,Regular,,,,False
5062,2024-04-06,65,25,58.3,False,Holiday,Weather,Decreasing,Premium,,,,False
6613,2024-12-04,28,372,34.51,False,Festival,Unknown,Decreasing,Premium,,,,False
4264,2024-05-10,79,295,64.0,False,Festival,Economic Indicator,Increasing,Premium,,,,False
8457,2024-04-05,43,110,89.46,False,Unknown,Unknown,Decreasing,Budget,,,,False
2142,2024-01-06,48,265,46.39,True,Festival,Economic Indicator,Decreasing,Regular,,,,False
8687,2024-04-17,5,71,73.65,False,Unknown,Unknown,Increasing,Budget,,,,False
3380,2024-07-18,41,102,45.75,True,Festival,Weather,Stable,Premium,,,,False
3111,2024-12-21,25,350,52.76,True,Holiday,Weather,Decreasing,Premium,,,,False
5267,2024-03-30,6,217,89.17,False,Unknown,Economic Indicator,Stable,Regular,,,,False
5848,2024-01-12,60,289,71.92,False,Holiday,Competitor Pricing,Increasing,Premium,,,,False
7102,2024-09-11,74,472,12.64,False,Unknown,Competitor Pricing,Decreasing,Premium,,,,False
9587,2024-06-01,35,9,58.36,False,Unknown,Weather,Increasing,Regular,,,,False
3574,2024-11-19,25,470,37.66,False,Holiday,Competitor Pricing,Stable,Budget,,,,False
1049,2024-10-30,74,171,55.08,True,Unknown,Economic Indicator,Stable,Premium,,,,False
5314,2024-03-19,75,90,79.23,True,Unknown,Economic Indicator,Decreasing,Budget,,,,False
9010,2024-09-16,52,110,27.51,True,Festival,Competitor Pricing,Increasing,Regular,,,,False
5589,2024-03-20,11,374,25.32,True,Holiday,Unknown,Stable,Budget,,,,False
2328,2024-01-23,31,42,69.17,True,Festival,Economic Indicator,Decreasing,Regular,,,,False
1386,2024-04-28,85,29,31.66,False,Festival,Competitor Pricing,Decreasing,Budget,,,,False
7086,2024-08-08,31,259,78.04,True,Holiday,Unknown,Stable,Premium,,,,False
4858,2024-10-24,64,358,11.02,False,Holiday,Weather,Stable,Premium,,,,False
1507,2024-08-05,15,465,81.77,False,Unknown,Unknown,Increasing,Regular,,,,False
7756,2024-06-07,56,346,56.36,False,Holiday,Economic Indicator,Increasing,Premium,,,,False
5928,2024-08-12,76,4,52.59,True,Holiday,Economic Indicator,Increasing,Premium,,,,False
5062,2024-06-13,99,444,24.14,True,Holiday,Unknown,Increasing,Budget,,,,False
2384,2024-04-12,57,217,75.06,True,Holiday,Weather,Stable,Premium,,,,False
4455,2024-02-16,35,410,69.77,True,Unknown,Unknown,Increasing,Budget,,,,False
4324,2024-04-06,58,130,18.23,True,Unknown,Competitor Pricing,Decreasing,Premium,,,,False
7344,2024-01-26,50,119,7.79,False,Unknown,Competitor Pricing,Decreasing,Premium,,,,False
1404,2024-01-05,30,197,11.03,True,Festival,Unknown,Decreasing,Budget,,,,False
1936,2024-09-08,37,32,65.57,True,Holiday,Weather,Increasing,Premium,,,,False
1181,2024-04-12,32,18,38.42,False,Holiday,Competitor Pricing,Stable,Regular,,,,False
6915,2024-10-22,65,88,60.44,False,Festival,Weather,Stable,Budget,,,,False
5440,2024-05-16,74,470,88.68,False,Unknown,Weather,Stable,Budget,,,,False
2619,2024-07-28,61,487,10.92,True,Holiday,Unknown,Increasing,Budget,,,,False
9770,2024-07-04,78,22,36.3,True,Unknown,Unknown,Decreasing,Regular,,,,False
5170,2024-08-27,8,29,33.4,True,Unknown,Unknown,Decreasing,Premium,,,,False
1225,2024-12-30,78,423,52.84,True,Festival,Weather,Increasing,Budget,,,,False
6191,2024-04-08,99,268,83.5,True,Festival,Unknown,Increasing,Premium,,,,False
1445,2024-12-08,24,453,73.44,True,Festival,Unknown,Increasing,Budget,,,,False
6646,2024-10-26,69,69,34.77,False,Unknown,Competitor Pricing,Increasing,Premium,,,,False
1008,2024-07-19,87,300,26.55,True,Unknown,Economic Indicator,Decreasing,Regular,,,,False
4658,2024-06-19,96,14,38.09,False,Unknown,Economic Indicator,Increasing,Regular,,,,False
7371,2024-03-14,58,330,38.39,False,Festival,Economic Indicator,Increasing,Budget,,,,False
8704,2024-04-10,96,399,29.75,False,Holiday,Weather,Stable,Budget,,,,False
8615,2024-11-04,59,199,38.5,True,Holiday,Weather,Stable,Premium,,,,False
7294,2024-07-10,63,60,68.54,True,Holiday,Weather,Increasing,Regular,,,,False
5149,2024-08-15,82,185,82.28,False,Unknown,Economic Indicator,Increasing,Budget,,,,False
3470,2024-09-27,80,40,93.81,True,Festival,Economic Indicator,Stable,Premium,,,,False
1899,2024-08-06,22,235,11.48,False,Holiday,Competitor Pricing,Decreasing,Regular,,,,False
9113,2024-03-02,71,476,59.06,False,Holiday,Unknown,Decreasing,Budget,,,,False
2686,2024-02-16,45,105,35.4,True,Festival,Economic Indicator,Stable,Regular,,,,False
1459,2024-05-03,44,263,44.4,True,Holiday,Weather,Stable,Premium,,,,False
1685,2024-11-17,42,217,41.43,False,Unknown,Unknown,Decreasing,Regular,,,,False
2642,2024-08-04,30,425,42.99,True,Unknown,Economic Indicator,Decreasing,Budget,,,,False
1865,2024-05-09,33,465,88.3,True,Unknown,Competitor Pricing,Increasing,Premium,,,,False
4261,2024-03-23,61,15,80.35,True,Festival,Competitor Pricing,Stable,Regular,,,,False
5655,2024-07-15,98,493,77.09,True,Holiday,Unknown,Decreasing,Budget,,,,False
3007,2024-09-03,18,170,79.95,False,Festival,Unknown,Stable,Regular,,,,False
9828,2024-10-16,91,156,81.87,True,Unknown,Unknown,Stable,Budget,,,,False
4019,2024-06-10,54,396,21.62,False,Unknown,Weather,Decreasing,Regular,,,,False
4428,2024-04-27,91,223,94.35,True,Festival,Weather,Stable,Regular,,,,False
7273,2024-12-14,8,354,53.45,False,Unknown,Unknown,Stable,Premium,,,,False
1890,2024-01-22,36,65,37.24,True,Holiday,Economic Indicator,Increasing,Budget,,,,False
4274,2024-12-17,81,344,12.5,True,Unknown,Competitor Pricing,Decreasing,Budget,,,,False
5101,2024-12-26,34,160,74.48,True,Festival,Competitor Pricing,Increasing,Premium,,,,False
4266,2024-01-20,51,399,51.99,True,Festival,Economic Indicator,Stable,Premium,,,,False
6555,2024-11-05,82,199,7.82,True,Unknown,Economic Indicator,Stable,Regular,,,,False
8094,2024-10-15,42,3,41.5,False,Festival,Unknown,Increasing,Regular,,,,False
5247,2024-04-15,11,60,28.12,True,Holiday,Weather,Increasing,Budget,,,,False
2073,2024-05-26,23,361,63.48,False,Festival,Weather,Stable,Premium,,,,False
5902,2024-01-10,45,279,62.04,False,Unknown,Unknown,Stable,Premium,,,,False
9044,2024-04-11,2,53,69.49,False,Unknown,Competitor Pricing,Decreasing,Premium,,,,False
1439,2024-12-27,80,58,68.57,False,Holiday,Competitor Pricing,Decreasing,Regular,,,,False
9659,2024-02-14,81,314,89.28,True,Unknown,Weather,Stable,Budget,,,,False
3630,2024-04-20,76,396,49.04,False,Unknown,Competitor Pricing,Decreasing,Regular,,,,False
9166,2024-01-28,15,114,64.18,True,Holiday,Economic Indicator,Stable,Regular,,,,False
9695,2024-01-17,33,16,62.92,True,Festival,Weather,Decreasing,Budget,,,,False
6722,2024-09-20,36,183,18.82,True,Festival,Unknown,Stable,Premium,,,,False
1210,2024-08-19,25,278,80.04,True,Unknown,Unknown,Increasing,Premium,91.47,15.18,0.6,True
3439,2024-05-05,66,493,35.85,False,Holiday,Unknown,Decreasing,Budget,,,,False
2718,2024-01-25,17,273,35.27,True,Festival,Economic Indicator,Increasing,Regular,,,,False
4992,2024-03-29,67,436,76.35,True,Unknown,Competitor Pricing,Decreasing,Premium,,,,False
2295,2024-11-09,99,389,40.56,True,Unknown,Weather,Increasing,Regular,,,,False
9589,2024-04-25,84,461,14.53,False,Unknown,Competitor Pricing,Increasing,Budget,,,,False
2828,2024-03-09,49,198,83.23,False,Unknown,Weather,Decreasing,Regular,,,,False
1410,2024-08-19,72,384,69.57,True,Festival,Competitor Pricing,Increasing,Regular,,,,False
5371,2024-01-29,40,105,59.86,False,Unknown,Competitor Pricing,Decreasing,Premium,,,,False
1124,2024-03-22,23,24,93.39,True,Unknown,Economic Indicator,Increasing,Premium,,,,False
4410,2024-06-26,5,6,68.32,False,Festival,Unknown,Decreasing,Regular,,,,False
7918,2024-10-12,49,342,29.81,True,Holiday,Unknown,Increasing,Premium,,,,False
8699,2024-12-21,49,184,49.98,True,Holiday,Unknown,Increasing,Premium,,,,False
2076,2024-07-06,96,39,53.97,True,Unknown,Weather,Stable,Premium,,,,False
5372,2024-08-03,97,194,28.38,True,Holiday,Weather,Increasing,Regular,,,,False
5512,2024-03-27,4,1,22.4,False,Festival,Economic Indicator,Increasing,Premium,,,,False
7963,2024-07-02,1,167,34.86,False,Unknown,Competitor Pricing,Decreasing,Premium,,,,False
7834,2024-05-17,93,284,66.47,False,Festival,Unknown,Decreasing,Budget,,,,False
7644,2024-09-21,24,478,99.84,False,Unknown,Competitor Pricing,Decreasing,Budget,,,,False
6020,2024-06-19,55,92,73.14,True,Holiday,Economic Indicator,Stable,Regular,,,,False
7860,2024-10-26,43,168,28.56,True,Holiday,Economic Indicator,Increasing,Regular,,,,False
3972,2024-05-16,18,160,79.95,True,Holiday,Competitor Pricing,Decreasing,Budget,,,,False
8988,2024-10-08,94,338,46.31,True,Unknown,Weather,Decreasing,Premium,,,,False
7442,2024-11-17,27,170,98.44,True,Unknown,Weather,Stable,Regular,,,,False
5194,2024-01-31,82,26,26.98,False,Unknown,Economic Indicator,Stable,Premium,,,,False
8678,2024-01-29,89,388,80.45,True,Festival,Economic Indicator,Stable,Premium,,,,False
6366,2024-08-29,33,198,12.36,False,Unknown,Weather,Decreasing,Regular,,,,False
8990,2024-03-16,38,279,90.56,False,Holiday,Competitor Pricing,Increasing,Premium,,,,False
6146,2024-03-03,73,300,61.21,False,Holiday,Economic Indicator,Increasing,Budget,,,,False
5749,2024-05-29,73,324,27.36,False,Festival,Economic Indicator,Decreasing,Premium,,,,False
3931,2024-05-07,23,110,27.66,True,Festival,Competitor Pricing,Stable,Budget,,,,False
4491,2024-05-18,72,365,11.45,True,Festival,Competitor Pricing,Stable,Premium,,,,False
8766,2024-06-01,92,107,87.12,True,Festival,Competitor Pricing,Stable,Regular,,,,False
8404,2024-11-18,81,278,85.81,True,Holiday,Competitor Pricing,Decreasing,Budget,,,,False
1685,2024-11-07,62,151,24.21,False,Festival,Competitor Pricing,Stable,Budget,,,,False
3888,2024-03-09,26,386,44.29,False,Holiday,Economic Indicator,Stable,Premium,,,,False
2565,2024-09-13,4,54,79.79,False,Holiday,Weather,Stable,Budget,,,,False
4102,2024-06-17,85,455,97.89,True,Holiday,Competitor Pricing,Increasing,Regular,,,,False
1437,2024-11-03,94,5,96.6,True,Festival,Competitor Pricing,Increasing,Premium,,,,False
2360,2024-11-02,97,38,57.46,False,Unknown,Competitor Pricing,Stable,Regular,,,,False
5710,2024-10-06,53,196,65.27,False,Festival,Unknown,Increasing,Budget,,,,False
7295,2024-05-14,55,187,8.87,True,Unknown,Unknown,Increasing,Regular,,,,False
2487,2024-05-30,56,283,67.06,False,Festival,Weather,Increasing,Premium,,,,False
9016,2024-10-14,70,294,83.67,False,Holiday,Unknown,Decreasing,Regular,,,,False
4626,2024-12-24,1,116,95.89,False,Unknown,Unknown,Increasing,Regular,,,,False
2606,2024-03-06,22,58,80.98,True,Festival,Unknown,Decreasing,Budget,,,,False
8908,2024-01-12,17,374,15.28,True,Holiday,Weather,Decreasing,Budget,,,,False
6611,2024-08-18,1,5,83.75,False,Holiday,Unknown,Decreasing,Regular,,,,False
5973,2024-12-09,12,91,89.27,True,Festival,Economic Indicator,Decreasing,Premium,97.67,58.46,2.23,True
6575,2024-04-22,47,165,53.33,False,Festival,Weather,Increasing,Regular,,,,False
6721,2024-10-17,79,25,53.2,True,Unknown,Weather,Increasing,Regular,,,,False
6839,2024-07-16,74,445,89.03,True,Festival,Weather,Stable,Premium,,,,False
5951,2024-05-20,29,296,29.42,False,Unknown,Unknown,Stable,Regular,,,,False
3880,2024-02-01,31,192,73.55,True,Unknown,Unknown,Stable,Premium,,,,False
7888,2024-11-15,71,63,42.82,True,Holiday,Weather,Increasing,Premium,,,,False
5490,2024-12-18,53,352,79.86,True,Unknown,Economic Indicator,Stable,Budget,93.0,12.37,1.4,True
9727,2024-02-28,55,48,23.15,True,Holiday,Economic Indicator,Decreasing,Budget,,,,False
8209,2024-05-25,17,87,75.18,True,Unknown,Unknown,Increasing,Budget,,,,False
8763,2024-11-28,53,95,39.78,False,Festival,Economic Indicator,Decreasing,Regular,,,,False
6218,2024-07-25,28,326,18.25,False,Festival,Weather,Decreasing,Premium,,,,False
3937,2024-04-15,55,208,26.77,False,Festival,Unknown,Decreasing,Budget,,,,False
2934,2024-09-23,86,440,85.65,False,Holiday,Competitor Pricing,Decreasing,Premium,,,,False
8408,2024-04-06,33,101,54.04,False,Unknown,Weather,Stable,Premium,,,,False
4887,2024-04-30,19,150,18.04,True,Festival,Unknown,Increasing,Regular,,,,False
3759,2024-08-31,56,325,41.56,False,Unknown,Economic Indicator,Stable,Budget,,,,False
6588,2024-03-28,27,126,91.56,False,Holiday,Unknown,Decreasing,Budget,,,,False
4268,2024-07-20,77,455,39.72,False,Festival,Competitor Pricing,Decreasing,Regular,,,,False
9232,2024-09-26,77,22,53.51,True,Unknown,Economic Indicator,Increasing,Budget,,,,False
4731,2024-03-09,94,418,11.93,False,Unknown,Economic Indicator,Increasing,Regular,,,,False
8093,2024-11-24,35,89,10.28,True,Holiday,Economic Indicator,Stable,Budget,,,,False
8382,2024-10-12,81,403,97.16,False,Unknown,Competitor Pricing,Decreasing,Budget,,,,False
4484,2024-02-07,31,465,41.73,True,Festival,Unknown,Stable,Premium,,,,False
8263,2024-07-05,57,465,45.58,False,Festival,Economic Indicator,Decreasing,Budget,,,,False
5517,2024-06-02,94,352,74.1,False,Holiday,Unknown,Decreasing,Budget,,,,False
8998,2024-07-13,18,421,94.98,True,Unknown,Economic Indicator,Increasing,Budget,,,,False
7857,2024-07-23,55,447,68.55,True,Holiday,Weather,Decreasing,Premium,,,,False
8642,2024-06-26,67,165,54.0,False,Unknown,Weather,Decreasing,Budget,,,,False
2943,2024-06-02,96,151,84.48,False,Holiday,Economic Indicator,Decreasing,Budget,,,,False
9384,2024-10-25,31,313,28.68,False,Festival,Competitor Pricing,Stable,Regular,,,,False
9208,2024-12-30,55,357,41.89,True,Holiday,Economic Indicator,Stable,Premium,,,,False
8174,2024-12-11,75,54,75.35,True,Unknown,Competitor Pricing,Increasing,Regular,,,,False
7223,2024-05-06,57,414,79.78,True,Holiday,Unknown,Stable,Budget,,,,False
7016,2024-06-21,76,455,83.09,True,Festival,Competitor Pricing,Decreasing,Regular,,,,False
9528,2024-12-07,12,101,68.27,True,Unknown,Economic Indicator,Increasing,Premium,,,,False
9429,2024-08-18,12,16,77.2,True,Holiday,Weather,Increasing,Regular,,,,False
8121,2024-04-21,50,424,64.15,False,Unknown,Competitor Pricing,Stable,Premium,,,,False
3217,2024-12-15,34,187,26.6,True,Festival,Competitor Pricing,Stable,Budget,,,,False
3271,2024-09-02,9,480,9.12,True,Holiday,Competitor Pricing,Increasing,Budget,,,,False
9172,2024-01-05,37,124,8.03,True,Festival,Weather,Decreasing,Budget,,,,False
5955,2024-09-23,22,231,47.34,False,Holiday,Competitor Pricing,Increasing,Regular,,,,False
5524,2024-02-27,92,286,27.1,True,Unknown,Weather,Increasing,Premium,,,,False
6428,2024-03-26,96,38,71.63,False,Unknown,Unknown,Increasing,Premium,,,,False
1593,2024-08-12,85,466,51.58,True,Holiday,Competitor Pricing,Decreasing,Premium,,,,False
1882,2024-01-20,93,420,96.1,True,Holiday,Weather,Decreasing,Budget,,,,False
9015,2024-06-23,31,401,61.17,True,Holiday,Competitor Pricing,Stable,Premium,,,,False
2682,2024-08-14,6,306,33.3,False,Festival,Economic Indicator,Increasing,Budget,,,,False
7253,2024-10-23,51,278,83.96,False,Holiday,Unknown,Stable,Regular,,,,False
7845,2024-05-16,12,251,52.13,True,Festival,Unknown,Stable,Budget,,,,False
9183,2024-01-02,50,358,25.49,True,Holiday,Competitor Pricing,Stable,Budget,,,,False
7491,2024-02-04,70,5,29.91,True,Holiday,Weather,Decreasing,Regular,,,,False
2450,2024-07-02,18,480,35.02,True,Holiday,Competitor Pricing,Increasing,Regular,,,,False
7948,2024-03-28,43,75,19.69,True,Holiday,Unknown,Stable,Regular,,,,False
1270,2024-11-25,85,23,38.83,True,Unknown,Competitor Pricing,Decreasing,Budget,,,,False
5350,2024-11-11,28,441,23.22,True,Festival,Economic Indicator,Decreasing,Regular,,,,False
2613,2024-10-10,38,377,96.09,True,Holiday,Competitor Pricing,Decreasing,Budget,5.3,33.38,1.46,True
7204,2024-09-29,10,394,58.7,False,Unknown,Unknown,Increasing,Budget,,,,False
7801,2024-02-05,44,392,90.13,False,Holiday,Economic Indicator,Decreasing,Budget,,,,False
9862,2024-09-12,44,343,86.59,False,Festival,Unknown,Decreasing,Premium,,,,False
5454,2024-06-07,33,368,34.77,False,Unknown,Economic Indicator,Increasing,Budget,,,,False
2927,2024-12-19,29,343,46.98,True,Holiday,Weather,Stable,Regular,,,,False
6455,2024-05-23,45,197,68.79,True,Holiday,Unknown,Increasing,Premium,,,,False
6330,2024-07-24,30,403,26.12,True,Unknown,Unknown,Decreasing,Premium,,,,False
9561,2024-04-03,65,367,87.04,False,Holiday,Economic Indicator,Increasing,Premium,,,,False
4205,2024-12-07,3,445,10.81,False,Holiday,Unknown,Stable,Regular,,,,False
5999,2024-04-02,97,376,48.75,True,Unknown,Competitor Pricing,Stable,Regular,,,,False
4596,2024-04-18,53,94,47.78,False,Unknown,Competitor Pricing,Stable,Premium,,,,False
7874,2024-02-26,43,101,75.62,True,Unknown,Unknown,Increasing,Premium,,,,False
1019,2024-08-23,51,274,8.87,False,Holiday,Unknown,Decreasing,Premium,,,,False
8698,2024-08-02,83,25,44.16,False,Festival,Economic Indicator,Increasing,Budget,,,,False
7099,2024-04-26,44,251,13.96,False,Unknown,Unknown,Decreasing,Premium,,,,False
6021,2024-09-08,20,363,86.98,True,Festival,Weather,Stable,Premium,,,,False
4636,2024-11-27,59,38,45.16,True,Unknown,Weather,Decreasing,Regular,,,,False
1282,2024-01-18,78,178,8.65,False,Festival,Competitor Pricing,Decreasing,Premium,,,,False
7748,2024-10-26,32,261,80.39,True,Holiday,Weather,Decreasing,Premium,,,,False
4994,2024-12-14,77,53,10.97,False,Unknown,Unknown,Decreasing,Budget,,,,False
8934,2024-04-23,50,25,69.86,False,Holiday,Weather,Decreasing,Regular,,,,False
7637,2024-01-19,98,480,78.0,True,Holiday,Economic Indicator,Stable,Regular,,,,False
1292,2024-04-16,83,459,96.73,False,Unknown,Weather,Increasing,Budget,,,,False
5102,2024-03-14,49,57,74.08,True,Holiday,Competitor Pricing,Stable,Premium,,,,False
9164,2024-03-24,73,169,52.18,False,Festival,Economic Indicator,Decreasing,Regular,,,,False
3305,2024-05-09,47,405,80.38,False,Holiday,Unknown,Increasing,Regular,,,,False
7688,2024-11-22,89,55,22.07,False,Holiday,Unknown,Increasing,Premium,,,,False
7743,2024-06-05,76,484,11.04,False,Holiday,Weather,Stable,Budget,,,,False
7121,2024-01-27,13,428,75.23,False,Unknown,Weather,Decreasing,Budget,,,,False
8985,2024-01-20,78,143,37.81,False,Festival,Economic Indicator,Stable,Regular,,,,False
5626,2024-10-17,59,442,51.19,True,Festival,Weather,Stable,Budget,,,,False
7574,2024-03-22,90,370,5.72,True,Festival,Unknown,Decreasing,Premium,,,,False
6885,2024-04-27,25,46,70.01,True,Festival,Economic Indicator,Stable,Premium,,,,False
5845,2024-10-09,83,299,64.31,True,Festival,Weather,Decreasing,Budget,,,,False
3326,2024-09-27,39,80,70.66,False,Holiday,Unknown,Increasing,Regular,,,,False
9105,2024-01-28,69,429,8.31,True,Holiday,Competitor Pricing,Decreasing,Regular,,,,False
9740,2024-02-12,87,49,55.3,True,Festival,Competitor Pricing,Increasing,Regular,,,,False
5518,2024-10-08,81,201,39.29,True,Holiday,Weather,Increasing,Premium,,,,False
7354,2024-08-07,49,13,41.1,True,Festival,Competitor Pricing,Stable,Premium,,,,False
1262,2024-12-20,98,4,87.47,False,Unknown,Weather,Decreasing,Premium,,,,False
7663,2024-03-10,51,123,94.95,True,Holiday,Unknown,Decreasing,Budget,,,,False
9254,2024-03-14,81,425,83.38,False,Holiday,Competitor Pricing,Increasing,Regular,,,,False
4650,2024-06-22,32,393,59.54,True,Festival,Weather,Stable,Budget,,,,False
9155,2024-10-24,34,372,78.12,False,Festival,Weather,Decreasing,Budget,,,,False
8991,2024-07-23,9,66,93.98,False,Holiday,Economic Indicator,Stable,Regular,,,,False
5151,2024-03-15,23,138,36.69,False,Festival,Economic Indicator,Decreasing,Premium,,,,False
5434,2024-09-21,44,332,84.06,False,Holiday,Unknown,Stable,Regular,,,,False
9515,2024-11-10,24,397,23.49,True,Festival,Weather,Decreasing,Regular,,,,False
9482,2024-07-20,56,412,14.9,True,Unknown,Weather,Increasing,Regular,,,,False
4433,2024-10-14,19,247,76.99,True,Unknown,Economic Indicator,Increasing,Budget,,,,False
2927,2024-09-25,40,460,60.32,True,Holiday,Unknown,Stable,Regular,,,,False
2696,2024-04-12,13,361,45.54,True,Unknown,Weather,Increasing,Budget,,,,False
7215,2024-07-20,86,305,91.99,True,Festival,Unknown,Stable,Premium,,,,False
8132,2024-04-21,38,127,34.03,False,Holiday,Unknown,Stable,Budget,,,,False
9576,2024-12-08,43,287,70.01,False,Holiday,Unknown,Stable,Premium,,,,False
3481,2024-09-30,96,342,40.72,True,Holiday,Economic Indicator,Stable,Premium,,,,False
4076,2024-03-12,32,260,53.07,True,Unknown,Unknown,Decreasing,Regular,,,,False
4665,2024-05-20,75,81,99.35,True,Unknown,Weather,Decreasing,Regular,,,,False
9220,2024-12-10,76,272,61.55,False,Festival,Economic Indicator,Decreasing,Regular,,,,False
6931,2024-05-24,75,90,77.22,True,Holiday,Competitor Pricing,Stable,Premium,,,,False
6272,2024-11-13,59,242,98.0,True,Holiday,Competitor Pricing,Increasing,Premium,,,,False
7063,2024-05-30,83,320,80.97,False,Unknown,Economic Indicator,Increasing,Budget,,,,False
6437,2024-11-16,62,34,11.63,False,Unknown,Unknown,Decreasing,Budget,,,,False
3604,2024-03-12,88,397,86.65,False,Holiday,Competitor Pricing,Increasing,Premium,,,,False
6281,2024-06-12,95,343,91.33,True,Festival,Economic Indicator,Increasing,Regular,,,,False
5002,2024-01-10,85,209,46.06,True,Unknown,Weather,Decreasing,Premium,,,,False
7778,2024-07-02,66,370,5.7,True,Holiday,Economic Indicator,Decreasing,Regular,,,,False
1529,2024-04-10,32,210,78.25,False,Holiday,Unknown,Decreasing,Budget,,,,False
7627,2024-02-14,61,471,29.43,False,Unknown,Economic Indicator,Increasing,Regular,,,,False
6823,2024-09-19,91,391,17.43,True,Unknown,Competitor Pricing,Decreasing,Premium,,,,False
5741,2024-08-01,24,470,72.3,False,Holiday,Unknown,Increasing,Premium,,,,False
6671,2024-11-07,11,271,56.99,False,Festival,Economic Indicator,Increasing,Regular,,,,False
4666,2024-01-05,23,254,64.72,False,Holiday,Competitor Pricing,Stable,Premium,,,,False
1080,2024-04-23,44,381,61.62,False,Festival,Weather,Stable,Budget,,,,False
7977,2024-08-01,98,484,22.54,False,Unknown,Unknown,Increasing,Premium,,,,False
7724,2024-03-20,42,62,48.98,True,Holiday,Unknown,Stable,Premium,,,,False
5033,2024-09-24,57,151,84.38,False,Holiday,Competitor Pricing,Stable,Budget,,,,False
4805,2024-04-22,47,126,58.67,True,Holiday,Weather,Increasing,Regular,,,,False
3317,2024-02-08,70,406,39.11,True,Festival,Weather,Increasing,Premium,,,,False
9752,2024-04-19,36,241,77.14,False,Unknown,Unknown,Decreasing,Budget,,,,False
5825,2024-12-06,65,462,33.11,True,Holiday,Economic Indicator,Stable,Budget,,,,False
2314,2024-05-20,87,84,19.89,True,Holiday,Competitor Pricing,Stable,Premium,50.74,41.95,2.3,True
2902,2024-10-03,51,45,71.24,False,Festival,Unknown,Increasing,Regular,,,,False
8538,2024-03-31,28,185,27.31,True,Unknown,Economic Indicator,Stable,Premium,,,,False
6759,2024-02-03,88,38,46.65,False,Unknown,Unknown,Decreasing,Premium,,,,False
7760,2024-02-29,76,219,28.57,False,Festival,Weather,Decreasing,Budget,,,,False
5246,2024-01-05,62,307,36.24,True,Unknown,Weather,Decreasing,Budget,,,,False
8257,2024-09-22,16,41,28.75,True,Festival,Weather,Increasing,Regular,,,,False
2633,2024-05-12,1,243,65.85,True,Unknown,Unknown,Decreasing,Premium,,,,False
9052,2024-04-20,85,210,44.65,True,Holiday,Weather,Stable,Budget,,,,False
5718,2024-07-24,38,121,59.39,True,Festival,Economic Indicator,Stable,Premium,,,,False
3211,2024-10-08,32,287,40.02,True,Holiday,Unknown,Decreasing,Premium,,,,False
3777,2024-09-16,40,160,42.49,True,Festival,Competitor Pricing,Decreasing,Premium,,,,False
6211,2024-06-25,40,454,20.19,False,Unknown,Weather,Stable,Budget,,,,False
5067,2024-10-24,49,98,97.81,False,Unknown,Weather,Stable,Budget,,,,False
9684,2024-03-05,3,458,98.96,True,Unknown,Competitor Pricing,Increasing,Regular,,,,False
5577,2024-12-03,19,490,44.83,True,Unknown,Competitor Pricing,Stable,Budget,,,,False
1815,2024-05-28,75,406,83.56,True,Festival,Unknown,Stable,Regular,,,,False
8439,2024-05-23,16,15,10.3,False,Festival,Unknown,Stable,Regular,,,,False
7259,2024-09-04,6,365,60.09,True,Holiday,Unknown,Stable,Premium,,,,False
6667,2024-09-11,73,83,14.83,True,Festival,Unknown,Increasing,Premium,,,,False
2912,2024-10-13,40,89,77.87,True,Festival,Weather,Stable,Premium,,,,False
8728,2024-03-06,45,295,63.42,False,Unknown,Competitor Pricing,Increasing,Regular,,,,False
1200,2024-06-11,89,284,31.36,False,Festival,Competitor Pricing,Stable,Premium,,,,False
2058,2024-08-21,44,60,45.41,False,Unknown,Unknown,Stable,Budget,,,,False
4147,2024-04-08,7,374,35.48,True,Holiday,Competitor Pricing,Stable,Regular,,,,False
3339,2024-10-13,89,275,27.99,True,Unknown,Unknown,Stable,Budget,,,,False
5307,2024-11-21,87,340,91.9,False,Holiday,Economic Indicator,Stable,Budget,,,,False
1251,2024-01-20,2,75,94.47,False,Holiday,Unknown,Increasing,Premium,,,,False
4841,2024-04-28,74,261,45.09,True,Holiday,Unknown,Increasing,Budget,,,,False
5972,2024-04-02,95,55,36.88,True,Festival,Competitor Pricing,Decreasing,Regular,,,,False
4723,2024-03-26,42,233,47.75,False,Holiday,Economic Indicator,Stable,Premium,,,,False
6932,2024-08-04,83,183,11.62,False,Holiday,Competitor Pricing,Increasing,Regular,,,,False
1282,2024-08-22,28,279,19.77,True,Unknown,Unknown,Stable,Premium,,,,False
7932,2024-05-20,67,384,61.2,False,Festival,Competitor Pricing,Stable,Regular,,,,False
2363,2024-12-29,44,414,64.5,False,Unknown,Unknown,Increasing,Regular,,,,False
7006,2024-08-10,88,74,44.27,True,Unknown,Unknown,Increasing,Premium,,,,False
9462,2024-10-06,66,200,55.16,True,Festival,Weather,Stable,Budget,,,,False
3908,2024-10-01,21,18,99.94,False,Festival,Unknown,Stable,Regular,,,,False
8140,2024-07-10,18,236,81.59,True,Unknown,Weather,Decreasing,Regular,,,,False
9945,2024-05-25,40,100,48.25,True,Unknown,Weather,Increasing,Budget,,,,False
8280,2024-05-20,90,274,71.86,False,Unknown,Economic Indicator,Increasing,Regular,,,,False
5254,2024-02-09,52,170,40.55,True,Unknown,Competitor Pricing,Decreasing,Regular,,,,False
4786,2024-06-04,87,397,43.44,False,Holiday,Competitor Pricing,Stable,Regular,,,,False
8855,2024-10-19,65,484,74.89,True,Unknown,Economic Indicator,Increasing,Regular,,,,False
9601,2024-07-31,62,164,7.43,False,Unknown,Weather,Stable,Budget,,,,False
6090,2024-06-30,65,228,74.61,False,Unknown,Economic Indicator,Stable,Regular,,,,False
5739,2024-11-15,98,187,70.12,False,Festival,Economic Indicator,Increasing,Premium,,,,False
7869,2024-04-10,32,190,29.27,False,Holiday,Weather,Decreasing,Regular,,,,False
1891,2024-01-30,1,327,44.31,False,Festival,Unknown,Increasing,Regular,,,,False
6832,2024-12-24,30,304,91.7,True,Unknown,Weather,Decreasing,Premium,,,,False
9525,2024-04-15,57,109,70.89,True,Unknown,Economic Indicator,Decreasing,Premium,,,,False
7020,2024-09-02,1,375,96.54,True,Festival,Unknown,Decreasing,Budget,,,,False
7509,2024-08-03,15,339,68.47,True,Festival,Unknown,Increasing,Regular,,,,False
8673,2024-09-01,24,248,28.9,False,Festival,Competitor Pricing,Stable,Regular,,,,False
4915,2024-09-05,36,427,87.24,True,Holiday,Economic Indicator,Stable,Budget,,,,False
1611,2024-12-05,64,170,37.45,True,Holiday,Unknown,Stable,Regular,,,,False
2031,2024-11-12,20,64,67.92,False,Holiday,Competitor Pricing,Stable,Budget,,,,False
2236,2024-07-29,15,370,54.7,False,Holiday,Competitor Pricing,Increasing,Regular,,,,False
7898,2024-04-21,91,243,38.56,True,Festival,Economic Indicator,Decreasing,Regular,,,,False
8696,2024-07-18,39,280,38.83,False,Holiday,Weather,Decreasing,Premium,,,,False
7301,2024-08-13,8,308,66.38,True,Holiday,Weather,Increasing,Regular,,,,False
9610,2024-02-11,39,74,8.08,False,Holiday,Competitor Pricing,Stable,Regular,,,,False
3865,2024-09-04,6,284,15.53,False,Holiday,Competitor Pricing,Increasing,Regular,,,,False
5477,2024-11-15,21,46,54.06,True,Festival,Economic Indicator,Stable,Budget,,,,False
2405,2024-04-02,22,453,31.29,True,Unknown,Economic Indicator,Decreasing,Regular,,,,False
5732,2024-07-06,22,482,41.98,False,Holiday,Economic Indicator,Stable,Premium,,,,False
6491,2024-02-22,15,225,58.98,False,Holiday,Economic Indicator,Decreasing,Regular,,,,False
1616,2024-10-18,20,101,84.04,False,Festival,Unknown,Increasing,Budget,,,,False
2333,2024-11-06,23,271,66.74,True,Holiday,Weather,Increasing,Regular,,,,False
2158,2024-05-18,11,151,92.24,False,Unknown,Economic Indicator,Stable,Premium,,,,False
7006,2024-06-11,77,138,36.04,True,Unknown,Economic Indicator,Increasing,Regular,,,,False
6465,2024-07-29,66,272,48.76,False,Unknown,Weather,Decreasing,Premium,,,,False
9302,2024-07-11,73,473,16.22,False,Unknown,Economic Indicator,Decreasing,Regular,,,,False
5072,2024-09-12,15,25,40.7,False,Holiday,Competitor Pricing,Increasing,Budget,,,,False
6981,2024-08-25,1,52,43.5,True,Holiday,Competitor Pricing,Stable,Regular,,,,False
7229,2024-06-08,16,444,29.18,False,Festival,Unknown,Stable,Budget,,,,False
5898,2024-04-01,62,434,68.21,False,Unknown,Weather,Increasing,Regular,,,,False
1878,2024-12-11,37,58,30.18,False,Unknown,Competitor Pricing,Decreasing,Regular,,,,False
1380,2024-10-21,42,156,89.21,False,Unknown,Weather,Decreasing,Premium,,,,False
1112,2024-05-24,4,151,8.31,True,Holiday,Weather,Increasing,Budget,,,,False
7219,2024-08-25,23,257,74.5,False,Holiday,Economic Indicator,Decreasing,Regular,,,,False
9222,2024-08-17,10,406,27.1,True,Holiday,Weather,Increasing,Regular,,,,False
4012,2024-02-11,95,321,79.98,False,Festival,Unknown,Increasing,Regular,18.44,13.05,2.25,True
8320,2024-11-28,93,149,14.66,True,Holiday,Competitor Pricing,Decreasing,Regular,,,,False
9882,2024-05-18,84,467,82.0,True,Holiday,Economic Indicator,Increasing,Budget,,,,False
6115,2024-11-17,30,201,39.81,True,Holiday,Economic Indicator,Increasing,Regular,,,,False
2796,2024-07-13,80,211,15.78,False,Unknown,Competitor Pricing,Stable,Premium,,,,False
9567,2024-04-10,66,436,72.33,True,Festival,Economic Indicator,Increasing,Regular,,,,False
4558,2024-01-18,36,283,18.91,True,Unknown,Competitor Pricing,Increasing,Regular,,,,False
4497,2024-06-30,82,353,37.18,True,Festival,Competitor Pricing,Increasing,Budget,,,,False
2822,2024-08-02,16,453,27.27,True,Festival,Economic Indicator,Stable,Premium,,,,False
1957,2024-12-29,59,107,39.2,False,Holiday,Economic Indicator,Decreasing,Premium,,,,False
2998,2024-11-04,92,348,75.28,True,Unknown,Unknown,Increasing,Budget,,,,False
8621,2024-08-29,5,116,94.11,False,Holiday,Competitor Pricing,Decreasing,Regular,,,,False
1949,2024-10-10,18,331,73.56,True,Festival,Competitor Pricing,Increasing,Premium,,,,False
6966,2024-03-14,56,8,41.63,True,Holiday,Competitor Pricing,Increasing,Budget,,,,False
3040,2024-02-28,29,94,68.1,True,Festival,Weather,Increasing,Budget,,,,False
1253,2024-10-04,43,155,63.18,False,Holiday,Competitor Pricing,Decreasing,Budget,,,,False
1099,2024-11-09,81,148,34.85,True,Festival,Economic Indicator,Decreasing,Premium,,,,False
4373,2024-07-11,82,213,8.93,True,Unknown,Weather,Decreasing,Budget,,,,False
6888,2024-09-04,43,315,29.09,True,Unknown,Competitor Pricing,Stable,Premium,,,,False
5654,2024-12-02,40,33,18.12,True,Holiday,Weather,Decreasing,Budget,,,,False
7443,2024-11-08,96,476,47.31,False,Festival,Weather,Decreasing,Regular,,,,False
9518,2024-07-16,35,269,18.39,True,Unknown,Economic Indicator,Increasing,Budget,,,,False
3031,2024-07-07,5,138,88.82,False,Festival,Economic Indicator,Decreasing,Regular,,,,False
8409,2024-01-04,40,173,41.01,False,Unknown,Economic Indicator,Increasing,Premium,,,,False
3221,2024-12-07,68,364,9.7,False,Holiday,Weather,Stable,Budget,,,,False
6717,2024-08-18,19,290,72.95,True,Unknown,Unknown,Increasing,Budget,,,,False
9318,2024-05-30,32,353,54.51,True,Holiday,Unknown,Stable,Budget,,,,False
6074,2024-03-16,63,309,67.04,True,Holiday,Competitor Pricing,Decreasing,Premium,,,,False
5997,2024-10-01,75,150,43.62,False,Holiday,Competitor Pricing,Increasing,Regular,,,,False
9809,2024-08-03,76,329,55.81,True,Festival,Weather,Increasing,Budget,,,,False
7365,2024-04-02,52,216,23.92,True,Holiday,Weather,Increasing,Regular,,,,False
3521,2024-03-05,37,176,18.67,False,Festival,Economic Indicator,Increasing,Regular,,,,False
6949,2024-08-08,2,319,49.66,False,Festival,Weather,Increasing,Premium,,,,False
6118,2024-11-20,57,133,76.39,False,Festival,Economic Indicator,Decreasing,Budget,,,,False
8683,2024-01-31,10,41,44.47,False,Festival,Competitor Pricing,Increasing,Regular,,,,False
8019,2024-08-10,1,456,82.72,False,Unknown,Economic Indicator,Stable,Budget,,,,False
5949,2024-08-08,49,276,73.75,False,Unknown,Economic Indicator,Decreasing,Budget,,,,False
1821,2024-03-24,98,104,85.45,True,Festival,Economic Indicator,Increasing,Premium,,,,False
4390,2024-07-08,13,474,76.09,False,Holiday,Unknown,Increasing,Budget,,,,False
7461,2024-07-04,31,399,33.08,True,Unknown,Unknown,Stable,Premium,,,,False
1096,2024-09-26,93,201,58.78,False,Festival,Competitor Pricing,Stable,Budget,,,,False
6113,2024-08-30,97,228,58.48,True,Unknown,Economic Indicator,Stable,Premium,,,,False
9798,2024-10-27,94,425,22.28,True,Festival,Weather,Decreasing,Premium,,,,False
4992,2024-09-13,15,108,12.03,True,Festival,Weather,Decreasing,Premium,,,,False
2264,2024-02-04,41,287,19.55,True,Holiday,Competitor Pricing,Decreasing,Premium,,,,False
5380,2024-08-24,45,177,29.71,False,Holiday,Competitor Pricing,Decreasing,Premium,,,,False
2289,2024-09-10,47,253,81.98,False,Unknown,Economic Indicator,Stable,Regular,,,,False
6692,2024-10-16,62,225,17.15,False,Festival,Economic Indicator,Stable,Premium,,,,False
3020,2024-04-22,13,30,97.2,False,Unknown,Unknown,Increasing,Premium,,,,False
6494,2024-05-21,2,152,45.06,True,Holiday,Weather,Decreasing,Regular,,,,False
5958,2024-01-19,18,264,55.87,True,Holiday,Economic Indicator,Stable,Budget,,,,False
9612,2024-09-27,63,367,46.78,False,Unknown,Economic Indicator,Decreasing,Budget,,,,False
5828,2024-06-06,56,148,96.72,True,Unknown,Unknown,Stable,Regular,,,,False
2767,2024-06-11,91,247,55.82,True,Unknown,Weather,Decreasing,Premium,,,,False
3111,2024-12-10,81,276,59.49,True,Festival,Competitor Pricing,Increasing,Premium,,,,False
5036,2024-09-03,52,352,54.73,False,Festival,Economic Indicator,Stable,Budget,,,,False
5616,2024-07-14,76,447,93.91,False,Unknown,Unknown,Increasing,Budget,,,,False
8749,2024-06-25,48,379,22.3,True,Unknown,Weather,Decreasing,Budget,,,,False
2654,2024-09-11,44,357,79.44,False,Festival,Competitor Pricing,Increasing,Premium,,,,False
5368,2024-01-25,26,390,73.58,True,Unknown,Economic Indicator,Increasing,Regular,,,,False
4057,2024-01-12,45,4,95.82,True,Festival,Unknown,Stable,Budget,,,,False
5700,2024-07-25,55,222,32.77,False,Holiday,Unknown,Increasing,Premium,,,,False
6738,2024-10-23,1,141,17.04,True,Festival,Economic Indicator,Decreasing,Premium,,,,False
3103,2024-03-09,66,306,70.26,True,Unknown,Unknown,Decreasing,Regular,,,,False
9022,2024-05-21,70,177,32.25,False,Festival,Competitor Pricing,Increasing,Regular,,,,False
8334,2024-05-16,82,195,59.59,False,Unknown,Unknown,Stable,Budget,,,,False
5182,2024-05-05,94,404,90.95,False,Holiday,Weather,Increasing,Premium,,,,False
7195,2024-12-23,60,68,5.41,True,Holiday,Weather,Stable,Regular,,,,False
2910,2024-08-13,11,205,15.22,False,Festival,Weather,Decreasing,Premium,,,,False
9041,2024-04-29,47,280,62.12,True,Festival,Weather,Stable,Regular,,,,False
7863,2024-10-19,28,200,33.23,False,Holiday,Weather,Stable,Premium,,,,False
7165,2024-10-25,66,396,29.79,True,Unknown,Weather,Decreasing,Regular,,,,False
7036,2024-07-19,6,269,10.11,True,Unknown,Economic Indicator,Increasing,Budget,,,,False
3405,2024-12-16,93,191,75.81,True,Holiday,Competitor Pricing,Stable,Premium,,,,False
4484,2024-09-20,73,114,52.98,False,Festival,Weather,Decreasing,Budget,,,,False
2361,2024-09-30,45,34,30.04,False,Unknown,Economic Indicator,Increasing,Budget,,,,False
7190,2024-09-19,35,103,78.44,True,Holiday,Competitor Pricing,Decreasing,Premium,,,,False
9702,2024-02-13,30,484,75.18,False,Holiday,Unknown,Stable,Budget,,,,False
2352,2024-08-22,8,127,82.79,False,Holiday,Economic Indicator,Stable,Budget,,,,False
2785,2024-04-23,84,285,77.04,False,Festival,Economic Indicator,Decreasing,Regular,,,,False
4164,2024-04-27,27,451,11.48,True,Unknown,Economic Indicator,Decreasing,Regular,,,,False
9584,2024-06-06,34,101,12.8,True,Unknown,Economic Indicator,Decreasing,Regular,,,,False
2459,2024-12-12,83,369,97.93,False,Holiday,Unknown,Decreasing,Regular,,,,False
2778,2024-12-13,29,419,87.02,True,Holiday,Unknown,Increasing,Regular,,,,False
3068,2024-02-06,19,425,46.56,False,Holiday,Unknown,Increasing,Regular,,,,False
4669,2024-04-19,88,393,34.83,False,Holiday,Competitor Pricing,Increasing,Regular,,,,False
4152,2024-11-30,39,79,90.98,False,Unknown,Weather,Increasing,Premium,,,,False
6617,2024-12-29,16,461,46.09,False,Festival,Weather,Increasing,Regular,,,,False
4031,2024-11-21,47,36,5.49,False,Holiday,Competitor Pricing,Stable,Regular,,,,False
7715,2024-02-28,95,205,22.7,False,Unknown,Unknown,Stable,Budget,,,,False
6180,2024-05-20,36,91,18.06,False,Holiday,Weather,Increasing,Regular,,,,False
2222,2024-09-12,61,395,44.76,True,Festival,Weather,Decreasing,Premium,,,,False
3878,2024-05-28,79,481,34.12,False,Holiday,Weather,Stable,Regular,,,,False
3394,2024-05-08,13,271,19.19,False,Holiday,Unknown,Stable,Regular,,,,False
5494,2024-07-05,22,126,7.66,True,Holiday,Unknown,Increasing,Budget,,,,False
3984,2024-04-08,46,207,31.58,False,Holiday,Weather,Decreasing,Budget,,,,False
6116,2024-04-21,41,116,5.67,False,Holiday,Weather,Increasing,Premium,,,,False
9194,2024-01-19,39,149,49.09,True,Holiday,Competitor Pricing,Increasing,Regular,,,,False
8051,2024-03-10,71,362,80.32,True,Holiday,Weather,Increasing,Regular,,,,False
6959,2024-05-22,5,455,22.94,True,Unknown,Unknown,Decreasing,Regular,,,,False
6888,2024-02-20,15,284,76.07,False,Festival,Competitor Pricing,Increasing,Premium,,,,False
4674,2024-04-26,25,365,25.23,False,Unknown,Economic Indicator,Decreasing,Regular,,,,False
6112,2024-09-11,97,117,59.72,False,Holiday,Weather,Stable,Premium,,,,False
4813,2024-08-26,49,440,63.38,False,Unknown,Economic Indicator,Increasing,Regular,,,,False
7237,2024-04-10,47,393,92.97,False,Festival,Weather,Increasing,Budget,,,,False
4458,2024-09-26,86,277,98.38,True,Holiday,Unknown,Decreasing,Premium,,,,False
1894,2024-02-05,45,459,25.8,False,Festival,Unknown,Increasing,Budget,,,,False
4916,2024-06-27,91,37,23.08,True,Festival,Competitor Pricing,Increasing,Budget,,,,False
9768,2024-01-09,16,484,58.66,False,Festival,Economic Indicator,Increasing,Budget,,,,False
7202,2024-01-11,89,158,26.55,True,Holiday,Competitor Pricing,Stable,Regular,,,,False
7558,2024-12-04,4,76,51.62,False,Holiday,Competitor Pricing,Decreasing,Regular,,,,False
6825,2024-01-31,67,137,37.63,False,Festival,Unknown,Decreasing,Regular,,,,False
5644,2024-06-18,90,417,15.91,True,Unknown,Economic Indicator,Stable,Budget,,,,False
3305,2024-02-11,97,225,36.68,True,Unknown,Competitor Pricing,Stable,Regular,,,,False
4353,2024-11-01,71,31,7.72,False,Holiday,Unknown,Decreasing,Budget,,,,False
2753,2024-01-31,51,66,55.85,True,Unknown,Competitor Pricing,Increasing,Premium,,,,False
7952,2024-01-12,18,177,86.04,False,Unknown,Unknown,Increasing,Premium,,,,False
8919,2024-08-11,98,276,20.8,True,Unknown,Weather,Decreasing,Premium,,,,False
7150,2024-03-23,30,39,53.05,False,Unknown,Unknown,Increasing,Budget,,,,False
7220,2024-03-16,99,141,15.98,False,Unknown,Weather,Decreasing,Budget,,,,False
1067,2024-08-12,32,296,79.48,True,Festival,Economic Indicator,Decreasing,Regular,,,,False
2629,2024-06-16,98,171,17.55,False,Festival,Weather,Increasing,Budget,,,,False
4883,2024-06-16,91,362,89.04,False,Festival,Economic Indicator,Decreasing,Regular,,,,False
4517,2024-05-15,55,441,24.2,True,Festival,Weather,Decreasing,Premium,,,,False
1099,2024-09-12,25,2,90.16,False,Festival,Competitor Pricing,Decreasing,Regular,,,,False
2411,2024-07-18,63,121,58.67,True,Unknown,Competitor Pricing,Increasing,Budget,,,,False
1186,2024-08-10,61,231,93.07,True,Festival,Unknown,Decreasing,Regular,,,,False
1976,2024-05-03,83,347,42.28,True,Holiday,Unknown,Increasing,Premium,,,,False
3535,2024-10-08,24,148,48.24,False,Festival,Weather,Increasing,Regular,,,,False
3306,2024-05-02,90,195,13.68,False,Unknown,Unknown,Decreasing,Premium,,,,False
4860,2024-09-03,50,329,16.5,True,Unknown,Competitor Pricing,Decreasing,Premium,,,,False
7980,2024-03-02,95,278,65.15,True,Holiday,Weather,Increasing,Premium,,,,False
6872,2024-04-03,40,279,46.34,False,Holiday,Competitor Pricing,Stable,Budget,,,,False
5284,2024-07-05,26,165,5.18,False,Festival,Competitor Pricing,Increasing,Budget,,,,False
9036,2024-07-02,72,29,17.24,True,Festival,Competitor Pricing,Increasing,Regular,,,,False
4794,2024-09-15,34,199,71.8,True,Unknown,Weather,Decreasing,Regular,,,,False
7860,2024-07-23,7,52,53.84,True,Holiday,Unknown,Stable,Budget,,,,False
8057,2024-11-09,39,71,27.36,True,Unknown,Unknown,Increasing,Budget,,,,False
9232,2024-03-05,31,431,88.67,True,Holiday,Competitor Pricing,Stable,Budget,,,,False
5610,2024-11-23,47,23,16.34,True,Holiday,Weather,Increasing,Premium,,,,False
6757,2024-10-08,45,466,30.77,False,Unknown,Economic Indicator,Decreasing,Budget,,,,False
8946,2024-09-28,31,238,88.82,False,Festival,Competitor Pricing,Decreasing,Premium,,,,False
4433,2024-04-15,27,482,83.22,True,Holiday,Unknown,Decreasing,Budget,,,,False
9559,2024-08-07,8,408,88.96,True,Festival,Competitor Pricing,Decreasing,Premium,,,,False
5278,2024-07-05,78,484,51.5,False,Unknown,Competitor Pricing,Decreasing,Regular,,,,False
2706,2024-07-15,46,43,29.3,True,Festival,Competitor Pricing,Stable,Premium,,,,False
9821,2024-07-12,17,317,57.02,True,Unknown,Weather,Decreasing,Regular,,,,False
3422,2024-08-14,89,94,54.91,True,Festival,Economic Indicator,Decreasing,Budget,,,,False
1252,2024-04-16,78,367,41.6,True,Unknown,Unknown,Increasing,Premium,,,,False
8081,2024-04-18,29,19,38.45,True,Holiday,Unknown,Increasing,Regular,,,,False
7554,2024-08-26,63,380,78.73,False,Unknown,Economic Indicator,Decreasing,Budget,,,,False
2568,2024-06-16,87,23,82.3,True,Festival,Economic Indicator,Decreasing,Premium,,,,False
4803,2024-12-30,36,182,19.26,True,Unknown,Economic Indicator,Decreasing,Premium,,,,False
8990,2024-08-22,62,464,44.96,True,Festival,Weather,Decreasing,Premium,,,,False
9299,2024-10-10,1,45,26.65,True,Unknown,Unknown,Decreasing,Budget,,,,False
9875,2024-10-24,3,174,77.69,True,Holiday,Weather,Increasing,Premium,,,,False
4145,2024-10-20,43,292,43.91,False,Unknown,Competitor Pricing,Decreasing,Premium,,,,False
8881,2024-10-09,87,183,9.47,False,Unknown,Economic Indicator,Stable,Premium,,,,False
9259,2024-09-14,52,170,79.01,False,Unknown,Weather,Decreasing,Budget,,,,False
9825,2024-05-24,88,112,70.16,False,Unknown,Economic Indicator,Increasing,Premium,,,,False
7288,2024-03-18,31,307,95.72,False,Unknown,Competitor Pricing,Decreasing,Premium,,,,False
3340,2024-11-13,82,212,66.75,False,Festival,Unknown,Decreasing,Budget,,,,False
2102,2024-11-21,1,145,21.07,False,Unknown,Economic Indicator,Increasing,Premium,,,,False
4223,2024-01-16,30,337,32.8,True,Unknown,Unknown,Stable,Budget,,,,False
6199,2024-10-30,49,321,70.68,True,Holiday,Weather,Increasing,Budget,,,,False
8030,2024-10-20,8,358,80.94,True,Unknown,Economic Indicator,Decreasing,Premium,,,,False
6490,2024-06-16,60,266,30.36,True,Festival,Weather,Decreasing,Budget,,,,False
8012,2024-03-24,52,376,7.24,False,Festival,Competitor Pricing,Stable,Regular,,,,False
4197,2024-11-14,57,33,46.39,False,Festival,Economic Indicator,Decreasing,Premium,,,,False
2569,2024-12-06,36,283,65.5,True,Festival,Weather,Increasing,Budget,,,,False
6108,2024-07-06,59,59,88.92,True,Festival,Competitor Pricing,Decreasing,Budget,,,,False
9983,2024-07-18,36,212,86.05,True,Holiday,Unknown,Increasing,Budget,,,,False
4101,2024-05-23,46,471,38.96,True,Holiday,Unknown,Increasing,Regular,,,,False
5970,2024-09-13,11,328,53.9,True,Holiday,Weather,Increasing,Premium,,,,False
7820,2024-10-18,9,268,46.19,True,Unknown,Competitor Pricing,Increasing,Regular,,,,False
7741,2024-08-31,47,91,43.8,True,Unknown,Economic Indicator,Increasing,Regular,,,,False
7380,2024-04-05,51,467,79.99,False,Unknown,Weather,Increasing,Regular,,,,False
3489,2024-05-09,4,342,78.03,False,Festival,Weather,Increasing,Regular,,,,False
3236,2024-04-30,13,138,16.22,False,Festival,Unknown,Stable,Budget,,,,False
3326,2024-05-29,2,194,43.07,False,Festival,Unknown,Increasing,Budget,,,,False
4413,2024-12-08,29,66,10.13,False,Unknown,Weather,Stable,Regular,,,,False
8977,2024-02-05,30,395,93.65,False,Holiday,Weather,Increasing,Budget,,,,False
6759,2024-12-07,80,108,58.83,True,Unknown,Economic Indicator,Increasing,Budget,,,,False
2650,2024-05-08,32,163,50.81,False,Unknown,Economic Indicator,Increasing,Budget,,,,False
6053,2024-02-19,39,156,52.44,True,Holiday,Economic Indicator,Decreasing,Premium,,,,False
9540,2024-02-08,2,261,11.69,False,Holiday,Weather,Decreasing,Premium,,,,False
8287,2024-10-09,62,466,33.93,True,Holiday,Economic Indicator,Stable,Premium,,,,False
9446,2024-01-22,70,376,58.84,True,Festival,Economic Indicator,Stable,Regular,,,,False
6754,2024-11-11,12,288,66.74,True,Holiday,Economic Indicator,Increasing,Regular,,,,False
5842,2024-02-24,78,184,42.62,True,Unknown,Competitor Pricing,Decreasing,Budget,,,,False
7216,2024-04-18,52,48,20.77,True,Unknown,Competitor Pricing,Decreasing,Regular,,,,False
3135,2024-08-02,23,387,90.47,True,Unknown,Weather,Decreasing,Premium,,,,False
1622,2024-11-14,65,32,14.82,False,Festival,Competitor Pricing,Increasing,Budget,,,,False
2425,2024-01-25,71,141,98.24,True,Unknown,Economic Indicator,Decreasing,Regular,,,,False
6228,2024-05-26,37,175,23.38,False,Festival,Weather,Stable,Regular,,,,False
2796,2024-10-21,42,376,39.98,True,Festival,Weather,Increasing,Regular,,,,False
5798,2024-02-01,52,232,99.37,True,Unknown,Weather,Increasing,Regular,,,,False
3649,2024-05-07,39,232,44.19,True,Unknown,Economic Indicator,Stable,Premium,,,,False
4504,2024-12-09,89,122,96.99,False,Festival,Competitor Pricing,Stable,Premium,,,,False
2158,2024-03-14,14,404,21.7,True,Unknown,Unknown,Increasing,Budget,,,,False
3396,2024-03-12,93,348,63.7,False,Holiday,Competitor Pricing,Stable,Budget,,,,False
6169,2024-08-07,16,38,92.69,False,Festival,Weather,Stable,Regular,,,,False
4401,2024-09-21,5,268,66.31,True,Holiday,Competitor Pricing,Increasing,Budget,,,,False
4447,2024-06-22,80,60,93.83,True,Festival,Weather,Decreasing,Premium,,,,False
6081,2024-01-21,12,32,32.46,False,Unknown,Economic Indicator,Increasing,Regular,,,,False
8108,2024-11-16,3,129,30.49,False,Holiday,Competitor Pricing,Stable,Regular,,,,False
4665,2024-07-20,5,425,8.4,False,Festival,Economic Indicator,Stable,Budget,,,,False
6115,2024-02-23,17,186,42.25,False,Festival,Unknown,Stable,Budget,,,,False
3528,2024-12-17,53,223,70.16,False,Unknown,Economic Indicator,Stable,Premium,,,,False
6695,2024-11-05,4,206,95.39,True,Festival,Weather,Increasing,Regular,,,,False
7841,2024-10-26,46,208,32.82,False,Festival,Competitor Pricing,Stable,Premium,,,,False
8892,2024-02-29,85,228,85.35,False,Unknown,Weather,Decreasing,Budget,,,,False
7333,2024-01-21,8,256,34.76,True,Festival,Weather,Increasing,Regular,,,,False
5401,2024-08-29,75,380,94.33,True,Holiday,Weather,Increasing,Budget,,,,False
9703,2024-01-30,2,304,50.26,True,Festival,Unknown,Stable,Budget,,,,False
3990,2024-07-06,13,242,7.1,True,Festival,Weather,Increasing,Regular,,,,False
5123,2024-08-22,82,417,23.66,False,Unknown,Unknown,Increasing,Premium,,,,False
4817,2024-08-02,92,428,39.97,False,Festival,Unknown,Decreasing,Regular,,,,False
4558,2024-07-15,74,69,43.78,False,Holiday,Competitor Pricing,Stable,Regular,,,,False
1838,2024-11-13,84,55,68.38,False,Holiday,Unknown,Decreasing,Budget,,,,False
6682,2024-11-24,56,248,26.97,True,Festival,Competitor Pricing,Decreasing,Regular,,,,False
6026,2024-11-01,12,157,94.52,False,Unknown,Unknown,Decreasing,Regular,,,,False
2415,2024-11-20,6,117,66.36,False,Festival,Weather,Stable,Regular,,,,False
8543,2024-12-24,41,127,86.0,True,Unknown,Economic Indicator,Stable,Regular,,,,False
1666,2024-01-10,98,322,71.87,False,Holiday,Weather,Decreasing,Budget,,,,False
7959,2024-03-05,37,327,58.0,True,Unknown,Competitor Pricing,Stable,Premium,,,,False
6415,2024-06-24,34,272,68.33,True,Unknown,Economic Indicator,Stable,Regular,,,,False
5432,2024-01-25,77,249,50.68,True,Holiday,Unknown,Increasing,Regular,,,,False
9684,2024-10-15,98,271,71.04,False,Holiday,Competitor Pricing,Decreasing,Regular,,,,False
7048,2024-12-03,32,244,55.94,True,Festival,Weather,Increasing,Premium,,,,False
3139,2024-03-03,76,487,7.27,True,Festival,Economic Indicator,Decreasing,Premium,,,,False
3293,2024-11-05,8,489,84.51,False,Holiday,Unknown,Stable,Budget,,,,False
4907,2024-01-24,89,392,88.73,False,Festival,Weather,Increasing,Budget,,,,False
6938,2024-05-18,24,425,53.44,True,Holiday,Economic Indicator,Stable,Regular,,,,False
4409,2024-06-13,29,437,24.51,True,Holiday,Weather,Increasing,Premium,,,,False
1373,2024-09-28,91,136,5.75,True,Festival,Unknown,Increasing,Budget,,,,False
8506,2024-09-04,77,295,67.85,False,Festival,Unknown,Decreasing,Regular,,,,False
1702,2024-08-20,71,89,97.3,True,Unknown,Economic Indicator,Increasing,Regular,,,,False
4696,2024-06-23,56,470,89.13,True,Unknown,Unknown,Stable,Regular,,,,False
9106,2024-01-08,44,78,21.86,True,Festival,Competitor Pricing,Stable,Premium,,,,False
4928,2024-11-08,78,129,73.14,True,Holiday,Economic Indicator,Increasing,Premium,,,,False
2488,2024-06-30,12,47,30.17,True,Unknown,Weather,Increasing,Premium,,,,False
3111,2024-10-09,72,363,26.89,True,Unknown,Unknown,Decreasing,Premium,,,,False
4544,2024-12-02,16,150,18.89,True,Holiday,Weather,Increasing,Premium,,,,False
3082,2024-06-16,28,7,89.72,True,Unknown,Economic Indicator,Stable,Premium,,,,False
8280,2024-06-18,58,52,44.18,False,Unknown,Unknown,Increasing,Premium,,,,False
4423,2024-11-08,22,221,60.71,False,Unknown,Competitor Pricing,Stable,Budget,,,,False
1907,2024-09-25,72,381,22.16,True,Unknown,Competitor Pricing,Increasing,Premium,,,,False
1176,2024-03-28,66,43,46.39,True,Festival,Economic Indicator,Stable,Premium,,,,False
3648,2024-11-18,26,192,86.55,False,Unknown,Weather,Increasing,Regular,,,,False
5364,2024-05-19,1,56,35.16,False,Festival,Economic Indicator,Decreasing,Premium,,,,False
1995,2024-06-15,8,144,13.33,True,Festival,Competitor Pricing,Stable,Regular,,,,False
9504,2024-07-14,60,356,58.97,False,Holiday,Weather,Increasing,Premium,,,,False
8169,2024-08-08,71,193,68.18,False,Festival,Economic Indicator,Stable,Budget,,,,False
2802,2024-10-17,58,479,41.7,False,Festival,Economic Indicator,Increasing,Budget,,,,False
1090,2024-01-25,95,380,44.28,True,Unknown,Economic Indicator,Increasing,Regular,,,,False
4081,2024-02-17,11,458,20.96,False,Unknown,Weather,Stable,Regular,69.69,74.98,1.29,True
1991,2024-10-23,59,296,81.33,True,Unknown,Weather,Decreasing,Regular,,,,False
8726,2024-02-09,44,107,43.81,True,Festival,Competitor Pricing,Decreasing,Budget,,,,False
8836,2024-07-17,77,107,36.28,False,Unknown,Economic Indicator,Decreasing,Premium,,,,False
2500,2024-02-13,66,145,63.54,False,Unknown,Competitor Pricing,Stable,Regular,,,,False
9534,2024-02-14,53,485,54.44,True,Festival,Competitor Pricing,Stable,Premium,,,,False
7579,2024-11-17,5,355,17.41,True,Festival,Economic Indicator,Stable,Premium,,,,False
7679,2024-03-18,91,361,65.67,True,Festival,Weather,Increasing,Budget,,,,False
3940,2024-04-25,61,73,26.41,False,Unknown,Competitor Pricing,Stable,Regular,,,,False
4041,2024-11-29,47,86,54.24,False,Festival,Weather,Stable,Budget,9.15,97.04,2.1,True
7070,2024-11-25,68,454,63.37,False,Unknown,Weather,Stable,Regular,,,,False
4927,2024-12-14,30,484,96.19,False,Festival,Economic Indicator,Increasing,Regular,,,,False
4039,2024-08-21,49,302,66.87,True,Unknown,Competitor Pricing,Stable,Premium,,,,False
1289,2024-06-16,22,420,18.74,False,Unknown,Competitor Pricing,Decreasing,Premium,,,,False
2133,2024-01-11,63,170,16.02,True,Holiday,Unknown,Stable,Premium,,,,False
7295,2024-04-23,36,19,16.58,True,Unknown,Unknown,Stable,Regular,,,,False
1001,2024-02-21,80,8,40.09,True,Unknown,Unknown,Decreasing,Budget,,,,False
1229,2024-12-13,87,40,6.16,False,Festival,Unknown,Increasing,Budget,,,,False
7770,2024-10-23,60,485,91.39,True,Festival,Competitor Pricing,Increasing,Premium,,,,False
2554,2024-08-15,74,68,74.78,True,Festival,Unknown,Stable,Premium,,,,False
2933,2024-03-20,75,171,93.18,False,Festival,Weather,Increasing,Regular,,,,False
6699,2024-01-08,45,223,50.17,False,Holiday,Economic Indicator,Decreasing,Budget,,,,False
6222,2024-09-29,55,463,85.85,True,Festival,Unknown,Stable,Regular,,,,False
2122,2024-11-08,88,8,68.43,False,Festival,Unknown,Stable,Premium,,,,False
1508,2024-02-02,13,4,72.98,False,Holiday,Weather,Increasing,Regular,,,,False
8748,2024-05-09,18,193,53.07,True,Festival,Unknown,Decreasing,Premium,,,,False
3412,2024-04-11,3,292,5.25,False,Holiday,Unknown,Increasing,Regular,,,,False
2240,2024-08-24,11,484,48.66,True,Festival,Economic Indicator,Decreasing,Premium,,,,False
4011,2024-07-15,13,388,56.27,False,Festival,Economic Indicator,Decreasing,Premium,,,,False
1711,2024-05-08,33,164,64.55,True,Unknown,Unknown,Decreasing,Premium,,,,False
6829,2024-02-10,43,57,94.51,False,Unknown,Unknown,Decreasing,Premium,,,,False
1710,2024-01-04,62,245,95.63,True,Holiday,Economic Indicator,Decreasing,Budget,,,,False
4542,2024-04-19,96,481,91.59,True,Unknown,Economic Indicator,Increasing,Budget,,,,False
9855,2024-03-24,65,459,61.3,False,Unknown,Unknown,Decreasing,Regular,,,,False
2936,2024-12-10,85,6,92.05,False,Unknown,Weather,Decreasing,Regular,,,,False
1825,2024-02-14,73,23,20.62,False,Festival,Competitor Pricing,Stable,Budget,,,,False
7326,2024-10-01,85,65,44.42,False,Holiday,Weather,Decreasing,Premium,,,,False
4578,2024-02-12,25,266,20.61,False,Holiday,Weather,Increasing,Regular,,,,False
9679,2024-02-10,19,368,54.02,False,Unknown,Weather,Increasing,Regular,,,,False
1867,2024-02-07,54,213,81.08,True,Festival,Unknown,Increasing,Budget,,,,False
5823,2024-05-15,79,323,16.28,True,Holiday,Economic Indicator,Stable,Regular,,,,False
1779,2024-04-24,31,113,72.23,True,Festival,Weather,Increasing,Regular,,,,False
5327,2024-08-20,7,79,81.01,True,Holiday,Competitor Pricing,Decreasing,Budget,,,,False
5491,2024-08-24,12,246,69.76,False,Holiday,Economic Indicator,Increasing,Budget,,,,False
5179,2024-03-27,66,190,42.64,False,Festival,Economic Indicator,Stable,Regular,,,,False
2861,2024-07-20,83,376,88.2,True,Holiday,Unknown,Decreasing,Regular,,,,False
7842,2024-11-15,72,169,53.17,False,Holiday,Economic Indicator,Decreasing,Regular,,,,False
3616,2024-07-12,91,62,24.93,True,Festival,Economic Indicator,Stable,Premium,,,,False
4844,2024-06-16,72,236,81.01,True,Holiday,Weather,Stable,Regular,,,,False
6360,2024-10-16,68,26,82.2,False,Festival,Unknown,Increasing,Regular,,,,False
8240,2024-11-17,44,470,35.62,False,Unknown,Competitor Pricing,Stable,Regular,,,,False
2542,2024-01-16,44,460,30.7,True,Holiday,Unknown,Decreasing,Premium,,,,False
3227,2024-05-05,79,347,77.15,False,Holiday,Competitor Pricing,Stable,Budget,,,,False
1826,2024-11-01,76,377,15.28,False,Holiday,Competitor Pricing,Decreasing,Premium,,,,False
6223,2024-07-26,46,117,26.53,False,Festival,Economic Indicator,Increasing,Budget,,,,False
8723,2024-02-28,78,272,8.64,True,Unknown,Competitor Pricing,Decreasing,Budget,,,,False
4510,2024-10-19,23,419,18.93,False,Holiday,Competitor Pricing,Stable,Budget,,,,False
2293,2024-03-16,82,469,87.59,False,Holiday,Unknown,Increasing,Budget,,,,False
4756,2024-05-20,39,304,8.04,False,Unknown,Weather,Stable,Premium,,,,False
3176,2024-04-24,71,163,92.61,False,Festival,Weather,Decreasing,Regular,,,,False
9719,2024-06-27,96,323,8.81,False,Holiday,Weather,Increasing,Budget,,,,False
1355,2024-11-18,48,356,53.62,False,Holiday,Unknown,Stable,Budget,,,,False
4758,2024-05-18,97,345,39.81,True,Holiday,Unknown,Increasing,Regular,,,,False
5681,2024-08-01,82,305,17.57,True,Festival,Economic Indicator,Decreasing,Premium,,,,False
4912,2024-07-25,86,429,48.07,False,Festival,Weather,Increasing,Premium,,,,False
9161,2024-07-01,7,401,63.38,False,Holiday,Competitor Pricing,Increasing,Regular,,,,False
3349,2024-07-27,27,351,13.04,True,Holiday,Competitor Pricing,Decreasing,Premium,,,,False
2968,2024-05-15,47,159,90.96,False,Unknown,Weather,Increasing,Budget,,,,False
6002,2024-11-10,70,407,47.33,False,Unknown,Unknown,Increasing,Premium,,,,False
5231,2024-06-10,60,452,41.06,False,Holiday,Economic Indicator,Stable,Premium,,,,False
7008,2024-04-17,94,107,45.78,True,Unknown,Weather,Increasing,Budget,,,,False
3648,2024-10-18,7,357,42.14,False,Holiday,Competitor Pricing,Decreasing,Regular,,,,False
8874,2024-12-11,78,295,92.54,True,Holiday,Weather,Stable,Premium,,,,False
8157,2024-09-08,99,406,48.81,True,Holiday,Unknown,Decreasing,Premium,,,,False
5387,2024-10-06,20,160,23.08,True,Festival,Unknown,Stable,Premium,,,,False
1688,2024-03-15,14,66,47.42,False,Festival,Economic Indicator,Stable,Budget,,,,False
7166,2024-12-05,66,460,76.13,True,Holiday,Competitor Pricing,Decreasing,Budget,,,,False
1949,2024-05-18,63,392,53.38,True,Festival,Weather,Increasing,Premium,,,,False
2589,2024-06-09,62,167,99.77,False,Holiday,Weather,Decreasing,Budget,,,,False
5243,2024-05-11,56,119,37.98,True,Unknown,Competitor Pricing,Decreasing,Budget,,,,False
7885,2024-01-01,31,492,77.06,True,Holiday,Economic Indicator,Increasing,Regular,,,,False
2489,2024-07-11,93,21,45.77,True,Unknown,Competitor Pricing,Decreasing,Premium,,,,False
7213,2024-10-04,99,175,82.24,True,Holiday,Unknown,Decreasing,Budget,,,,False
2190,2024-04-04,24,162,83.8,True,Holiday,Competitor Pricing,Stable,Budget,,,,False
2818,2024-09-29,93,234,12.3,False,Holiday,Economic Indicator,Increasing,Regular,,,,False
8067,2024-03-24,73,56,84.25,False,Holiday,Economic Indicator,Stable,Regular,,,,False
2375,2024-05-10,60,319,90.69,True,Festival,Economic Indicator,Increasing,Regular,,,,False
4309,2024-09-10,88,329,48.94,False,Holiday,Economic Indicator,Decreasing,Premium,,,,False
6563,2024-10-18,64,76,91.89,True,Unknown,Unknown,Decreasing,Premium,,,,False
3780,2024-01-18,50,261,48.29,True,Holiday,Competitor Pricing,Decreasing,Premium,,,,False
6168,2024-09-19,63,256,6.82,False,Festival,Unknown,Stable,Regular,,,,False
1245,2024-04-17,57,441,64.18,False,Unknown,Weather,Stable,Budget,,,,False
9307,2024-08-15,39,19,93.67,False,Holiday,Weather,Decreasing,Premium,,,,False
6656,2024-10-05,66,267,40.52,False,Festival,Unknown,Stable,Budget,,,,False
5236,2024-06-06,72,416,6.48,False,Unknown,Economic Indicator,Increasing,Regular,,,,False
3496,2024-10-11,27,123,27.2,True,Festival,Unknown,Decreasing,Budget,,,,False
2500,2024-04-11,34,172,47.91,False,Holiday,Weather,Increasing,Regular,,,,False
1730,2024-04-19,70,261,6.77,True,Holiday,Competitor Pricing,Stable,Budget,,,,False
3759,2024-06-06,51,188,72.45,False,Holiday,Competitor Pricing,Decreasing,Regular,,,,False
6186,2024-10-08,52,109,89.06,True,Festival,Economic Indicator,Increasing,Regular,,,,False
8360,2024-03-18,56,229,25.47,False,Festival,Unknown,Stable,Budget,,,,False
5575,2024-06-23,56,83,40.06,False,Unknown,Competitor Pricing,Stable,Regular,,,,False
5553,2024-11-25,19,206,63.87,True,Festival,Weather,Increasing,Regular,,,,False
9708,2024-05-21,91,3,72.53,False,Festival,Economic Indicator,Stable,Premium,,,,False
8727,2024-09-12,43,361,79.33,True,Festival,Competitor Pricing,Stable,Regular,,,,False
5612,2024-12-19,17,83,41.63,False,Unknown,Economic Indicator,Decreasing,Budget,,,,False
3221,2024-02-04,82,317,63.51,True,Holiday,Competitor Pricing,Stable,Budget,,,,False
8157,2024-10-19,99,58,10.89,False,Holiday,Economic Indicator,Stable,Budget,,,,False
1392,2024-03-03,36,484,18.22,False,Festival,Competitor Pricing,Increasing,Premium,,,,False
3665,2024-07-25,47,320,58.15,False,Festival,Economic Indicator,Increasing,Budget,,,,False
9580,2024-01-16,94,447,8.67,True,Unknown,Competitor Pricing,Increasing,Regular,,,,False
7016,2024-05-07,91,28,73.17,True,Festival,Unknown,Increasing,Regular,,,,False
5486,2024-10-30,61,125,20.57,False,Holiday,Weather,Stable,Regular,,,,False
4755,2024-12-30,12,270,76.51,True,Holiday,Competitor Pricing,Stable,Premium,,,,False
9098,2024-07-21,61,57,33.9,False,Holiday,Unknown,Decreasing,Premium,,,,False
4348,2024-03-25,56,20,55.94,True,Holiday,Weather,Decreasing,Regular,,,,False
8388,2024-06-28,40,374,28.19,False,Holiday,Economic Indicator,Decreasing,Budget,,,,False
1503,2024-10-26,22,26,9.6,False,Unknown,Weather,Stable,Budget,,,,False
4123,2024-05-17,45,327,64.35,True,Holiday,Unknown,Decreasing,Premium,,,,False
2530,2024-07-16,35,430,44.35,False,Holiday,Unknown,Increasing,Budget,,,,False
6242,2024-07-11,54,131,26.54,False,Festival,Weather,Stable,Budget,,,,False
7889,2024-10-28,3,470,11.5,True,Festival,Weather,Decreasing,Regular,,,,False
6999,2024-09-01,43,24,27.24,False,Unknown,Economic Indicator,Decreasing,Budget,,,,False
8269,2024-07-04,81,484,78.75,False,Unknown,Unknown,Stable,Premium,,,,False
1131,2024-09-25,62,198,98.2,True,Holiday,Economic Indicator,Decreasing,Regular,,,,False
8780,2024-07-13,43,394,39.36,True,Unknown,Competitor Pricing,Increasing,Regular,,,,False
7523,2024-12-13,95,217,97.64,False,Holiday,Competitor Pricing,Stable,Budget,,,,False
9327,2024-10-08,45,456,36.74,True,Festival,Weather,Stable,Regular,,,,False
7263,2024-01-12,66,171,40.69,True,Festival,Unknown,Decreasing,Premium,,,,False
1781,2024-01-21,81,450,99.31,False,Holiday,Weather,Stable,Premium,,,,False
7955,2024-09-25,23,173,48.15,False,Unknown,Competitor Pricing,Increasing,Premium,,,,False
4390,2024-11-11,41,331,22.26,False,Unknown,Economic Indicator,Decreasing,Premium,,,,False
7381,2024-08-17,89,258,93.17,False,Holiday,Economic Indicator,Stable,Budget,,,,False
4521,2024-03-03,38,72,37.44,True,Festival,Economic Indicator,Increasing,Budget,,,,False
8008,2024-03-25,53,110,32.96,False,Unknown,Competitor Pricing,Decreasing,Premium,,,,False
1234,2024-07-08,71,431,17.27,False,Festival,Economic Indicator,Stable,Premium,,,,False
1760,2024-07-26,75,343,29.88,False,Holiday,Competitor Pricing,Increasing,Premium,,,,False
2195,2024-02-13,27,345,48.09,True,Festival,Weather,Decreasing,Regular,,,,False
4849,2024-03-11,7,480,8.78,True,Festival,Unknown,Stable,Regular,,,,False
8766,2024-05-03,92,442,24.08,False,Holiday,Competitor Pricing,Increasing,Budget,,,,False
2747,2024-01-04,39,387,13.03,True,Holiday,Economic Indicator,Stable,Premium,,,,False
5595,2024-10-07,10,185,69.63,False,Unknown,Weather,Stable,Budget,,,,False
3510,2024-03-29,59,233,65.49,True,Festival,Competitor Pricing,Increasing,Regular,,,,False
4094,2024-03-29,53,234,76.09,False,Festival,Economic Indicator,Stable,Regular,,,,False
9972,2024-08-12,41,452,41.15,False,Unknown,Competitor Pricing,Stable,Regular,,,,False
7765,2024-10-17,31,282,12.76,False,Festival,Economic Indicator,Increasing,Budget,,,,False
1652,2024-05-20,98,411,53.13,True,Festival,Unknown,Decreasing,Budget,,,,False
7750,2024-06-20,29,341,39.39,False,Holiday,Weather,Decreasing,Budget,,,,False
9651,2024-12-24,22,412,96.08,True,Holiday,Competitor Pricing,Decreasing,Premium,,,,False
2606,2024-09-30,34,322,15.97,True,Unknown,Economic Indicator,Stable,Premium,,,,False
7995,2024-01-20,14,48,37.52,True,Holiday,Unknown,Stable,Budget,,,,False
7563,2024-05-25,92,261,50.54,False,Festival,Weather,Decreasing,Budget,,,,False
5762,2024-02-29,87,164,90.59,False,Unknown,Competitor Pricing,Stable,Budget,,,,False
3620,2024-03-17,76,66,53.14,True,Holiday,Unknown,Decreasing,Premium,,,,False
7434,2024-05-04,27,360,74.47,False,Festival,Unknown,Decreasing,Premium,,,,False
7546,2024-09-08,92,277,69.5,False,Holiday,Unknown,Increasing,Premium,,,,False
3999,2024-10-17,61,383,43.06,True,Unknown,Unknown,Increasing,Regular,,,,False
1566,2024-08-10,20,72,13.03,True,Festival,Weather,Stable,Premium,,,,False
3511,2024-11-05,10,477,32.54,False,Festival,Competitor Pricing,Stable,Premium,,,,False
6223,2024-04-13,56,374,38.74,True,Holiday,Economic Indicator,Decreasing,Budget,,,,False
6576,2024-06-22,42,16,68.3,False,Unknown,Economic Indicator,Increasing,Regular,,,,False
7889,2024-04-12,94,266,81.35,False,Holiday,Unknown,Stable,Budget,,,,False
5391,2024-01-02,58,147,6.41,True,Holiday,Economic Indicator,Stable,Premium,,,,False
3437,2024-03-31,41,205,60.7,True,Unknown,Unknown,Decreasing,Budget,,,,False
7225,2024-01-05,8,465,62.05,True,Festival,Weather,Increasing,Premium,,,,False
4815,2024-07-21,33,242,23.43,False,Festival,Competitor Pricing,Increasing,Regular,,,,False
9034,2024-03-11,86,48,38.79,True,Unknown,Unknown,Stable,Premium,,,,False
5669,2024-04-21,30,488,83.65,False,Unknown,Unknown,Increasing,Premium,,,,False
3623,2024-06-20,98,446,49.74,False,Festival,Weather,Stable,Regular,,,,False
5714,2024-08-25,18,235,42.09,False,Holiday,Weather,Stable,Premium,,,,False
3389,2024-04-21,43,22,71.33,False,Unknown,Economic Indicator,Increasing,Budget,,,,False
8175,2024-09-16,33,282,37.98,True,Festival,Weather,Increasing,Premium,,,,False
8980,2024-05-25,37,358,74.74,True,Holiday,Economic Indicator,Stable,Regular,,,,False
2740,2024-12-21,97,226,77.88,False,Holiday,Economic Indicator,Stable,Budget,,,,False
9542,2024-01-25,19,58,22.17,False,Festival,Weather,Stable,Premium,,,,False
9425,2024-07-25,35,290,56.0,True,Unknown,Unknown,Stable,Budget,,,,False
5450,2024-05-01,7,112,42.83,True,Unknown,Economic Indicator,Increasing,Regular,,,,False
4567,2024-12-19,34,481,64.09,True,Festival,Weather,Stable,Premium,,,,False
6410,2024-04-23,24,197,89.0,True,Festival,Unknown,Stable,Budget,,,,False
9164,2024-02-29,33,139,74.97,False,Festival,Unknown,Increasing,Premium,,,,False
2911,2024-01-28,73,257,83.3,False,Festival,Competitor Pricing,Stable,Regular,,,,False
9905,2024-10-12,67,84,65.78,True,Holiday,Unknown,Decreasing,Premium,,,,False
3992,2024-05-25,88,393,17.35,True,Holiday,Weather,Increasing,Budget,,,,False
6025,2024-01-26,42,10,80.9,False,Unknown,Unknown,Increasing,Premium,,,,False
1914,2024-11-17,90,80,7.81,True,Holiday,Competitor Pricing,Increasing,Budget,,,,False
5663,2024-08-29,2,111,5.04,True,Unknown,Economic Indicator,Stable,Budget,,,,False
6011,2024-12-27,88,407,92.8,False,Festival,Unknown,Decreasing,Premium,,,,False
4838,2024-08-19,36,153,67.02,True,Unknown,Weather,Increasing,Regular,,,,False
9795,2024-02-13,73,455,67.09,True,Holiday,Competitor Pricing,Decreasing,Regular,,,,False
8854,2024-10-20,47,454,98.13,True,Holiday,Competitor Pricing,Stable,Regular,,,,False
2287,2024-01-02,78,392,65.37,True,Festival,Economic Indicator,Decreasing,Premium,,,,False
2023,2024-01-18,19,229,58.53,False,Unknown,Economic Indicator,Decreasing,Premium,,,,False
9032,2024-06-27,53,284,74.24,True,Festival,Competitor Pricing,Stable,Premium,,,,False
1939,2024-01-15,24,324,96.65,False,Unknown,Weather,Increasing,Budget,,,,False
4887,2024-02-26,62,207,21.16,False,Unknown,Competitor Pricing,Increasing,Budget,,,,False
8125,2024-10-12,53,374,91.48,False,Festival,Competitor Pricing,Increasing,Budget,,,,False
8396,2024-11-06,25,334,40.71,True,Unknown,Competitor Pricing,Decreasing,Budget,,,,False
2230,2024-06-07,82,171,71.68,True,Unknown,Weather,Stable,Regular,,,,False
7446,2024-05-20,64,283,23.89,False,Holiday,Competitor Pricing,Decreasing,Budget,,,,False
5227,2024-01-11,80,83,17.01,True,Festival,Economic Indicator,Increasing,Budget,,,,False
7601,2024-11-05,44,297,54.96,False,Festival,Unknown,Stable,Premium,,,,False
9733,2024-09-27,83,433,44.47,False,Festival,Weather,Stable,Regular,,,,False
3596,2024-10-14,12,90,17.36,True,Holiday,Unknown,Stable,Premium,,,,False
4340,2024-11-07,78,53,50.18,False,Unknown,Competitor Pricing,Stable,Premium,,,,False
2920,2024-02-27,33,83,77.99,True,Festival,Economic Indicator,Increasing,Regular,,,,False
4052,2024-02-04,14,166,55.01,True,Festival,Unknown,Stable,Premium,,,,False
1854,2024-03-12,97,265,38.05,True,Holiday,Weather,Increasing,Premium,,,,False
8064,2024-10-13,70,262,60.45,True,Unknown,Competitor Pricing,Stable,Budget,,,,False
3966,2024-08-22,63,395,50.99,False,Holiday,Competitor Pricing,Increasing,Regular,,,,False
2268,2024-01-25,59,123,19.63,True,Holiday,Competitor Pricing,Increasing,Premium,,,,False
9460,2024-09-17,95,117,50.53,True,Unknown,Weather,Decreasing,Budget,,,,False
2082,2024-12-01,42,96,78.24,False,Festival,Economic Indicator,Increasing,Regular,,,,False
2460,2024-09-21,36,44,45.78,False,Unknown,Unknown,Increasing,Premium,,,,False
2910,2024-11-18,32,442,37.99,False,Holiday,Economic Indicator,Increasing,Budget,,,,False
1791,2024-12-24,17,128,87.57,True,Festival,Competitor Pricing,Increasing,Premium,,,,False
3718,2024-06-04,61,370,36.25,True,Unknown,Weather,Stable,Regular,,,,False
7476,2024-03-10,1,354,99.99,False,Festival,Economic Indicator,Decreasing,Budget,,,,False
3312,2024-09-06,95,355,81.04,False,Holiday,Competitor Pricing,Increasing,Budget,,,,False
5145,2024-03-23,73,192,20.41,True,Unknown,Unknown,Increasing,Regular,,,,False
8405,2024-04-12,88,32,62.53,True,Festival,Competitor Pricing,Increasing,Regular,,,,False
3636,2024-12-03,54,46,29.6,False,Unknown,Weather,Increasing,Regular,,,,False
8327,2024-09-08,15,104,95.33,False,Unknown,Weather,Stable,Regular,,,,False
8394,2024-08-15,28,317,85.56,True,Holiday,Economic Indicator,Increasing,Premium,,,,False
1009,2024-12-27,39,51,99.64,True,Holiday,Unknown,Increasing,Premium,,,,False
4761,2024-07-25,11,152,61.94,False,Festival,Unknown,Decreasing,Regular,,,,False
3322,2024-11-24,46,313,10.28,False,Holiday,Economic Indicator,Stable,Premium,,,,False
4050,2024-05-08,43,250,50.19,True,Festival,Competitor Pricing,Increasing,Regular,,,,False
1856,2024-02-01,75,242,75.76,True,Holiday,Weather,Decreasing,Budget,,,,False
9185,2024-03-22,97,79,59.03,False,Festival,Weather,Increasing,Premium,,,,False
7319,2024-01-02,74,484,69.6,True,Festival,Competitor Pricing,Decreasing,Premium,,,,False
6241,2024-02-04,22,81,70.0,False,Holiday,Unknown,Decreasing,Budget,,,,False
9203,2024-01-15,49,17,36.13,False,Holiday,Unknown,Stable,Budget,,,,False
9787,2024-09-08,85,58,79.13,True,Unknown,Economic Indicator,Increasing,Premium,,,,False
8211,2024-04-02,39,6,42.68,True,Festival,Economic Indicator,Decreasing,Budget,,,,False
3963,2024-07-09,12,161,97.99,False,Unknown,Competitor Pricing,Decreasing,Regular,,,,False
8487,2024-07-10,99,256,58.3,True,Unknown,Weather,Decreasing,Premium,,,,False
3952,2024-12-18,60,62,64.69,False,Unknown,Weather,Stable,Regular,,,,False
8734,2024-08-24,47,61,64.11,True,Holiday,Competitor Pricing,Increasing,Premium,,,,False
7848,2024-09-30,99,227,17.77,True,Unknown,Unknown,Decreasing,Budget,,,,False
8135,2024-03-19,18,391,91.11,True,Festival,Weather,Decreasing,Premium,,,,False
9914,2024-01-10,36,489,55.98,False,Unknown,Competitor Pricing,Stable,Regular,,,,False
9424,2024-06-17,50,343,20.54,False,Festival,Unknown,Increasing,Budget,,,,False
6662,2024-04-23,67,302,99.87,True,Holiday,Competitor Pricing,Increasing,Premium,,,,False
4844,2024-07-06,9,494,20.84,True,Unknown,Weather,Decreasing,Budget,,,,False
7046,2024-06-19,27,304,20.15,False,Unknown,Competitor Pricing,Stable,Regular,,,,False
9810,2024-03-07,5,275,86.93,True,Unknown,Unknown,Decreasing,Budget,,,,False
2504,2024-05-31,45,432,26.22,False,Holiday,Economic Indicator,Increasing,Premium,,,,False
8300,2024-06-05,62,394,34.62,False,Festival,Weather,Stable,Budget,,,,False
5721,2024-08-28,84,342,65.99,False,Holiday,Competitor Pricing,Decreasing,Regular,,,,False
4788,2024-07-13,59,144,89.91,True,Holiday,Economic Indicator,Stable,Budget,,,,False
3106,2024-06-21,46,405,96.69,True,Holiday,Competitor Pricing,Increasing,Budget,,,,False
7656,2024-10-07,95,379,6.1,True,Festival,Competitor Pricing,Increasing,Budget,,,,False
2883,2024-08-29,13,427,74.65,False,Holiday,Competitor Pricing,Increasing,Premium,,,,False
8673,2024-03-14,57,109,98.97,True,Festival,Economic Indicator,Increasing,Budget,,,,False
6595,2024-12-17,23,383,68.54,False,Festival,Unknown,Stable,Regular,,,,False
4579,2024-03-01,58,117,43.43,True,Unknown,Competitor Pricing,Increasing,Regular,,,,False
5916,2024-11-07,24,20,87.61,True,Unknown,Weather,Decreasing,Regular,,,,False
8703,2024-09-27,36,189,42.16,True,Holiday,Weather,Decreasing,Budget,,,,False
9269,2024-09-26,29,212,94.54,False,Unknown,Unknown,Increasing,Regular,,,,False
7189,2024-06-11,98,267,77.77,True,Unknown,Weather,Decreasing,Budget,,,,False
9798,2024-01-03,54,25,80.85,True,Holiday,Unknown,Decreasing,Regular,,,,False
8747,2024-11-22,2,222,11.86,True,Festival,Economic Indicator,Stable,Regular,,,,False
4822,2024-09-20,44,350,18.93,True,Unknown,Weather,Increasing,Budget,,,,False
7020,2024-12-07,92,100,9.16,False,Unknown,Competitor Pricing,Decreasing,Premium,,,,False
1731,2024-10-03,50,83,55.35,False,Unknown,Weather,Decreasing,Regular,,,,False
6012,2024-05-24,53,168,87.99,False,Holiday,Competitor Pricing,Increasing,Regular,,,,False
4964,2024-01-20,62,256,77.81,False,Festival,Unknown,Stable,Regular,,,,False
1411,2024-09-18,50,226,65.11,False,Holiday,Economic Indicator,Increasing,Budget,,,,False
5046,2024-06-01,47,332,22.08,True,Festival,Unknown,Decreasing,Regular,,,,False
5195,2024-10-10,7,222,51.34,False,Unknown,Economic Indicator,Stable,Budget,,,,False
8806,2024-04-29,50,490,95.03,False,Holiday,Weather,Stable,Budget,,,,False
9569,2024-10-09,64,390,88.65,True,Holiday,Competitor Pricing,Stable,Budget,,,,False
5137,2024-11-24,85,147,19.42,True,Unknown,Economic Indicator,Stable,Premium,,,,False
7280,2024-09-02,96,156,65.33,True,Festival,Competitor Pricing,Increasing,Regular,,,,False
6356,2024-10-29,26,204,93.12,False,Holiday,Competitor Pricing,Stable,Regular,,,,False
8843,2024-04-19,60,453,91.18,True,Festival,Competitor Pricing,Stable,Budget,,,,False
5314,2024-10-05,48,336,83.38,False,Unknown,Competitor Pricing,Increasing,Premium,,,,False
5501,2024-08-21,86,172,99.33,False,Holiday,Unknown,Stable,Premium,,,,False
3978,2024-01-12,96,421,88.46,False,Festival,Unknown,Stable,Premium,,,,False
2168,2024-09-23,95,235,73.95,True,Festival,Competitor Pricing,Stable,Regular,,,,False
7030,2024-08-08,9,170,84.01,True,Unknown,Economic Indicator,Increasing,Premium,,,,False
7790,2024-04-23,27,323,14.38,True,Holiday,Competitor Pricing,Stable,Regular,,,,False
4644,2024-08-30,64,479,16.82,True,Festival,Economic Indicator,Increasing,Regular,,,,False
6629,2024-01-21,97,72,49.5,True,Unknown,Competitor Pricing,Decreasing,Premium,,,,False
9736,2024-11-23,41,412,9.79,False,Unknown,Economic Indicator,Stable,Regular,,,,False
9430,2024-10-16,56,37,80.48,False,Holiday,Unknown,Decreasing,Premium,,,,False
5440,2024-04-12,43,89,63.79,False,Unknown,Economic Indicator,Increasing,Budget,,,,False
3608,2024-05-21,84,175,40.61,True,Holiday,Unknown,Decreasing,Premium,,,,False
6276,2024-05-09,94,164,39.14,True,Holiday,Competitor Pricing,Decreasing,Budget,,,,False
3963,2024-08-24,19,194,81.49,False,Holiday,Unknown,Stable,Premium,,,,False
4120,2024-10-29,52,189,91.56,True,Festival,Unknown,Stable,Budget,,,,False
4156,2024-06-10,66,77,94.19,True,Unknown,Competitor Pricing,Stable,Regular,,,,False
7208,2024-07-12,21,411,64.82,True,Holiday,Unknown,Stable,Premium,,,,False
4170,2024-09-25,13,300,9.66,True,Festival,Competitor Pricing,Stable,Premium,,,,False
5100,2024-09-25,48,190,63.31,True,Holiday,Competitor Pricing,Decreasing,Budget,,,,False
4082,2024-05-27,58,454,93.93,True,Unknown,Competitor Pricing,Increasing,Budget,,,,False
4913,2024-12-13,79,370,58.93,True,Festival,Unknown,Stable,Regular,,,,False
6403,2024-11-17,70,122,64.85,False,Unknown,Economic Indicator,Decreasing,Premium,,,,False
6945,2024-04-19,25,185,7.84,True,Holiday,Unknown,Stable,Regular,,,,False
5112,2024-08-04,13,20,46.33,False,Unknown,Competitor Pricing,Increasing,Premium,,,,False
8568,2024-07-18,72,405,71.28,True,Festival,Competitor Pricing,Stable,Budget,,,,False
8090,2024-08-31,74,293,95.81,True,Festival,Unknown,Decreasing,Regular,,,,False
3400,2024-09-01,5,374,66.83,True,Festival,Economic Indicator,Increasing,Premium,,,,False
8918,2024-03-05,4,263,51.4,True,Holiday,Weather,Decreasing,Regular,,,,False
5179,2024-12-13,26,101,92.4,True,Holiday,Economic Indicator,Increasing,Premium,,,,False
2503,2024-04-18,35,340,60.32,True,Unknown,Economic Indicator,Increasing,Budget,,,,False
7245,2024-02-05,65,495,46.74,False,Festival,Weather,Decreasing,Premium,,,,False
3536,2024-03-25,23,294,23.09,True,Unknown,Economic Indicator,Stable,Budget,,,,False
7140,2024-09-22,15,98,29.66,True,Festival,Unknown,Stable,Budget,,,,False
9177,2024-05-20,82,109,71.76,False,Festival,Weather,Increasing,Regular,,,,False
9046,2024-09-29,37,127,91.06,True,Holiday,Unknown,Stable,Regular,,,,False
6521,2024-08-01,82,417,90.53,False,Festival,Competitor Pricing,Stable,Regular,,,,False
6423,2024-05-17,41,431,77.69,False,Festival,Economic Indicator,Stable,Premium,,,,False
1802,2024-05-14,71,342,64.19,True,Holiday,Unknown,Increasing,Premium,,,,False
8938,2024-09-14,96,378,95.8,True,Holiday,Economic Indicator,Increasing,Regular,,,,False
5572,2024-04-11,28,210,82.61,False,Festival,Competitor Pricing,Decreasing,Budget,,,,False
5228,2024-12-27,45,347,74.76,False,Unknown,Competitor Pricing,Increasing,Regular,,,,False
6540,2024-03-25,27,73,78.74,True,Unknown,Weather,Increasing,Premium,,,,False
2520,2024-03-15,73,408,40.38,False,Holiday,Weather,Stable,Premium,,,,False
8339,2024-05-15,87,83,73.62,False,Holiday,Competitor Pricing,Stable,Budget,,,,False
4560,2024-09-29,85,299,7.59,True,Holiday,Competitor Pricing,Increasing,Budget,,,,False
5564,2024-10-04,39,120,92.24,False,Holiday,Unknown,Increasing,Budget,,,,False
4356,2024-01-05,67,413,92.04,False,Unknown,Weather,Stable,Regular,,,,False
2857,2024-10-28,6,321,92.75,False,Unknown,Competitor Pricing,Decreasing,Budget,,,,False
6274,2024-07-16,34,43,7.87,True,Festival,Weather,Stable,Regular,,,,False
1746,2024-05-26,45,71,52.29,True,Holiday,Economic Indicator,Stable,Premium,,,,False
2610,2024-03-31,53,108,90.83,False,Holiday,Unknown,Decreasing,Regular,,,,False
9030,2024-03-04,28,233,24.85,False,Holiday,Economic Indicator,Increasing,Budget,,,,False
3217,2024-02-13,52,9,84.55,True,Unknown,Unknown,Increasing,Budget,,,,False
4621,2024-02-19,7,384,85.35,True,Festival,Economic Indicator,Increasing,Premium,,,,False
7932,2024-06-14,14,439,39.78,False,Unknown,Competitor Pricing,Decreasing,Regular,,,,False
1949,2024-07-27,49,289,15.1,False,Holiday,Unknown,Stable,Regular,,,,False
7689,2024-09-01,91,1,74.96,True,Unknown,Weather,Decreasing,Budget,,,,False
8232,2024-03-17,46,213,18.89,False,Holiday,Economic Indicator,Increasing,Premium,,,,False
8036,2024-06-17,63,234,26.84,False,Unknown,Economic Indicator,Decreasing,Premium,,,,False
6365,2024-08-29,14,392,25.35,True,Unknown,Competitor Pricing,Stable,Regular,,,,False
7829,2024-09-04,43,295,51.82,True,Holiday,Competitor Pricing,Decreasing,Regular,,,,False
6470,2024-08-22,40,256,53.08,False,Festival,Weather,Decreasing,Regular,,,,False
8522,2024-05-06,97,38,45.46,True,Unknown,Economic Indicator,Increasing,Budget,,,,False
2260,2024-05-31,92,418,23.89,True,Unknown,Economic Indicator,Decreasing,Regular,,,,False
1617,2024-04-01,94,207,12.78,True,Holiday,Competitor Pricing,Stable,Regular,,,,False
2418,2024-01-08,18,143,20.46,False,Holiday,Economic Indicator,Stable,Regular,,,,False
6950,2024-11-23,96,59,51.91,False,Festival,Unknown,Stable,Budget,,,,False
2294,2024-03-07,83,398,38.06,True,Holiday,Competitor Pricing,Stable,Regular,,,,False
9789,2024-12-24,70,495,23.07,True,Unknown,Weather,Stable,Regular,,,,False
6140,2024-11-23,30,3,88.69,True,Festival,Weather,Increasing,Budget,,,,False
3094,2024-11-16,71,162,45.5,True,Festival,Unknown,Stable,Regular,,,,False
7505,2024-07-21,41,493,43.55,False,Festival,Unknown,Decreasing,Premium,,,,False
8413,2024-01-25,91,459,50.78,True,Festival,Unknown,Stable,Regular,,,,False
3863,2024-03-10,14,422,90.42,False,Unknown,Unknown,Increasing,Premium,,,,False
8496,2024-01-03,55,243,59.48,False,Holiday,Unknown,Decreasing,Budget,,,,False
1862,2024-09-03,86,265,7.08,False,Festival,Economic Indicator,Stable,Regular,,,,False
4429,2024-10-25,62,465,30.67,False,Festival,Economic Indicator,Stable,Budget,,,,False
3583,2024-03-20,70,364,28.1,False,Festival,Weather,Stable,Budget,,,,False
1201,2024-03-16,61,315,21.15,True,Holiday,Unknown,Increasing,Budget,,,,False
3273,2024-09-06,56,263,14.68,True,Festival,Economic Indicator,Increasing,Budget,,,,False
4826,2024-04-24,17,307,8.83,False,Festival,Competitor Pricing,Increasing,Regular,,,,False
2725,2024-06-18,72,475,39.41,False,Holiday,Weather,Decreasing,Budget,,,,False
3250,2024-03-03,39,45,14.63,False,Unknown,Competitor Pricing,Decreasing,Regular,,,,False
8394,2024-11-08,16,498,60.65,True,Holiday,Unknown,Decreasing,Premium,,,,False
9365,2024-08-30,8,86,29.61,True,Holiday,Competitor Pricing,Decreasing,Budget,,,,False
7962,2024-11-09,25,426,14.42,True,Festival,Economic Indicator,Decreasing,Regular,,,,False
6112,2024-10-23,42,129,55.58,False,Holiday,Competitor Pricing,Increasing,Premium,,,,False
8342,2024-07-24,91,115,86.24,False,Festival,Weather,Decreasing,Regular,,,,False
4227,2024-07-21,61,313,90.64,False,Unknown,Unknown,Decreasing,Budget,,,,False
6619,2024-08-25,68,322,23.09,False,Festival,Weather,Stable,Premium,,,,False
6780,2024-09-18,3,431,79.51,True,Unknown,Weather,Decreasing,Premium,,,,False
8622,2024-08-05,80,350,11.87,True,Holiday,Economic Indicator,Increasing,Premium,,,,False
4938,2024-01-26,73,144,71.83,True,Unknown,Weather,Increasing,Budget,,,,False
5289,2024-02-28,66,376,33.63,True,Holiday,Economic Indicator,Increasing,Premium,,,,False
4846,2024-01-02,70,82,6.76,True,Festival,Competitor Pricing,Decreasing,Regular,,,,False
9061,2024-10-16,54,438,76.1,False,Festival,Weather,Stable,Regular,,,,False
2740,2024-03-09,70,348,5.18,False,Festival,Competitor Pricing,Increasing,Budget,,,,False
8906,2024-05-10,18,477,79.09,True,Festival,Competitor Pricing,Decreasing,Premium,,,,False
9518,2024-10-25,34,256,95.49,True,Holiday,Economic Indicator,Stable,Budget,,,,False
5992,2024-12-24,74,62,66.87,False,Unknown,Weather,Decreasing,Premium,,,,False
5991,2024-01-10,22,465,31.4,True,Unknown,Economic Indicator,Increasing,Premium,,,,False
9371,2024-10-26,14,358,54.58,True,Festival,Unknown,Stable,Regular,,,,False
7171,2024-11-21,41,422,39.95,True,Festival,Weather,Stable,Regular,,,,False
8053,2024-02-03,72,467,39.67,True,Unknown,Competitor Pricing,Stable,Budget,,,,False
4969,2024-09-17,20,498,24.63,True,Holiday,Competitor Pricing,Increasing,Premium,,,,False
6043,2024-07-28,29,109,41.99,True,Unknown,Competitor Pricing,Increasing,Premium,,,,False
4560,2024-07-30,38,278,94.8,False,Festival,Unknown,Decreasing,Regular,,,,False
8329,2024-08-23,75,323,37.28,True,Holiday,Unknown,Decreasing,Premium,12.87,81.08,1.19,True
3807,2024-09-11,27,58,24.96,True,Holiday,Competitor Pricing,Stable,Budget,,,,False
4011,2024-04-13,94,482,12.12,True,Unknown,Economic Indicator,Stable,Premium,,,,False
2962,2024-01-12,11,245,95.1,False,Holiday,Economic Indicator,Decreasing,Premium,,,,False
1564,2024-10-24,12,131,66.82,True,Holiday,Weather,Stable,Budget,,,,False
5150,2024-03-14,45,498,38.69,False,Unknown,Competitor Pricing,Increasing,Regular,,,,False
8664,2024-04-28,14,435,86.33,False,Holiday,Economic Indicator,Decreasing,Premium,,,,False
7229,2024-12-11,89,106,82.08,False,Festival,Economic Indicator,Increasing,Regular,,,,False
1174,2024-04-26,49,375,70.38,False,Festival,Competitor Pricing,Decreasing,Budget,10.37,69.83,2.29,True
6402,2024-03-05,4,356,23.59,False,Holiday,Competitor Pricing,Increasing,Premium,,,,False
2950,2024-12-15,93,383,19.28,False,Holiday,Unknown,Decreasing,Budget,,,,False
1860,2024-10-13,74,372,43.2,False,Festival,Weather,Increasing,Premium,,,,False
5950,2024-11-01,48,194,73.71,False,Unknown,Competitor Pricing,Stable,Budget,,,,False
9323,2024-04-05,92,140,92.41,True,Unknown,Weather,Increasing,Regular,,,,False
2065,2024-12-27,47,232,96.96,True,Festival,Unknown,Increasing,Budget,,,,False
6783,2024-06-17,55,258,66.77,False,Holiday,Unknown,Decreasing,Premium,,,,False
4979,2024-09-03,24,412,83.98,True,Holiday,Weather,Stable,Premium,,,,False
5339,2024-07-28,50,405,35.9,False,Unknown,Competitor Pricing,Increasing,Budget,,,,False
5522,2024-04-27,24,424,72.74,True,Unknown,Economic Indicator,Increasing,Regular,,,,False
1035,2024-08-13,43,143,76.66,True,Unknown,Economic Indicator,Stable,Regular,,,,False
7613,2024-09-01,76,372,80.36,False,Festival,Unknown,Increasing,Regular,,,,False
3334,2024-04-17,4,334,49.25,False,Unknown,Competitor Pricing,Increasing,Premium,,,,False
1107,2024-04-15,96,450,81.76,True,Unknown,Economic Indicator,Decreasing,Budget,,,,False
1819,2024-09-15,69,110,76.42,True,Unknown,Competitor Pricing,Increasing,Budget,,,,False
3256,2024-08-21,99,336,5.3,True,Unknown,Unknown,Decreasing,Premium,,,,False
2730,2024-08-04,57,307,70.21,True,Unknown,Weather,Stable,Budget,,,,False
5516,2024-06-06,74,482,51.73,True,Festival,Economic Indicator,Decreasing,Premium,,,,False
4653,2024-10-27,39,266,54.58,False,Holiday,Weather,Stable,Premium,,,,False
1972,2024-03-12,31,49,62.19,True,Unknown,Unknown,Stable,Regular,,,,False
2944,2024-05-01,92,443,69.49,True,Festival,Weather,Stable,Regular,,,,False
5046,2024-06-19,63,202,94.31,False,Festival,Weather,Stable,Budget,,,,False
3054,2024-02-11,67,392,91.29,False,Holiday,Competitor Pricing,Increasing,Regular,,,,False
9869,2024-05-02,55,469,16.39,True,Holiday,Economic Indicator,Decreasing,Budget,,,,False
9389,2024-01-22,53,477,9.24,False,Festival,Unknown,Increasing,Budget,,,,False
4449,2024-07-07,90,215,10.46,True,Holiday,Weather,Increasing,Budget,,,,False
4478,2024-03-27,10,127,99.23,False,Holiday,Weather,Decreasing,Regular,,,,False
1536,2024-05-04,12,61,96.52,False,Unknown,Competitor Pricing,Decreasing,Premium,,,,False
7165,2024-12-22,29,494,49.48,False,Unknown,Weather,Decreasing,Budget,,,,False
5084,2024-07-27,69,284,58.98,False,Unknown,Weather,Stable,Premium,,,,False
7921,2024-11-12,60,28,9.74,True,Festival,Weather,Stable,Budget,,,,False
7706,2024-09-27,61,409,54.69,True,Unknown,Weather,Stable,Regular,,,,False
6507,2024-07-17,51,204,70.22,False,Festival,Competitor Pricing,Stable,Budget,,,,False
6059,2024-01-17,66,15,59.47,True,Holiday,Unknown,Decreasing,Budget,,,,False
9513,2024-06-05,60,14,26.92,False,Festival,Unknown,Increasing,Premium,,,,False
6814,2024-07-21,26,268,92.92,True,Festival,Economic Indicator,Stable,Budget,,,,False
9399,2024-03-10,17,340,65.27,True,Unknown,Unknown,Decreasing,Budget,,,,False
6865,2024-08-12,92,365,29.59,True,Unknown,Competitor Pricing,Decreasing,Premium,,,,False
3659,2024-05-10,31,95,53.02,False,Holiday,Competitor Pricing,Decreasing,Budget,,,,False
5587,2024-07-04,62,47,78.3,False,Unknown,Competitor Pricing,Stable,Regular,,,,False
8480,2024-06-01,68,448,58.62,False,Unknown,Competitor Pricing,Increasing,Budget,,,,False
9690,2024-07-24,2,181,50.67,False,Festival,Unknown,Increasing,Regular,,,,False
7788,2024-02-06,82,167,11.32,False,Unknown,Unknown,Increasing,Premium,,,,False
1744,2024-02-04,14,410,8.08,False,Holiday,Unknown,Stable,Regular,,,,False
5738,2024-11-08,96,175,38.38,False,Festival,Weather,Stable,Premium,,,,False
5963,2024-06-19,92,120,98.69,True,Unknown,Weather,Stable,Budget,,,,False
9330,2024-02-17,13,97,57.53,True,Unknown,Competitor Pricing,Increasing,Regular,,,,False
2557,2024-12-20,29,416,49.42,False,Holiday,Competitor Pricing,Increasing,Premium,,,,False
7962,2024-09-06,17,415,18.89,True,Festival,Weather,Decreasing,Budget,,,,False
4351,2024-10-08,59,465,24.92,False,Unknown,Economic Indicator,Stable,Budget,,,,False
5144,2024-06-06,81,398,89.41,False,Festival,Competitor Pricing,Decreasing,Regular,,,,False
9588,2024-07-25,14,369,61.67,False,Festival,Unknown,Increasing,Regular,,,,False
2309,2024-03-20,9,240,94.35,False,Festival,Unknown,Decreasing,Budget,,,,False
9451,2024-01-01,29,209,94.7,False,Unknown,Competitor Pricing,Increasing,Budget,,,,False
2538,2024-03-01,56,69,33.27,False,Holiday,Competitor Pricing,Stable,Budget,,,,False
4795,2024-06-04,49,418,83.03,False,Holiday,Unknown,Decreasing,Budget,,,,False
1541,2024-06-17,85,279,73.82,True,Holiday,Competitor Pricing,Stable,Budget,,,,False
6393,2024-12-01,19,191,57.94,True,Unknown,Economic Indicator,Stable,Budget,,,,False
4812,2024-07-26,26,24,28.07,True,Unknown,Competitor Pricing,Decreasing,Budget,,,,False
5450,2024-06-25,98,288,62.76,True,Holiday,Weather,Decreasing,Premium,,,,False
4885,2024-09-07,78,264,66.29,False,Holiday,Weather,Stable,Premium,,,,False
2222,2024-01-28,81,409,65.09,True,Festival,Weather,Increasing,Regular,,,,False
7656,2024-02-12,44,144,55.4,True,Holiday,Weather,Stable,Regular,,,,False
2180,2024-05-31,67,25,7.63,True,Unknown,Competitor Pricing,Decreasing,Budget,,,,False
1834,2024-03-05,10,445,12.41,False,Holiday,Competitor Pricing,Increasing,Regular,,,,False
4654,2024-07-24,96,231,68.64,False,Unknown,Economic Indicator,Increasing,Budget,,,,False
4353,2024-05-25,80,19,54.62,False,Unknown,Weather,Increasing,Regular,,,,False
5619,2024-11-07,24,487,7.15,False,Unknown,Unknown,Decreasing,Premium,,,,False
7692,2024-01-18,42,463,80.57,False,Unknown,Economic Indicator,Decreasing,Premium,,,,False
5130,2024-03-14,19,233,23.16,False,Holiday,Competitor Pricing,Stable,Regular,,,,False
9494,2024-12-10,50,288,13.74,False,Unknown,Weather,Increasing,Premium,,,,False
7523,2024-09-09,31,283,27.97,False,Holiday,Competitor Pricing,Increasing,Budget,,,,False
7166,2024-01-31,87,230,13.4,False,Festival,Unknown,Increasing,Budget,,,,False
7521,2024-12-23,39,216,28.43,True,Festival,Unknown,Decreasing,Budget,,,,False
7014,2024-05-30,66,190,12.67,True,Festival,Weather,Decreasing,Budget,,,,False
1770,2024-11-14,45,332,77.54,True,Festival,Economic Indicator,Stable,Regular,,,,False
7368,2024-03-05,5,376,13.33,False,Festival,Competitor Pricing,Increasing,Premium,,,,False
4328,2024-07-13,4,331,88.03,True,Unknown,Economic Indicator,Increasing,Premium,,,,False
2155,2024-04-22,14,248,99.83,True,Festival,Unknown,Stable,Regular,,,,False
9293,2024-01-09,35,412,5.79,True,Holiday,Unknown,Decreasing,Budget,,,,False
4797,2024-04-07,78,362,52.4,True,Holiday,Economic Indicator,Stable,Regular,,,,False
3461,2024-12-04,63,75,20.53,False,Holiday,Weather,Decreasing,Premium,,,,False
6267,2024-07-27,62,71,32.52,False,Holiday,Weather,Stable,Premium,,,,False
2587,2024-03-29,49,129,49.82,False,Holiday,Competitor Pricing,Decreasing,Budget,,,,False
9209,2024-06-29,32,66,34.64,True,Holiday,Economic Indicator,Decreasing,Budget,,,,False
8915,2024-09-10,92,148,79.72,False,Holiday,Competitor Pricing,Decreasing,Premium,,,,False
1993,2024-12-22,21,497,97.42,True,Holiday,Competitor Pricing,Decreasing,Budget,,,,False
8563,2024-11-18,9,173,5.42,True,Holiday,Economic Indicator,Stable,Premium,,,,False
6147,2024-08-30,86,1,6.95,True,Festival,Economic Indicator,Decreasing,Budget,,,,False
8742,2024-11-07,71,158,23.69,True,Festival,Unknown,Stable,Regular,,,,False
7111,2024-08-05,57,293,56.34,False,Festival,Weather,Increasing,Regular,,,,False
3390,2024-11-20,65,143,29.12,True,Festival,Economic Indicator,Decreasing,Budget,,,,False
6088,2024-06-18,25,24,58.63,False,Unknown,Economic Indicator,Stable,Regular,,,,False
2278,2024-09-02,95,430,57.13,True,Holiday,Unknown,Decreasing,Premium,,,,False
6700,2024-09-07,25,54,54.11,False,Holiday,Unknown,Stable,Budget,,,,False
6039,2024-12-26,41,88,59.5,False,Unknown,Competitor Pricing,Decreasing,Budget,,,,False
2873,2024-07-05,4,201,26.47,False,Festival,Competitor Pricing,Stable,Premium,,,,False
5719,2024-03-03,16,360,24.25,True,Unknown,Competitor Pricing,Stable,Regular,,,,False
2858,2024-10-21,5,100,36.71,True,Festival,Weather,Decreasing,Regular,,,,False
8117,2024-04-01,64,475,35.58,False,Festival,Weather,Stable,Budget,,,,False
2946,2024-04-23,11,101,40.66,True,Unknown,Weather,Decreasing,Regular,,,,False
4023,2024-12-20,33,138,92.99,True,Festival,Competitor Pricing,Decreasing,Premium,,,,False
5289,2024-04-27,4,35,86.55,True,Holiday,Economic Indicator,Increasing,Budget,,,,False
3738,2024-09-13,92,214,69.5,False,Holiday,Unknown,Stable,Premium,,,,False
2088,2024-12-28,76,36,64.41,True,Festival,Competitor Pricing,Stable,Budget,,,,False
9822,2024-06-03,88,267,84.86,True,Holiday,Unknown,Decreasing,Premium,,,,False
9170,2024-12-13,35,359,23.68,True,Holiday,Competitor Pricing,Increasing,Premium,,,,False
7392,2024-03-24,13,47,46.4,True,Festival,Unknown,Stable,Budget,,,,False
4439,2024-11-11,11,449,87.53,False,Unknown,Economic Indicator,Stable,Regular,,,,False
1382,2024-05-27,65,19,78.88,False,Unknown,Competitor Pricing,Stable,Premium,,,,False
8798,2024-03-19,56,87,68.99,False,Unknown,Unknown,Decreasing,Premium,,,,False
1244,2024-04-20,78,13,91.09,False,Festival,Competitor Pricing,Increasing,Regular,,,,False
4946,2024-11-04,30,16,94.97,True,Holiday,Economic Indicator,Increasing,Regular,,,,False
7783,2024-12-20,43,83,47.53,False,Holiday,Economic Indicator,Decreasing,Premium,,,,False
6133,2024-07-28,25,69,14.42,True,Unknown,Weather,Decreasing,Budget,,,,False
5916,2024-12-08,37,460,43.78,True,Unknown,Weather,Increasing,Budget,,,,False
3015,2024-07-20,43,126,26.87,False,Unknown,Competitor Pricing,Increasing,Regular,,,,False
1945,2024-10-28,86,229,17.25,True,Unknown,Unknown,Stable,Budget,,,,False
8357,2024-06-16,56,41,94.15,True,Holiday,Weather,Stable,Regular,,,,False
4872,2024-12-18,69,483,17.5,False,Festival,Competitor Pricing,Increasing,Premium,,,,False
2307,2024-12-14,13,80,35.84,False,Holiday,Weather,Increasing,Premium,,,,False
7074,2024-11-04,87,306,47.57,False,Holiday,Weather,Decreasing,Regular,,,,False
5443,2024-08-28,96,257,32.78,True,Unknown,Competitor Pricing,Decreasing,Premium,,,,False
2425,2024-12-27,77,216,5.37,False,Holiday,Economic Indicator,Decreasing,Budget,,,,False
9755,2024-10-06,39,231,17.53,False,Holiday,Competitor Pricing,Increasing,Regular,,,,False
9490,2024-01-06,41,366,46.62,True,Unknown,Unknown,Decreasing,Budget,,,,False
5543,2024-11-05,14,175,81.92,True,Festival,Competitor Pricing,Increasing,Premium,,,,False
2538,2024-12-24,41,115,33.94,False,Unknown,Economic Indicator,Stable,Regular,,,,False
3032,2024-05-01,10,355,19.2,True,Festival,Competitor Pricing,Increasing,Regular,,,,False
1771,2024-06-08,19,465,19.65,False,Festival,Weather,Increasing,Budget,,,,False
4917,2024-01-18,43,313,30.96,False,Unknown,Economic Indicator,Increasing,Regular,,,,False
7431,2024-08-26,24,383,40.01,True,Unknown,Economic Indicator,Stable,Premium,,,,False
8695,2024-07-17,99,459,42.12,True,Holiday,Unknown,Increasing,Budget,,,,False
3716,2024-01-11,28,260,29.51,False,Holiday,Weather,Stable,Regular,,,,False
8791,2024-04-19,37,14,82.55,False,Holiday,Unknown,Stable,Budget,,,,False
2405,2024-09-12,22,118,56.02,True,Holiday,Weather,Stable,Budget,,,,False
7416,2024-04-20,55,298,54.23,True,Unknown,Unknown,Stable,Regular,,,,False
8979,2024-07-18,36,13,46.52,False,Festival,Competitor Pricing,Decreasing,Premium,,,,False
1377,2024-06-15,80,87,37.98,False,Unknown,Unknown,Decreasing,Premium,,,,False
2702,2024-09-03,69,81,76.0,True,Unknown,Weather,Stable,Regular,,,,False
1090,2024-01-09,55,163,60.32,False,Festival,Economic Indicator,Stable,Budget,,,,False
1250,2024-03-18,51,477,54.85,True,Unknown,Competitor Pricing,Decreasing,Budget,,,,False
6594,2024-05-26,7,15,24.15,False,Unknown,Weather,Decreasing,Budget,,,,False
3114,2024-07-26,84,222,92.84,False,Festival,Weather,Decreasing,Premium,,,,False
4384,2024-03-22,88,130,25.62,True,Festival,Weather,Increasing,Premium,,,,False
4786,2024-07-16,12,89,54.8,False,Festival,Competitor Pricing,Increasing,Budget,,,,False
1539,2024-10-02,14,456,75.06,False,Unknown,Economic Indicator,Increasing,Budget,,,,False
2967,2024-06-09,50,303,38.77,False,Holiday,Economic Indicator,Decreasing,Premium,,,,False
1445,2024-08-04,46,31,81.03,True,Festival,Unknown,Increasing,Budget,,,,False
8977,2024-12-24,83,265,29.33,False,Holiday,Weather,Stable,Regular,,,,False
7869,2024-06-20,42,258,66.12,False,Unknown,Economic Indicator,Increasing,Regular,,,,False
5681,2024-06-23,30,324,10.79,True,Unknown,Weather,Decreasing,Budget,,,,False
6940,2024-02-04,43,449,14.79,False,Festival,Competitor Pricing,Increasing,Regular,,,,False
6393,2024-05-10,45,56,13.59,False,Festival,Weather,Increasing,Budget,,,,False
6969,2024-05-17,56,134,65.27,False,Festival,Unknown,Decreasing,Budget,,,,False
5238,2024-03-31,57,172,42.34,True,Holiday,Weather,Stable,Regular,,,,False
1757,2024-04-19,93,189,60.93,True,Holiday,Economic Indicator,Stable,Budget,,,,False
1113,2024-08-18,74,456,67.54,True,Unknown,Economic Indicator,Increasing,Premium,,,,False
2733,2024-02-08,39,306,80.39,False,Holiday,Competitor Pricing,Increasing,Regular,,,,False
7960,2024-03-08,81,71,69.37,True,Unknown,Economic Indicator,Stable,Budget,,,,False
6594,2024-06-02,84,240,95.5,False,Unknown,Competitor Pricing,Stable,Budget,,,,False
5836,2024-05-28,52,432,13.82,True,Unknown,Competitor Pricing,Increasing,Budget,,,,False
5828,2024-01-11,28,96,50.46,False,Unknown,Economic Indicator,Stable,Regular,,,,False
9341,2024-07-16,58,483,20.2,False,Unknown,Economic Indicator,Increasing,Premium,,,,False
1900,2024-11-29,46,237,86.4,True,Unknown,Weather,Stable,Premium,,,,False
1360,2024-04-01,85,284,43.85,True,Holiday,Competitor Pricing,Stable,Regular,,,,False
2122,2024-09-03,47,82,8.21,True,Unknown,Unknown,Decreasing,Regular,,,,False
3208,2024-02-13,51,403,84.95,True,Festival,Unknown,Stable,Premium,,,,False
6168,2024-03-03,81,406,97.69,True,Holiday,Unknown,Decreasing,Premium,,,,False
5219,2024-01-10,6,139,29.89,False,Holiday,Economic Indicator,Decreasing,Premium,64.06,94.78,1.58,True
8323,2024-05-13,23,203,43.83,False,Holiday,Weather,Decreasing,Premium,,,,False
5311,2024-06-05,67,412,95.93,True,Holiday,Economic Indicator,Decreasing,Budget,,,,False
3273,2024-12-09,5,174,23.21,False,Festival,Economic Indicator,Increasing,Premium,,,,False
9681,2024-10-08,51,437,70.46,True,Festival,Competitor Pricing,Decreasing,Regular,,,,False
1101,2024-02-17,94,198,84.77,True,Unknown,Weather,Increasing,Premium,,,,False
1633,2024-08-30,6,128,71.37,False,Holiday,Weather,Stable,Budget,,,,False
5227,2024-06-17,53,419,62.79,True,Unknown,Weather,Decreasing,Budget,,,,False
2738,2024-10-04,41,39,66.2,False,Festival,Competitor Pricing,Decreasing,Budget,,,,False
9928,2024-09-03,75,38,17.5,False,Unknown,Weather,Increasing,Budget,,,,False
7971,2024-04-05,48,105,71.18,True,Unknown,Economic Indicator,Increasing,Regular,,,,False
5179,2024-08-25,57,304,41.84,True,Holiday,Economic Indicator,Stable,Premium,,,,False
6715,2024-01-16,79,349,17.38,False,Holiday,Competitor Pricing,Increasing,Regular,,,,False
1382,2024-12-17,44,261,91.3,True,Festival,Unknown,Increasing,Premium,,,,False
9294,2024-07-19,87,296,41.03,True,Unknown,Competitor Pricing,Increasing,Premium,,,,False
5090,2024-10-17,51,280,89.95,False,Holiday,Unknown,Increasing,Regular,,,,False
3023,2024-04-04,74,277,71.38,False,Festival,Competitor Pricing,Increasing,Regular,,,,False
7227,2024-09-03,44,67,64.02,True,Festival,Economic Indicator,Decreasing,Regular,,,,False
5799,2024-12-30,59,390,95.8,False,Unknown,Weather,Stable,Regular,,,,False
9608,2024-01-09,43,88,51.87,True,Festival,Competitor Pricing,Stable,Regular,,,,False
9839,2024-01-01,62,29,70.33,False,Holiday,Economic Indicator,Decreasing,Budget,,,,False
4938,2024-02-28,7,111,11.13,True,Festival,Weather,Stable,Premium,,,,False
6596,2024-03-18,95,201,24.8,True,Holiday,Weather,Stable,Premium,,,,False
6301,2024-04-09,81,104,10.92,False,Festival,Competitor Pricing,Increasing,Regular,,,,False
6963,2024-06-11,51,403,5.69,True,Unknown,Competitor Pricing,Increasing,Premium,,,,False
2616,2024-06-15,27,372,23.48,False,Holiday,Weather,Decreasing,Premium,,,,False
5845,2024-05-04,23,32,23.0,False,Holiday,Unknown,Increasing,Regular,,,,False
2822,2024-06-20,61,83,71.75,True,Unknown,Competitor Pricing,Stable,Premium,,,,False
1569,2024-12-29,71,429,7.29,False,Festival,Weather,Decreasing,Regular,,,,False
7398,2024-04-20,94,448,26.87,False,Festival,Weather,Increasing,Premium,,,,False
6739,2024-02-25,10,121,49.88,False,Holiday,Weather,Increasing,Regular,,,,False
4215,2024-01-03,77,336,14.34,True,Festival,Economic Indicator,Increasing,Premium,,,,False
7026,2024-03-03,66,411,56.33,True,Holiday,Competitor Pricing,Increasing,Regular,,,,False
4033,2024-09-09,37,330,88.54,False,Unknown,Unknown,Increasing,Regular,,,,False
7803,2024-12-04,35,484,82.24,False,Unknown,Economic Indicator,Decreasing,Regular,,,,False
6758,2024-03-29,25,130,32.44,False,Festival,Economic Indicator,Stable,Premium,,,,False
2779,2024-04-08,28,318,66.38,True,Festival,Unknown,Stable,Budget,,,,False
3198,2024-03-05,49,157,49.12,True,Festival,Weather,Decreasing,Budget,,,,False
8180,2024-09-14,27,368,16.31,False,Festival,Weather,Increasing,Regular,,,,False
2327,2024-11-21,92,15,84.47,True,Unknown,Economic Indicator,Decreasing,Premium,,,,False
3279,2024-02-28,79,294,82.19,False,Holiday,Unknown,Increasing,Premium,,,,False
1136,2024-02-19,52,227,88.21,True,Unknown,Economic Indicator,Decreasing,Premium,,,,False
1178,2024-05-07,62,101,12.31,False,Unknown,Unknown,Decreasing,Premium,,,,False
8694,2024-03-20,29,423,72.47,True,Festival,Economic Indicator,Decreasing,Premium,,,,False
4443,2024-11-01,75,206,51.6,False,Holiday,Competitor Pricing,Increasing,Premium,,,,False
4843,2024-03-02,25,336,88.37,True,Holiday,Economic Indicator,Decreasing,Budget,,,,False
4084,2024-01-19,86,205,7.97,False,Holiday,Economic Indicator,Increasing,Regular,,,,False
5870,2024-04-25,3,464,51.59,True,Holiday,Weather,Stable,Budget,,,,False
6961,2024-06-28,50,319,75.21,False,Unknown,Unknown,Decreasing,Budget,,,,False
9281,2024-04-11,39,62,66.65,False,Festival,Weather,Decreasing,Regular,,,,False
9418,2024-11-30,26,289,54.81,True,Festival,Economic Indicator,Decreasing,Budget,,,,False
4121,2024-10-24,21,42,43.53,False,Holiday,Weather,Increasing,Regular,,,,False
1045,2024-06-05,5,320,44.14,False,Unknown,Unknown,Increasing,Premium,,,,False
7306,2024-08-08,16,303,8.94,True,Festival,Weather,Increasing,Regular,,,,False
4561,2024-03-30,32,2,89.66,False,Unknown,Unknown,Decreasing,Regular,,,,False
2601,2024-11-26,14,380,16.91,True,Unknown,Competitor Pricing,Stable,Premium,,,,False
6917,2024-06-30,72,380,45.44,False,Festival,Competitor Pricing,Stable,Premium,,,,False
4613,2024-07-19,98,484,8.34,True,Holiday,Economic Indicator,Stable,Budget,,,,False
9959,2024-06-22,81,490,74.17,False,Festival,Unknown,Increasing,Budget,,,,False
7224,2024-11-08,98,23,67.56,False,Festival,Competitor Pricing,Stable,Regular,,,,False
2527,2024-09-16,87,59,22.6,True,Holiday,Economic Indicator,Stable,Budget,,,,False
9918,2024-05-16,91,176,61.66,False,Unknown,Unknown,Increasing,Budget,,,,False
7949,2024-07-29,36,258,79.66,False,Holiday,Competitor Pricing,Decreasing,Premium,,,,False
5149,2024-05-14,93,141,95.64,False,Festival,Economic Indicator,Decreasing,Premium,,,,False
8905,2024-01-21,80,236,14.23,True,Festival,Economic Indicator,Stable,Regular,,,,False
6759,2024-10-30,55,25,71.7,True,Unknown,Competitor Pricing,Stable,Regular,,,,False
3242,2024-11-06,9,456,26.51,False,Holiday,Weather,Decreasing,Regular,,,,False
4711,2024-05-21,15,227,29.18,True,Festival,Economic Indicator,Stable,Premium,,,,False
1890,2024-06-30,14,439,71.16,True,Festival,Unknown,Stable,Regular,,,,False
3391,2024-01-15,59,467,90.76,False,Unknown,Unknown,Stable,Premium,,,,False
5789,2024-12-18,93,267,21.47,False,Holiday,Economic Indicator,Stable,Budget,,,,False
8900,2024-06-02,67,100,25.66,True,Unknown,Economic Indicator,Decreasing,Regular,,,,False
6690,2024-04-27,24,26,93.99,False,Holiday,Unknown,Decreasing,Budget,,,,False
9133,2024-02-19,22,13,60.08,True,Festival,Competitor Pricing,Stable,Regular,,,,False
8342,2024-01-15,83,473,11.85,True,Unknown,Unknown,Increasing,Budget,,,,False
4597,2024-03-26,70,418,99.89,False,Holiday,Competitor Pricing,Decreasing,Budget,,,,False
4863,2024-09-07,24,157,72.2,True,Unknown,Competitor Pricing,Stable,Regular,,,,False
9556,2024-02-24,70,341,35.35,True,Holiday,Weather,Stable,Regular,,,,False
1958,2024-05-04,74,374,79.28,True,Holiday,Weather,Stable,Premium,,,,False
1584,2024-03-17,36,454,83.35,True,Holiday,Economic Indicator,Increasing,Budget,,,,False
4938,2024-04-18,51,28,18.41,True,Unknown,Competitor Pricing,Increasing,Regular,,,,False
5091,2024-05-02,74,162,82.01,False,Unknown,Competitor Pricing,Decreasing,Budget,,,,False
8497,2024-07-31,93,460,62.64,False,Holiday,Competitor Pricing,Increasing,Premium,30.92,53.0,2.41,True
8697,2024-06-26,84,479,26.21,False,Unknown,Unknown,Increasing,Regular,,,,False
4564,2024-05-21,8,25,15.85,True,Unknown,Unknown,Increasing,Budget,,,,False
4583,2024-05-20,2,430,32.68,False,Holiday,Unknown,Stable,Regular,,,,False
4321,2024-02-04,48,186,74.11,True,Holiday,Unknown,Decreasing,Budget,,,,False
3327,2024-08-17,66,21,25.83,True,Unknown,Unknown,Decreasing,Premium,,,,False
8569,2024-10-20,99,263,94.33,True,Unknown,Unknown,Increasing,Premium,,,,False
7831,2024-04-22,99,424,17.41,False,Unknown,Weather,Increasing,Premium,,,,False
4772,2024-09-09,26,63,13.11,True,Unknown,Weather,Stable,Regular,,,,False
6172,2024-01-27,55,455,21.84,True,Holiday,Competitor Pricing,Stable,Regular,,,,False
3053,2024-08-21,86,55,62.07,True,Festival,Weather,Stable,Regular,,,,False
5462,2024-05-11,62,401,54.64,False,Holiday,Competitor Pricing,Decreasing,Regular,,,,False
1528,2024-02-12,98,138,14.75,True,Unknown,Unknown,Stable,Budget,,,,False
4624,2024-07-03,95,135,74.48,True,Festival,Weather,Decreasing,Budget,,,,False
7251,2024-04-15,90,473,89.63,True,Festival,Economic Indicator,Stable,Regular,,,,False
6099,2024-04-02,54,59,11.81,True,Festival,Unknown,Stable,Premium,,,,False
5660,2024-01-08,62,268,76.8,False,Unknown,Unknown,Stable,Regular,,,,False
8841,2024-06-01,27,148,99.25,False,Holiday,Competitor Pricing,Decreasing,Premium,,,,False
3116,2024-11-02,90,458,79.66,True,Unknown,Economic Indicator,Increasing,Budget,,,,False
4563,2024-04-01,56,332,78.2,True,Holiday,Economic Indicator,Decreasing,Budget,,,,False
7481,2024-04-09,38,282,11.7,True,Unknown,Economic Indicator,Decreasing,Regular,,,,False
3235,2024-08-12,71,214,17.89,False,Unknown,Weather,Decreasing,Budget,,,,False
1028,2024-08-21,51,203,74.26,True,Holiday,Weather,Decreasing,Premium,,,,False
7353,2024-10-12,14,416,7.0,True,Unknown,Competitor Pricing,Stable,Budget,,,,False
2334,2024-03-08,85,421,33.64,True,Unknown,Competitor Pricing,Stable,Premium,,,,False
9144,2024-10-25,39,22,82.82,False,Festival,Economic Indicator,Decreasing,Regular,,,,False
8062,2024-10-20,83,72,34.61,False,Festival,Unknown,Increasing,Budget,,,,False
8298,2024-08-08,7,26,62.91,False,Unknown,Unknown,Stable,Regular,,,,False
6374,2024-11-16,78,444,93.17,True,Unknown,Competitor Pricing,Increasing,Budget,,,,False
1131,2024-05-08,87,252,59.99,True,Holiday,Competitor Pricing,Decreasing,Premium,,,,False
6364,2024-11-29,12,96,90.42,True,Unknown,Unknown,Decreasing,Premium,,,,False
8013,2024-07-17,78,50,75.82,True,Festival,Weather,Increasing,Budget,,,,False
2011,2024-05-10,17,492,81.66,False,Unknown,Competitor Pricing,Stable,Budget,,,,False
2856,2024-03-30,23,53,62.8,True,Unknown,Economic Indicator,Decreasing,Premium,,,,False
8979,2024-11-22,14,393,51.15,False,Holiday,Competitor Pricing,Stable,Budget,,,,False
9797,2024-06-24,81,272,19.56,False,Unknown,Economic Indicator,Stable,Budget,,,,False
9075,2024-08-22,46,444,25.44,False,Unknown,Competitor Pricing,Stable,Budget,,,,False
4909,2024-08-26,12,118,90.41,False,Unknown,Economic Indicator,Increasing,Regular,,,,False
2116,2024-01-26,46,406,36.43,False,Holiday,Unknown,Stable,Premium,,,,False
4186,2024-10-27,23,114,76.32,False,Holiday,Unknown,Stable,Budget,,,,False
1313,2024-09-13,99,71,97.98,True,Unknown,Unknown,Decreasing,Budget,,,,False
7675,2024-12-26,88,385,96.45,True,Holiday,Weather,Increasing,Premium,,,,False
4187,2024-05-08,28,89,72.43,False,Holiday,Economic Indicator,Increasing,Budget,,,,False
6353,2024-08-21,3,457,14.25,False,Unknown,Unknown,Stable,Budget,,,,False
2992,2024-07-28,46,401,6.08,True,Festival,Competitor Pricing,Increasing,Budget,,,,False
6703,2024-07-21,76,470,44.94,False,Festival,Competitor Pricing,Increasing,Premium,,,,False
9934,2024-09-23,14,481,94.53,False,Unknown,Competitor Pricing,Decreasing,Regular,,,,False
5718,2024-10-22,63,460,54.64,True,Unknown,Weather,Increasing,Premium,,,,False
7973,2024-02-15,60,365,20.56,False,Unknown,Competitor Pricing,Decreasing,Premium,,,,False
6988,2024-01-04,95,7,74.42,False,Festival,Unknown,Increasing,Regular,,,,False
7285,2024-12-17,33,353,99.41,True,Holiday,Weather,Increasing,Budget,,,,False
9310,2024-01-01,14,306,28.38,True,Unknown,Competitor Pricing,Decreasing,Regular,,,,False
2329,2024-12-09,52,65,46.05,True,Holiday,Competitor Pricing,Decreasing,Budget,,,,False
7421,2024-07-23,38,13,75.37,False,Holiday,Weather,Stable,Regular,,,,False
5806,2024-12-10,73,244,57.91,False,Holiday,Competitor Pricing,Increasing,Budget,,,,False
6774,2024-01-25,17,403,9.68,True,Festival,Competitor Pricing,Stable,Regular,,,,False
4617,2024-09-15,89,487,84.96,False,Festival,Economic Indicator,Stable,Regular,,,,False
8028,2024-12-04,87,65,58.39,False,Unknown,Economic Indicator,Stable,Budget,,,,False
1221,2024-05-13,35,499,99.89,False,Festival,Unknown,Increasing,Regular,,,,False
1361,2024-10-29,55,304,92.63,False,Holiday,Weather,Increasing,Premium,,,,False
5845,2024-08-19,50,316,6.68,True,Holiday,Competitor Pricing,Increasing,Budget,,,,False
9313,2024-05-20,80,382,61.46,False,Holiday,Weather,Stable,Regular,,,,False
5874,2024-05-24,66,114,27.24,False,Festival,Economic Indicator,Stable,Premium,,,,False
9878,2024-01-26,83,149,53.62,False,Festival,Economic Indicator,Increasing,Premium,,,,False
1513,2024-01-05,37,173,54.92,True,Festival,Economic Indicator,Stable,Budget,,,,False
1578,2024-12-30,71,397,14.73,True,Festival,Economic Indicator,Stable,Regular,,,,False
9655,2024-10-17,46,341,28.11,True,Holiday,Unknown,Stable,Regular,,,,False
5350,2024-07-04,21,194,61.07,False,Festival,Competitor Pricing,Decreasing,Budget,,,,False
6722,2024-01-03,58,337,17.51,True,Unknown,Competitor Pricing,Decreasing,Regular,,,,False
5797,2024-03-28,71,295,30.35,True,Festival,Economic Indicator,Stable,Premium,,,,False
1302,2024-05-21,35,116,68.24,False,Holiday,Unknown,Increasing,Budget,,,,False
6473,2024-08-11,62,452,5.53,False,Holiday,Economic Indicator,Decreasing,Premium,,,,False
2211,2024-09-17,61,152,84.13,False,Unknown,Unknown,Stable,Premium,,,,False
5401,2024-01-23,58,22,80.54,True,Holiday,Competitor Pricing,Increasing,Premium,,,,False
3691,2024-08-30,16,76,88.85,False,Unknown,Competitor Pricing,Decreasing,Regular,,,,False
1000,2024-09-04,22,245,60.79,False,Holiday,Weather,Decreasing,Premium,,,,False
2428,2024-12-07,24,130,26.98,False,Unknown,Unknown,Stable,Premium,,,,False
6168,2024-03-05,15,64,7.51,False,Festival,Unknown,Decreasing,Budget,,,,False
6637,2024-02-03,87,190,82.27,True,Festival,Economic Indicator,Stable,Regular,,,,False
3841,2024-10-11,39,281,64.87,True,Holiday,Competitor Pricing,Increasing,Budget,,,,False
3753,2024-10-15,32,142,91.97,False,Unknown,Competitor Pricing,Stable,Regular,,,,False
2383,2024-06-29,46,266,68.98,True,Festival,Weather,Increasing,Budget,,,,False
5746,2024-10-20,13,212,60.94,True,Unknown,Weather,Stable,Premium,,,,False
1305,2024-01-26,77,473,77.41,False,Unknown,Weather,Decreasing,Premium,,,,False
9616,2024-05-02,36,61,6.89,False,Festival,Weather,Stable,Premium,,,,False
4905,2024-07-10,54,329,56.2,False,Unknown,Weather,Stable,Premium,,,,False
5192,2024-09-28,28,418,36.49,True,Festival,Economic Indicator,Increasing,Budget,,,,False
2017,2024-02-17,34,229,86.88,True,Festival,Economic Indicator,Decreasing,Regular,,,,False
5429,2024-02-13,40,402,99.61,True,Holiday,Unknown,Increasing,Premium,,,,False
8879,2024-07-10,57,48,68.9,False,Unknown,Unknown,Stable,Budget,,,,False
8753,2024-03-11,4,321,31.97,True,Holiday,Unknown,Stable,Premium,,,,False
9862,2024-06-29,22,292,6.02,False,Unknown,Weather,Increasing,Budget,,,,False
4223,2024-01-22,36,22,25.45,True,Unknown,Competitor Pricing,Increasing,Premium,,,,False
8361,2024-07-05,99,405,20.71,False,Festival,Economic Indicator,Decreasing,Regular,,,,False
8518,2024-10-16,83,208,26.22,False,Holiday,Economic Indicator,Stable,Premium,,,,False
6050,2024-07-31,94,248,53.53,False,Unknown,Economic Indicator,Decreasing,Regular,,,,False
6954,2024-05-15,52,197,56.52,True,Festival,Unknown,Increasing,Regular,,,,False
7674,2024-08-02,80,484,9.56,False,Festival,Unknown,Decreasing,Budget,,,,False
5960,2024-09-29,91,312,99.98,False,Unknown,Unknown,Increasing,Budget,,,,False
6896,2024-11-16,61,276,24.25,False,Holiday,Unknown,Increasing,Regular,,,,False
2491,2024-10-10,86,386,93.04,False,Unknown,Competitor Pricing,Decreasing,Budget,,,,False
9844,2024-05-22,44,70,39.0,False,Festival,Weather,Increasing,Regular,,,,False
5622,2024-09-08,83,68,75.87,False,Unknown,Weather,Decreasing,Budget,,,,False
1408,2024-08-24,28,19,70.89,True,Unknown,Weather,Stable,Premium,,,,False
6548,2024-03-23,90,189,9.38,False,Unknown,Unknown,Decreasing,Premium,,,,False
6446,2024-07-07,66,123,21.8,True,Unknown,Economic Indicator,Decreasing,Regular,,,,False
5431,2024-10-04,67,323,19.48,False,Festival,Competitor Pricing,Stable,Budget,,,,False
9466,2024-04-03,25,43,8.48,False,Unknown,Economic Indicator,Increasing,Budget,,,,False
4867,2024-05-06,70,204,96.55,True,Festival,Unknown,Stable,Regular,,,,False
7475,2024-05-31,23,295,42.89,True,Holiday,Weather,Stable,Regular,,,,False
7120,2024-07-07,19,320,75.08,False,Unknown,Economic Indicator,Stable,Budget,,,,False
1159,2024-09-08,30,434,15.59,False,Unknown,Unknown,Decreasing,Regular,,,,False
5284,2024-08-24,64,485,68.24,False,Holiday,Economic Indicator,Decreasing,Premium,,,,False
2100,2024-02-05,26,71,42.21,False,Holiday,Economic Indicator,Decreasing,Budget,,,,False
2200,2024-04-04,77,431,42.94,False,Festival,Economic Indicator,Decreasing,Regular,,,,False
9279,2024-10-05,94,351,88.44,True,Holiday,Economic Indicator,Decreasing,Premium,,,,False
7820,2024-07-12,15,3,56.17,False,Unknown,Competitor Pricing,Increasing,Regular,,,,False
1477,2024-03-20,72,182,9.57,False,Unknown,Weather,Stable,Budget,,,,False
6650,2024-07-22,52,233,87.21,True,Unknown,Competitor Pricing,Stable,Regular,,,,False
1099,2024-10-31,24,348,73.28,True,Holiday,Competitor Pricing,Decreasing,Budget,,,,False
2454,2024-09-12,60,197,90.81,False,Festival,Economic Indicator,Increasing,Premium,,,,False
9919,2024-11-04,76,366,42.45,False,Unknown,Economic Indicator,Stable,Budget,,,,False
6148,2024-08-25,64,279,97.9,True,Holiday,Weather,Decreasing,Premium,,,,False
9730,2024-02-17,94,498,18.46,True,Unknown,Competitor Pricing,Decreasing,Premium,,,,False
8462,2024-01-26,80,316,71.99,True,Holiday,Weather,Decreasing,Regular,,,,False
4888,2024-09-25,60,345,89.0,True,Festival,Economic Indicator,Increasing,Budget,,,,False
4551,2024-07-30,5,278,66.28,False,Festival,Economic Indicator,Increasing,Premium,,,,False
1835,2024-01-20,31,473,65.83,True,Holiday,Unknown,Stable,Budget,,,,False
9018,2024-02-22,94,138,96.07,False,Holiday,Unknown,Stable,Regular,,,,False
4817,2024-02-03,74,5,5.19,True,Unknown,Unknown,Increasing,Regular,,,,False
2600,2024-11-22,8,301,92.95,True,Unknown,Weather,Stable,Regular,,,,False
3286,2024-07-30,13,390,62.74,True,Festival,Weather,Increasing,Budget,,,,False
4790,2024-02-03,92,453,78.91,False,Unknown,Competitor Pricing,Decreasing,Budget,,,,False
7440,2024-02-13,33,216,92.87,False,Unknown,Competitor Pricing,Increasing,Budget,,,,False
9084,2024-10-14,45,452,40.25,True,Unknown,Unknown,Decreasing,Budget,,,,False
1780,2024-07-17,61,403,83.39,True,Holiday,Economic Indicator,Stable,Premium,,,,False
7917,2024-12-08,73,217,71.1,False,Holiday,Competitor Pricing,Stable,Regular,,,,False
5050,2024-07-30,80,52,42.85,True,Festival,Weather,Decreasing,Budget,,,,False
3591,2024-07-01,94,39,34.09,True,Holiday,Unknown,Increasing,Regular,,,,False
1312,2024-01-16,17,462,84.69,False,Unknown,Competitor Pricing,Decreasing,Budget,,,,False
7729,2024-11-11,51,176,19.99,True,Holiday,Weather,Decreasing,Budget,,,,False
9108,2024-04-08,66,495,54.35,True,Festival,Unknown,Increasing,Premium,,,,False
8469,2024-02-12,3,296,89.17,True,Holiday,Economic Indicator,Increasing,Budget,,,,False
6041,2024-02-08,24,437,37.47,False,Festival,Competitor Pricing,Stable,Budget,,,,False
7262,2024-10-06,43,118,97.74,False,Holiday,Weather,Increasing,Premium,,,,False
2578,2024-06-28,31,469,80.65,False,Unknown,Economic Indicator,Increasing,Budget,,,,False
3586,2024-01-27,16,78,54.47,False,Festival,Weather,Increasing,Regular,,,,False
5940,2024-02-24,99,11,97.66,False,Holiday,Competitor Pricing,Stable,Premium,,,,False
7350,2024-11-19,16,251,75.21,True,Festival,Unknown,Increasing,Regular,,,,False
9157,2024-08-18,68,180,36.91,False,Festival,Weather,Stable,Regular,,,,False
8665,2024-12-05,83,308,44.46,False,Unknown,Weather,Stable,Regular,,,,False
3963,2024-06-12,24,464,63.51,True,Festival,Economic Indicator,Stable,Regular,,,,False
4319,2024-04-12,33,59,68.24,False,Holiday,Weather,Stable,Regular,,,,False
5651,2024-10-21,59,60,71.11,True,Holiday,Economic Indicator,Stable,Budget,,,,False
2099,2024-03-04,81,300,12.4,False,Unknown,Competitor Pricing,Stable,Regular,,,,False
2121,2024-03-03,71,387,57.71,False,Holiday,Unknown,Decreasing,Budget,,,,False
8628,2024-07-13,17,25,23.08,False,Festival,Competitor Pricing,Stable,Regular,,,,False
9211,2024-03-28,10,220,77.07,False,Festival,Unknown,Increasing,Regular,,,,False
2269,2024-11-09,8,46,23.86,False,Festival,Weather,Increasing,Premium,,,,False
5961,2024-12-07,68,219,13.37,False,Unknown,Economic Indicator,Decreasing,Premium,,,,False
5724,2024-11-12,84,485,73.54,True,Holiday,Unknown,Stable,Regular,,,,False
1248,2024-03-19,68,13,63.64,True,Festival,Economic Indicator,Stable,Premium,,,,False
3615,2024-09-22,31,279,78.5,True,Holiday,Weather,Increasing,Premium,,,,False
5814,2024-02-02,64,252,78.03,True,Festival,Competitor Pricing,Increasing,Premium,,,,False
6270,2024-04-06,8,4,18.81,True,Unknown,Competitor Pricing,Decreasing,Regular,,,,False
7403,2024-10-29,33,379,35.26,False,Holiday,Competitor Pricing,Decreasing,Regular,,,,False
9410,2024-02-27,20,244,90.75,False,Holiday,Unknown,Increasing,Budget,,,,False
2316,2024-11-06,23,430,72.98,False,Unknown,Competitor Pricing,Stable,Premium,,,,False
6700,2024-03-07,82,450,97.28,False,Holiday,Competitor Pricing,Decreasing,Budget,,,,False
5335,2024-01-07,3,109,98.65,False,Holiday,Unknown,Increasing,Premium,,,,False
8342,2024-01-25,7,3,79.93,True,Holiday,Weather,Increasing,Premium,,,,False
9865,2024-04-13,13,397,49.78,True,Unknown,Competitor Pricing,Decreasing,Premium,,,,False
4132,2024-01-29,4,270,45.83,True,Holiday,Competitor Pricing,Increasing,Budget,,,,False
9581,2024-08-27,74,9,73.39,True,Unknown,Competitor Pricing,Increasing,Premium,,,,False
8117,2024-01-08,23,327,60.72,False,Festival,Unknown,Increasing,Budget,,,,False
3995,2024-03-31,58,411,15.88,False,Festival,Economic Indicator,Increasing,Budget,,,,False
6783,2024-09-07,83,3,13.04,True,Unknown,Competitor Pricing,Increasing,Regular,,,,False
3242,2024-05-12,61,425,72.81,True,Unknown,Weather,Stable,Regular,,,,False
7797,2024-05-19,99,152,11.19,False,Holiday,Unknown,Decreasing,Premium,,,,False
3207,2024-09-11,65,353,8.64,False,Unknown,Competitor Pricing,Stable,Budget,,,,False
5637,2024-09-18,53,123,69.31,False,Festival,Economic Indicator,Stable,Regular,,,,False
6625,2024-12-07,54,309,80.01,True,Holiday,Unknown,Increasing,Premium,,,,False
9293,2024-02-19,2,82,88.57,False,Holiday,Economic Indicator,Increasing,Regular,,,,False
6601,2024-10-20,23,295,45.47,True,Holiday,Competitor Pricing,Stable,Regular,,,,False
7715,2024-05-13,66,439,30.06,True,Holiday,Competitor Pricing,Decreasing,Budget,,,,False
3526,2024-06-07,23,202,14.97,True,Unknown,Economic Indicator,Increasing,Budget,,,,False
5721,2024-09-04,69,264,43.34,True,Festival,Competitor Pricing,Decreasing,Premium,,,,False
7072,2024-07-20,34,82,43.31,False,Unknown,Economic Indicator,Stable,Budget,,,,False
4548,2024-11-05,44,110,71.83,False,Unknown,Economic Indicator,Decreasing,Budget,,,,False
9678,2024-01-10,29,306,19.86,True,Unknown,Competitor Pricing,Stable,Budget,,,,False
4649,2024-12-21,14,190,44.96,False,Festival,Unknown,Increasing,Budget,,,,False
7162,2024-08-30,30,188,10.91,False,Unknown,Economic Indicator,Increasing,Regular,,,,False
1717,2024-12-07,14,485,89.31,True,Holiday,Unknown,Stable,Budget,,,,False
3275,2024-01-08,73,45,48.56,False,Festival,Competitor Pricing,Decreasing,Premium,,,,False
6292,2024-12-12,98,315,38.53,False,Festival,Economic Indicator,Stable,Premium,,,,False
4422,2024-02-16,60,429,9.57,False,Unknown,Unknown,Stable,Regular,,,,False
8472,2024-02-16,52,491,52.4,True,Festival,Unknown,Stable,Regular,,,,False
5953,2024-04-18,79,445,31.79,False,Festival,Weather,Stable,Regular,,,,False
3697,2024-01-17,43,31,39.07,True,Unknown,Unknown,Decreasing,Budget,,,,False
7448,2024-05-13,50,472,88.5,True,Holiday,Weather,Increasing,Budget,,,,False
9782,2024-05-11,63,286,73.98,False,Holiday,Competitor Pricing,Decreasing,Budget,,,,False
9861,2024-04-08,48,54,26.45,False,Festival,Economic Indicator,Stable,Budget,,,,False
2513,2024-05-01,1,463,11.0,False,Festival,Unknown,Increasing,Regular,,,,False
8408,2024-01-26,48,100,58.59,True,Festival,Weather,Decreasing,Regular,,,,False
2769,2024-08-20,68,152,22.35,False,Festival,Economic Indicator,Increasing,Budget,,,,False
4612,2024-03-09,9,472,12.45,False,Festival,Weather,Decreasing,Budget,,,,False
3277,2024-08-04,6,85,82.73,True,Holiday,Competitor Pricing,Increasing,Budget,,,,False
9201,2024-12-24,46,251,36.17,False,Holiday,Competitor Pricing,Increasing,Budget,,,,False
1177,2024-06-14,78,75,69.51,False,Holiday,Unknown,Stable,Premium,,,,False
2843,2024-07-31,19,75,70.49,False,Festival,Competitor Pricing,Decreasing,Regular,,,,False
8694,2024-07-19,72,449,60.5,False,Unknown,Competitor Pricing,Decreasing,Premium,,,,False
6869,2024-06-14,83,237,9.57,False,Unknown,Weather,Decreasing,Premium,,,,False
5288,2024-04-08,16,284,80.41,True,Unknown,Unknown,Stable,Regular,,,,False
8848,2024-04-27,15,196,22.03,True,Unknown,Weather,Stable,Budget,,,,False
8776,2024-01-02,40,218,80.23,True,Festival,Economic Indicator,Decreasing,Regular,,,,False
4025,2024-12-29,62,13,14.52,False,Festival,Competitor Pricing,Stable,Regular,,,,False
7820,2024-06-22,78,115,15.48,False,Unknown,Weather,Decreasing,Budget,,,,False
7195,2024-10-09,11,432,59.86,False,Festival,Competitor Pricing,Stable,Premium,,,,False
3908,2024-07-05,8,433,16.84,True,Unknown,Economic Indicator,Stable,Budget,54.44,36.3,1.71,True
9126,2024-06-23,50,307,97.67,False,Festival,Weather,Decreasing,Budget,,,,False
9930,2024-02-27,53,274,61.49,False,Unknown,Economic Indicator,Decreasing,Budget,,,,False
8207,2024-06-24,38,19,33.7,True,Holiday,Unknown,Stable,Regular,,,,False
9373,2024-03-31,32,220,76.04,False,Unknown,Competitor Pricing,Stable,Premium,,,,False
4449,2024-09-03,41,119,52.65,True,Holiday,Competitor Pricing,Increasing,Premium,,,,False
7003,2024-11-28,57,486,7.54,True,Holiday,Unknown,Stable,Budget,,,,False
9973,2024-09-10,55,173,99.93,False,Holiday,Economic Indicator,Stable,Budget,,,,False
6174,2024-05-31,99,141,18.45,False,Festival,Weather,Decreasing,Budget,,,,False
4866,2024-01-05,14,234,42.11,True,Unknown,Weather,Increasing,Budget,,,,False
8470,2024-10-15,4,422,41.92,True,Festival,Competitor Pricing,Stable,Budget,,,,False
7457,2024-10-04,42,147,95.35,False,Unknown,Weather,Increasing,Regular,,,,False
1560,2024-11-15,58,450,19.91,True,Festival,Economic Indicator,Decreasing,Budget,,,,False
4070,2024-10-25,55,255,55.35,True,Festival,Competitor Pricing,Stable,Premium,,,,False
8696,2024-10-18,73,210,29.83,True,Holiday,Economic Indicator,Stable,Regular,,,,False
5310,2024-04-20,18,73,91.18,False,Unknown,Unknown,Increasing,Regular,,,,False
3178,2024-08-03,78,422,46.57,False,Festival,Competitor Pricing,Stable,Premium,,,,False
7870,2024-11-22,19,218,32.23,False,Holiday,Competitor Pricing,Stable,Premium,,,,False
9098,2024-02-11,27,238,34.9,False,Festival,Competitor Pricing,Increasing,Premium,,,,False
5575,2024-05-13,4,12,32.08,True,Festival,Economic Indicator,Stable,Regular,,,,False
1614,2024-02-04,37,78,48.17,False,Holiday,Competitor Pricing,Increasing,Regular,,,,False
1084,2024-07-24,84,182,75.94,False,Festival,Economic Indicator,Stable,Premium,,,,False
6211,2024-11-02,32,21,24.25,False,Unknown,Competitor Pricing,Stable,Budget,,,,False
7525,2024-11-26,90,227,23.63,True,Festival,Unknown,Decreasing,Regular,,,,False
3920,2024-01-06,71,239,52.12,False,Unknown,Economic Indicator,Decreasing,Budget,,,,False
9594,2024-08-16,3,29,60.52,True,Festival,Economic Indicator,Decreasing,Regular,,,,False
6076,2024-09-14,43,37,95.41,True,Holiday,Weather,Stable,Premium,,,,False
1008,2024-07-25,62,490,22.86,False,Holiday,Economic Indicator,Decreasing,Budget,,,,False
1252,2024-07-08,51,104,14.28,False,Holiday,Competitor Pricing,Stable,Regular,,,,False
6999,2024-09-18,26,384,75.85,True,Unknown,Competitor Pricing,Increasing,Premium,,,,False
3080,2024-01-28,1,96,23.38,True,Unknown,Economic Indicator,Stable,Budget,,,,False
3805,2024-12-15,42,187,33.0,False,Unknown,Economic Indicator,Stable,Premium,,,,False
9880,2024-05-09,7,145,33.59,True,Holiday,Weather,Stable,Regular,,,,False
2924,2024-10-16,31,317,56.56,True,Holiday,Competitor Pricing,Increasing,Regular,,,,False
4309,2024-07-09,48,84,18.79,False,Unknown,Competitor Pricing,Decreasing,Regular,,,,False
8434,2024-09-15,44,162,77.78,False,Holiday,Unknown,Increasing,Budget,,,,False
9368,2024-11-29,16,391,36.08,False,Holiday,Weather,Increasing,Budget,,,,False
5324,2024-02-02,66,489,21.85,False,Festival,Unknown,Decreasing,Budget,,,,False
1183,2024-01-26,89,446,55.98,False,Unknown,Weather,Decreasing,Budget,,,,False
8493,2024-08-17,85,159,90.49,False,Unknown,Competitor Pricing,Increasing,Budget,,,,False
6487,2024-06-03,54,428,36.08,False,Unknown,Competitor Pricing,Decreasing,Premium,,,,False
9431,2024-07-25,29,11,88.99,True,Holiday,Weather,Stable,Regular,,,,False
8120,2024-10-22,74,497,47.39,True,Festival,Competitor Pricing,Increasing,Premium,,,,False
2607,2024-10-20,36,336,21.93,False,Holiday,Weather,Decreasing,Premium,,,,False
5027,2024-03-19,76,315,31.9,True,Festival,Unknown,Increasing,Budget,,,,False
9110,2024-07-31,74,31,40.96,False,Holiday,Economic Indicator,Decreasing,Budget,,,,False
9677,2024-03-19,56,482,8.89,True,Unknown,Economic Indicator,Increasing,Regular,,,,False
8630,2024-12-13,52,401,52.18,False,Unknown,Unknown,Stable,Regular,,,,False
8736,2024-02-06,71,45,60.34,True,Holiday,Weather,Decreasing,Premium,,,,False
4125,2024-06-24,27,286,35.89,True,Unknown,Unknown,Stable,Regular,,,,False
7648,2024-03-23,5,320,6.55,True,Unknown,Unknown,Stable,Budget,,,,False
6835,2024-04-09,94,349,55.08,True,Festival,Unknown,Increasing,Premium,,,,False
9896,2024-05-07,62,334,89.86,False,Festival,Weather,Decreasing,Regular,,,,False
2926,2024-06-10,8,201,95.49,False,Festival,Economic Indicator,Increasing,Premium,,,,False
1368,2024-05-26,67,46,25.97,True,Unknown,Unknown,Decreasing,Budget,,,,False
9294,2024-03-06,20,279,19.29,False,Holiday,Economic Indicator,Decreasing,Regular,,,,False
4126,2024-12-04,18,357,41.97,True,Festival,Weather,Increasing,Regular,,,,False
7075,2024-02-02,44,349,68.95,False,Holiday,Unknown,Decreasing,Regular,,,,False
3445,2024-07-13,28,185,43.29,False,Festival,Economic Indicator,Stable,Premium,,,,False
1187,2024-03-16,76,478,28.59,False,Holiday,Competitor Pricing,Decreasing,Regular,,,,False
4635,2024-05-07,75,56,28.59,False,Unknown,Weather,Stable,Budget,,,,False
9871,2024-10-09,57,398,93.56,True,Unknown,Weather,Stable,Regular,,,,False
2244,2024-10-08,7,451,5.26,False,Unknown,Competitor Pricing,Stable,Regular,,,,False
6432,2024-07-19,39,21,33.58,False,Festival,Weather,Stable,Regular,,,,False
8246,2024-01-05,19,105,28.7,False,Holiday,Unknown,Decreasing,Regular,,,,False
4414,2024-10-13,66,124,17.3,True,Festival,Unknown,Increasing,Premium,,,,False
7477,2024-06-14,65,223,87.95,True,Unknown,Competitor Pricing,Decreasing,Regular,,,,False
9640,2024-10-03,11,452,9.85,False,Unknown,Competitor Pricing,Increasing,Premium,,,,False
2456,2024-05-11,92,211,42.77,True,Holiday,Competitor Pricing,Decreasing,Budget,,,,False
8944,2024-01-08,85,260,98.49,True,Unknown,Weather,Decreasing,Budget,,,,False
7135,2024-09-28,96,320,68.47,False,Holiday,Competitor Pricing,Decreasing,Premium,,,,False
3244,2024-10-19,58,34,22.76,True,Unknown,Competitor Pricing,Increasing,Budget,,,,False
4807,2024-06-11,51,408,18.53,False,Unknown,Weather,Increasing,Budget,,,,False
6685,2024-02-27,18,328,31.33,False,Festival,Economic Indicator,Stable,Regular,,,,False
8062,2024-04-13,28,92,5.75,False,Holiday,Economic Indicator,Decreasing,Budget,,,,False
6420,2024-05-19,74,201,69.17,True,Festival,Competitor Pricing,Increasing,Budget,,,,False
5898,2024-12-07,71,14,93.78,True,Holiday,Economic Indicator,Stable,Budget,,,,False
3847,2024-05-26,2,201,26.91,False,Holiday,Unknown,Increasing,Budget,,,,False
2283,2024-08-12,86,7,45.43,False,Unknown,Competitor Pricing,Increasing,Premium,,,,False
7581,2024-10-08,86,34,31.93,False,Holiday,Weather,Increasing,Regular,,,,False
2026,2024-08-05,64,95,65.11,False,Unknown,Competitor Pricing,Increasing,Regular,,,,False
9444,2024-05-10,65,238,99.81,False,Unknown,Weather,Stable,Budget,,,,False
8429,2024-10-02,48,487,86.41,True,Unknown,Economic Indicator,Increasing,Regular,,,,False
7800,2024-08-18,98,423,28.56,False,Unknown,Competitor Pricing,Stable,Premium,,,,False
5246,2024-03-19,38,164,6.32,False,Holiday,Competitor Pricing,Decreasing,Budget,,,,False
6487,2024-07-10,49,462,90.8,False,Festival,Economic Indicator,Increasing,Regular,,,,False
6200,2024-03-16,99,102,71.86,True,Festival,Weather,Decreasing,Premium,,,,False
7400,2024-05-11,61,288,70.59,False,Festival,Weather,Decreasing,Premium,,,,False
4466,2024-07-21,71,75,67.42,False,Festival,Weather,Increasing,Budget,,,,False
5927,2024-05-30,25,95,98.25,True,Festival,Unknown,Decreasing,Premium,,,,False
9283,2024-05-01,99,167,28.15,False,Unknown,Unknown,Stable,Regular,,,,False
6158,2024-07-23,41,174,99.73,True,Unknown,Economic Indicator,Decreasing,Regular,,,,False
2302,2024-04-18,58,104,75.46,True,Holiday,Weather,Decreasing,Premium,,,,False
5307,2024-07-25,92,232,26.31,False,Holiday,Competitor Pricing,Increasing,Regular,,,,False
4693,2024-05-24,18,76,80.24,True,Festival,Unknown,Stable,Premium,,,,False
6839,2024-09-14,21,41,32.63,False,Unknown,Competitor Pricing,Stable,Premium,,,,False
4887,2024-07-09,87,387,82.04,False,Festival,Economic Indicator,Decreasing,Premium,,,,False
7334,2024-07-17,67,474,41.27,True,Festival,Economic Indicator,Stable,Regular,,,,False
3800,2024-09-17,28,99,41.75,True,Holiday,Economic Indicator,Increasing,Budget,,,,False
4828,2024-11-15,60,452,41.78,True,Holiday,Weather,Stable,Regular,,,,False
6148,2024-03-06,65,489,76.23,False,Holiday,Economic Indicator,Decreasing,Premium,,,,False
9132,2024-10-04,31,307,12.29,True,Holiday,Weather,Increasing,Premium,,,,False
1800,2024-03-24,19,332,81.38,True,Holiday,Weather,Increasing,Regular,,,,False
3805,2024-02-22,98,402,70.1,False,Festival,Weather,Increasing,Premium,,,,False
6776,2024-11-07,31,380,86.69,False,Unknown,Weather,Decreasing,Regular,,,,False
2590,2024-09-26,77,205,97.94,False,Holiday,Weather,Stable,Premium,,,,False
3048,2024-11-04,1,170,5.94,True,Unknown,Weather,Increasing,Regular,,,,False
3409,2024-01-13,38,283,85.81,True,Festival,Unknown,Stable,Budget,,,,False
2966,2024-08-21,16,114,92.81,True,Unknown,Competitor Pricing,Decreasing,Regular,,,,False
5838,2024-11-06,37,340,28.89,True,Unknown,Weather,Stable,Budget,,,,False
1620,2024-03-12,98,417,32.16,False,Holiday,Unknown,Decreasing,Budget,,,,False
8213,2024-04-22,55,116,15.27,True,Festival,Economic Indicator,Increasing,Regular,,,,False
2099,2024-07-24,66,127,79.18,False,Festival,Weather,Stable,Budget,,,,False
2329,2024-12-23,32,331,54.44,True,Holiday,Weather,Stable,Regular,,,,False
8985,2024-01-01,92,126,86.79,False,Holiday,Competitor Pricing,Stable,Budget,,,,False
6334,2024-07-24,42,261,63.0,False,Festival,Weather,Increasing,Regular,,,,False
8143,2024-03-15,38,425,75.43,False,Festival,Unknown,Increasing,Budget,,,,False
2922,2024-08-17,25,73,72.35,True,Unknown,Competitor Pricing,Decreasing,Budget,,,,False
5228,2024-02-09,87,109,58.36,True,Holiday,Economic Indicator,Decreasing,Premium,,,,False
5328,2024-12-26,38,407,85.7,True,Holiday,Weather,Stable,Premium,,,,False
8008,2024-06-07,99,254,76.38,True,Holiday,Weather,Decreasing,Premium,,,,False
1587,2024-02-11,64,106,52.58,False,Holiday,Weather,Stable,Budget,,,,False
9744,2024-05-20,34,145,72.51,True,Unknown,Weather,Stable,Budget,,,,False
9911,2024-04-28,84,130,21.24,True,Unknown,Economic Indicator,Increasing,Regular,,,,False
8752,2024-04-17,43,88,5.13,True,Festival,Weather,Increasing,Budget,,,,False
9174,2024-04-03,42,342,94.51,False,Holiday,Economic Indicator,Stable,Regular,53.26,81.87,2.44,True
7446,2024-10-22,96,272,97.46,False,Holiday,Unknown,Decreasing,Regular,,,,False
2360,2024-08-29,59,122,21.18,True,Holiday,Competitor Pricing,Decreasing,Premium,,,,False
5081,2024-08-11,29,152,31.19,True,Unknown,Economic Indicator,Stable,Regular,,,,False
4432,2024-09-08,33,90,50.85,True,Festival,Weather,Increasing,Premium,,,,False
4523,2024-03-02,96,415,15.16,False,Holiday,Unknown,Increasing,Budget,,,,False
7704,2024-08-16,45,76,49.9,False,Festival,Competitor Pricing,Increasing,Regular,,,,False
3317,2024-11-30,78,356,93.41,False,Festival,Weather,Decreasing,Premium,,,,False
5121,2024-07-21,94,183,35.01,True,Holiday,Unknown,Increasing,Budget,,,,False
2471,2024-09-29,56,469,29.63,False,Unknown,Competitor Pricing,Stable,Budget,,,,False
9148,2024-02-15,66,186,20.1,True,Unknown,Competitor Pricing,Increasing,Regular,,,,False
9032,2024-11-04,82,246,28.96,False,Festival,Economic Indicator,Stable,Budget,,,,False
1672,2024-11-27,23,212,20.14,True,Holiday,Economic Indicator,Decreasing,Budget,,,,False
2665,2024-07-27,10,53,95.1,False,Holiday,Weather,Increasing,Regular,,,,False
6895,2024-10-17,2,385,31.63,True,Holiday,Unknown,Decreasing,Premium,,,,False
5584,2024-08-25,40,219,99.38,False,Holiday,Competitor Pricing,Decreasing,Premium,,,,False
7172,2024-02-06,38,30,78.53,True,Festival,Economic Indicator,Stable,Regular,,,,False
7691,2024-03-26,59,277,39.04,False,Festival,Weather,Increasing,Regular,,,,False
9128,2024-10-26,83,84,32.29,False,Festival,Weather,Stable,Regular,,,,False
6716,2024-09-13,72,183,44.09,False,Festival,Economic Indicator,Decreasing,Budget,,,,False
1351,2024-05-10,30,362,82.57,False,Festival,Competitor Pricing,Decreasing,Premium,,,,False
8219,2024-08-27,69,41,80.39,False,Holiday,Competitor Pricing,Stable,Budget,,,,False
1328,2024-09-21,72,341,93.79,True,Holiday,Economic Indicator,Decreasing,Budget,,,,False
1865,2024-03-14,13,67,91.81,False,Holiday,Competitor Pricing,Stable,Budget,,,,False
8248,2024-05-14,29,98,14.35,True,Unknown,Unknown,Stable,Regular,,,,False
2191,2024-04-08,8,22,96.64,True,Holiday,Economic Indicator,Increasing,Premium,,,,False
5002,2024-05-09,85,325,69.35,False,Holiday,Economic Indicator,Stable,Premium,,,,False
5472,2024-07-03,42,485,41.55,True,Holiday,Weather,Decreasing,Budget,,,,False
5475,2024-06-29,8,224,69.83,False,Festival,Unknown,Stable,Regular,,,,False
7331,2024-03-20,95,48,78.6,False,Holiday,Weather,Stable,Budget,,,,False
7896,2024-01-13,2,396,62.47,True,Unknown,Competitor Pricing,Stable,Premium,,,,False
9486,2024-01-10,83,183,25.69,True,Holiday,Weather,Increasing,Budget,29.74,12.14,1.95,True
7885,2024-07-24,87,150,86.34,True,Holiday,Economic Indicator,Stable,Premium,,,,False
3063,2024-08-01,2,429,41.47,False,Unknown,Competitor Pricing,Stable,Regular,,,,False
1815,2024-01-05,29,205,93.56,False,Holiday,Competitor Pricing,Increasing,Premium,,,,False
9956,2024-11-23,29,95,49.04,False,Unknown,Weather,Decreasing,Premium,,,,False
3251,2024-02-19,56,428,52.72,False,Holiday,Unknown,Increasing,Regular,,,,False
2221,2024-08-03,13,288,31.27,False,Unknown,Unknown,Decreasing,Premium,,,,False
9792,2024-05-05,56,472,13.24,True,Holiday,Weather,Stable,Regular,,,,False
6801,2024-10-06,29,365,31.53,False,Holiday,Economic Indicator,Increasing,Regular,,,,False
9295,2024-07-02,47,210,46.07,True,Holiday,Unknown,Increasing,Premium,,,,False
4200,2024-03-31,86,486,30.12,True,Festival,Economic Indicator,Decreasing,Regular,,,,False
1722,2024-01-30,81,111,7.72,True,Holiday,Unknown,Stable,Regular,,,,False
6321,2024-07-22,41,2,66.16,False,Unknown,Unknown,Decreasing,Budget,,,,False
6471,2024-01-18,13,121,59.61,False,Holiday,Unknown,Stable,Premium,,,,False
9599,2024-08-18,57,229,85.79,False,Holiday,Economic Indicator,Stable,Regular,,,,False
5747,2024-10-27,86,131,91.42,True,Festival,Weather,Stable,Premium,,,,False
3030,2024-01-15,56,369,74.94,True,Festival,Weather,Decreasing,Premium,,,,False
2060,2024-03-15,60,97,81.83,True,Festival,Economic Indicator,Decreasing,Premium,,,,False
7555,2024-08-05,43,22,76.13,False,Unknown,Competitor Pricing,Stable,Budget,,,,False
6179,2024-12-19,30,32,79.44,True,Festival,Economic Indicator,Stable,Premium,,,,False
5388,2024-03-30,99,83,94.43,True,Festival,Competitor Pricing,Increasing,Premium,,,,False
6266,2024-12-05,98,235,49.68,False,Holiday,Unknown,Decreasing,Premium,,,,False
7076,2024-05-17,79,320,78.48,False,Festival,Weather,Stable,Regular,,,,False
7714,2024-11-04,27,173,19.51,True,Festival,Weather,Stable,Budget,,,,False
1828,2024-12-17,33,71,53.82,False,Unknown,Economic Indicator,Increasing,Regular,,,,False
8008,2024-02-28,36,69,84.2,True,Festival,Competitor Pricing,Stable,Regular,,,,False
1761,2024-02-14,6,165,69.08,True,Unknown,Competitor Pricing,Increasing,Regular,,,,False
2628,2024-08-22,90,345,39.18,True,Holiday,Competitor Pricing,Increasing,Premium,,,,False
5173,2024-02-02,68,128,14.12,True,Unknown,Economic Indicator,Increasing,Regular,,,,False
8076,2024-06-16,86,272,48.23,False,Festival,Unknown,Increasing,Budget,,,,False
9143,2024-10-11,11,313,77.37,False,Festival,Economic Indicator,Stable,Regular,,,,False
5785,2024-06-22,13,499,58.83,False,Unknown,Unknown,Increasing,Budget,,,,False
1563,2024-01-09,62,222,60.07,False,Holiday,Weather,Stable,Budget,,,,False
4048,2024-10-10,26,203,28.6,True,Unknown,Economic Indicator,Increasing,Premium,,,,False
3507,2024-05-16,51,27,36.05,False,Holiday,Weather,Stable,Regular,,,,False
8307,2024-02-08,47,289,20.96,False,Holiday,Competitor Pricing,Increasing,Regular,,,,False
5892,2024-08-13,59,145,7.27,True,Festival,Competitor Pricing,Decreasing,Budget,,,,False
7493,2024-08-01,9,119,20.44,False,Holiday,Weather,Increasing,Regular,,,,False
2213,2024-05-08,99,116,69.24,False,Unknown,Unknown,Decreasing,Regular,,,,False
5676,2024-01-16,26,398,65.12,True,Unknown,Competitor Pricing,Stable,Budget,,,,False
1756,2024-12-05,61,346,29.7,True,Festival,Economic Indicator,Stable,Premium,,,,False
3393,2024-02-27,95,425,54.73,False,Festival,Competitor Pricing,Stable,Premium,,,,False
9694,2024-08-12,90,163,77.49,False,Festival,Weather,Stable,Regular,,,,False
6068,2024-03-07,41,382,22.19,True,Holiday,Competitor Pricing,Increasing,Premium,,,,False
3504,2024-11-29,95,480,88.0,False,Holiday,Economic Indicator,Stable,Regular,,,,False
8916,2024-05-05,68,239,11.07,True,Holiday,Economic Indicator,Decreasing,Premium,,,,False
9387,2024-07-29,79,406,51.49,True,Unknown,Weather,Increasing,Budget,,,,False
7956,2024-06-16,72,421,18.73,True,Holiday,Economic Indicator,Decreasing,Premium,,,,False
1005,2024-05-25,97,245,97.76,True,Festival,Weather,Stable,Premium,,,,False
9425,2024-11-16,81,202,49.35,False,Unknown,Weather,Increasing,Regular,,,,False
2958,2024-01-06,46,4,30.26,False,Unknown,Unknown,Stable,Budget,,,,False
1779,2024-09-21,79,29,85.48,True,Festival,Economic Indicator,Decreasing,Regular,,,,False
4565,2024-02-07,82,25,77.42,True,Festival,Competitor Pricing,Increasing,Budget,,,,False
8018,2024-10-05,55,32,37.9,False,Festival,Unknown,Stable,Premium,,,,False
2211,2024-10-29,8,261,12.38,True,Festival,Competitor Pricing,Decreasing,Premium,,,,False
7214,2024-01-18,10,466,8.46,True,Unknown,Weather,Stable,Premium,,,,False
5668,2024-01-12,36,47,12.36,True,Unknown,Competitor Pricing,Decreasing,Premium,,,,False
7416,2024-03-26,70,309,26.6,False,Festival,Weather,Stable,Regular,,,,False
3406,2024-12-12,47,109,54.09,True,Unknown,Unknown,Stable,Regular,,,,False
1085,2024-02-20,7,263,48.02,True,Holiday,Economic Indicator,Decreasing,Regular,,,,False
9071,2024-08-09,39,112,30.58,True,Unknown,Unknown,Stable,Budget,,,,False
1449,2024-03-08,46,349,49.13,False,Unknown,Competitor Pricing,Stable,Budget,,,,False
4211,2024-04-17,94,492,58.52,False,Holiday,Unknown,Decreasing,Budget,,,,False
6487,2024-05-07,29,13,98.42,False,Holiday,Unknown,Decreasing,Premium,,,,False
4156,2024-04-13,20,117,72.79,False,Unknown,Weather,Increasing,Regular,,,,False
9766,2024-07-30,25,18,75.12,True,Holiday,Competitor Pricing,Stable,Regular,,,,False
3542,2024-02-20,63,493,93.09,True,Holiday,Weather,Increasing,Regular,,,,False
6534,2024-07-29,44,49,88.22,False,Festival,Economic Indicator,Stable,Premium,,,,False
8869,2024-08-28,47,178,14.16,False,Unknown,Economic Indicator,Stable,Regular,,,,False
5526,2024-11-08,23,344,85.83,False,Holiday,Unknown,Decreasing,Premium,,,,False
3399,2024-10-10,14,341,14.43,True,Unknown,Unknown,Increasing,Premium,,,,False
8531,2024-08-19,89,265,40.2,False,Unknown,Unknown,Increasing,Regular,,,,False
6448,2024-07-07,3,351,53.02,False,Unknown,Economic Indicator,Increasing,Budget,,,,False
7088,2024-12-11,71,220,90.27,True,Unknown,Weather,Stable,Regular,,,,False
5613,2024-05-29,71,249,48.2,True,Festival,Weather,Decreasing,Regular,,,,False
7573,2024-09-28,86,215,75.19,True,Festival,Unknown,Stable,Regular,,,,False
7756,2024-12-11,94,355,69.34,False,Holiday,Weather,Stable,Budget,,,,False
2146,2024-03-08,96,309,49.44,True,Festival,Weather,Stable,Budget,,,,False
1138,2024-03-04,44,270,9.46,True,Holiday,Economic Indicator,Increasing,Regular,,,,False
4918,2024-08-17,33,109,87.21,False,Unknown,Economic Indicator,Stable,Budget,,,,False
3429,2024-10-10,82,234,61.68,True,Festival,Economic Indicator,Decreasing,Budget,,,,False
4493,2024-10-04,5,9,40.54,True,Unknown,Weather,Decreasing,Regular,,,,False
4510,2024-07-19,32,33,51.21,True,Festival,Unknown,Stable,Budget,,,,False
1846,2024-08-01,9,275,96.15,True,Festival,Weather,Decreasing,Regular,,,,False
8494,2024-09-07,16,61,60.66,False,Festival,Economic Indicator,Decreasing,Premium,,,,False
9812,2024-09-24,18,451,54.1,False,Festival,Unknown,Decreasing,Regular,,,,False
7262,2024-02-19,45,66,14.78,False,Holiday,Unknown,Decreasing,Budget,,,,False
8374,2024-10-05,75,375,47.39,True,Unknown,Weather,Decreasing,Regular,,,,False
1291,2024-11-22,90,226,23.79,True,Unknown,Weather,Increasing,Regular,,,,False
8347,2024-05-09,12,269,86.46,True,Unknown,Weather,Decreasing,Budget,,,,False
3453,2024-03-22,45,77,50.11,True,Festival,Unknown,Stable,Regular,,,,False
3164,2024-07-10,90,196,85.17,True,Unknown,Economic Indicator,Stable,Premium,,,,False
9120,2024-04-28,51,416,15.36,True,Unknown,Economic Indicator,Decreasing,Regular,,,,False
5337,2024-12-15,5,81,82.72,True,Holiday,Weather,Decreasing,Premium,,,,False
7368,2024-01-13,2,119,35.86,False,Festival,Unknown,Stable,Budget,,,,False
7647,2024-07-11,91,294,73.66,True,Unknown,Weather,Increasing,Premium,,,,False
4013,2024-02-15,11,153,80.67,True,Festival,Economic Indicator,Stable,Regular,,,,False
5999,2024-11-07,93,23,36.41,True,Unknown,Weather,Decreasing,Premium,,,,False
3676,2024-10-10,64,222,79.59,False,Holiday,Competitor Pricing,Decreasing,Premium,,,,False
7284,2024-03-30,35,474,30.76,True,Festival,Weather,Decreasing,Premium,,,,False
2477,2024-12-21,17,32,86.75,False,Unknown,Economic Indicator,Increasing,Premium,,,,False
9980,2024-09-27,86,456,38.96,True,Holiday,Unknown,Stable,Premium,,,,False
3404,2024-09-16,45,304,37.1,True,Holiday,Competitor Pricing,Increasing,Budget,,,,False
1222,2024-11-25,84,406,90.35,True,Festival,Economic Indicator,Decreasing,Budget,,,,False
5890,2024-10-15,62,8,10.07,False,Festival,Weather,Increasing,Budget,,,,False
8525,2024-12-18,59,337,87.25,False,Unknown,Economic Indicator,Increasing,Premium,,,,False
5812,2024-04-12,17,425,93.36,True,Festival,Unknown,Increasing,Budget,,,,False
3410,2024-10-03,69,37,34.85,True,Unknown,Economic Indicator,Stable,Budget,,,,False
8686,2024-11-08,43,321,81.34,False,Unknown,Economic Indicator,Increasing,Budget,,,,False
8229,2024-03-02,6,66,49.62,False,Unknown,Competitor Pricing,Decreasing,Budget,,,,False
9811,2024-08-05,30,115,65.62,True,Holiday,Unknown,Decreasing,Premium,,,,False
2069,2024-11-25,62,189,16.02,False,Festival,Weather,Increasing,Budget,,,,False
7860,2024-03-06,8,182,47.79,False,Holiday,Unknown,Decreasing,Premium,,,,False
4243,2024-04-10,44,22,32.91,True,Unknown,Competitor Pricing,Stable,Budget,,,,False
6234,2024-02-09,48,411,93.38,True,Holiday,Weather,Increasing,Regular,,,,False
1724,2024-04-05,40,215,44.78,False,Unknown,Weather,Increasing,Regular,,,,False
6675,2024-07-13,47,346,90.63,True,Festival,Weather,Decreasing,Budget,,,,False
3728,2024-05-28,84,249,71.64,False,Holiday,Competitor Pricing,Stable,Budget,,,,False
9153,2024-04-28,18,218,85.18,True,Holiday,Weather,Decreasing,Regular,,,,False
9809,2024-04-14,47,217,24.37,True,Unknown,Competitor Pricing,Decreasing,Budget,,,,False
4567,2024-09-01,97,83,99.5,False,Unknown,Unknown,Stable,Budget,,,,False
7904,2024-06-09,11,42,53.26,True,Festival,Weather,Decreasing,Regular,,,,False
5704,2024-03-12,46,352,89.12,False,Festival,Competitor Pricing,Increasing,Budget,,,,False
8500,2024-09-09,54,281,90.34,True,Unknown,Weather,Increasing,Regular,,,,False
7760,2024-09-29,65,130,63.08,False,Unknown,Economic Indicator,Stable,Regular,,,,False
9679,2024-08-10,16,126,53.05,True,Festival,Economic Indicator,Decreasing,Budget,,,,False
6083,2024-09-29,97,295,40.27,True,Holiday,Competitor Pricing,Stable,Regular,,,,False
9797,2024-07-19,31,117,48.07,False,Holiday,Economic Indicator,Increasing,Premium,,,,False
2772,2024-04-02,67,29,15.79,True,Unknown,Economic Indicator,Decreasing,Budget,,,,False
5411,2024-11-25,70,426,28.48,False,Unknown,Competitor Pricing,Decreasing,Regular,,,,False
4159,2024-12-21,82,379,5.64,True,Unknown,Weather,Decreasing,Regular,,,,False
4315,2024-10-18,58,264,29.31,False,Unknown,Weather,Increasing,Regular,,,,False
2686,2024-04-05,33,218,36.12,True,Festival,Competitor Pricing,Stable,Regular,,,,False
2588,2024-01-31,61,63,61.74,False,Festival,Competitor Pricing,Increasing,Premium,,,,False
2384,2024-09-22,68,65,49.79,False,Holiday,Economic Indicator,Stable,Premium,,,,False
4919,2024-09-28,4,358,13.0,False,Unknown,Economic Indicator,Increasing,Budget,,,,False
3051,2024-07-17,18,102,48.02,True,Unknown,Competitor Pricing,Decreasing,Premium,,,,False
5527,2024-09-27,54,295,21.26,False,Holiday,Competitor Pricing,Increasing,Premium,,,,False
7237,2024-12-01,22,280,65.45,True,Festival,Economic Indicator,Decreasing,Regular,,,,False
1674,2024-10-19,78,84,82.33,False,Holiday,Economic Indicator,Increasing,Regular,,,,False
6394,2024-04-10,71,434,15.76,False,Holiday,Unknown,Stable,Regular,,,,False
5595,2024-07-31,69,476,67.21,False,Festival,Competitor Pricing,Decreasing,Budget,,,,False
7329,2024-03-08,81,35,31.9,False,Unknown,Competitor Pricing,Stable,Regular,,,,False
2673,2024-11-22,75,68,36.96,True,Unknown,Economic Indicator,Stable,Premium,,,,False
7511,2024-05-16,36,29,74.19,True,Holiday,Competitor Pricing,Stable,Premium,,,,False
1142,2024-08-10,58,396,27.76,True,Festival,Competitor Pricing,Decreasing,Regular,,,,False
4362,2024-10-27,70,400,55.7,False,Unknown,Economic Indicator,Stable,Regular,,,,False
5864,2024-10-30,33,223,32.77,True,Festival,Unknown,Decreasing,Regular,,,,False
8327,2024-05-11,31,199,5.81,False,Holiday,Competitor Pricing,Decreasing,Regular,,,,False
1629,2024-03-02,22,197,96.95,True,Holiday,Weather,Increasing,Premium,,,,False
5541,2024-08-10,44,364,53.7,False,Festival,Economic Indicator,Decreasing,Premium,,,,False
7365,2024-04-09,16,493,81.09,False,Festival,Weather,Increasing,Budget,,,,False
7090,2024-05-30,46,435,12.51,True,Festival,Competitor Pricing,Increasing,Premium,,,,False
3912,2024-07-20,42,57,56.3,False,Unknown,Weather,Stable,Budget,,,,False
8530,2024-01-20,2,385,59.01,True,Unknown,Weather,Decreasing,Premium,,,,False
9148,2024-08-03,60,459,51.73,True,Unknown,Weather,Decreasing,Regular,,,,False
8057,2024-08-19,75,103,32.66,True,Unknown,Competitor Pricing,Increasing,Regular,,,,False
3050,2024-02-24,58,430,18.77,True,Unknown,Unknown,Decreasing,Premium,,,,False
8469,2024-03-27,52,395,64.91,False,Unknown,Competitor Pricing,Decreasing,Premium,,,,False
8264,2024-04-19,9,485,43.05,False,Holiday,Economic Indicator,Decreasing,Regular,,,,False
6144,2024-08-13,35,136,60.99,False,Holiday,Weather,Increasing,Regular,,,,False
7818,2024-04-21,56,283,84.89,False,Festival,Competitor Pricing,Increasing,Budget,,,,False
3345,2024-11-25,22,85,24.28,False,Festival,Weather,Decreasing,Budget,,,,False
7896,2024-03-10,15,443,55.55,False,Unknown,Economic Indicator,Decreasing,Premium,,,,False
5405,2024-02-20,94,311,63.45,False,Unknown,Competitor Pricing,Decreasing,Budget,,,,False
6210,2024-03-25,35,427,68.66,True,Unknown,Unknown,Increasing,Budget,,,,False
4156,2024-01-05,2,389,89.47,True,Festival,Competitor Pricing,Stable,Budget,,,,False
9553,2024-11-06,20,422,20.91,False,Festival,Unknown,Decreasing,Premium,,,,False
4642,2024-07-08,17,303,53.26,False,Festival,Economic Indicator,Decreasing,Regular,,,,False
5949,2024-12-16,94,128,9.14,True,Holiday,Unknown,Decreasing,Regular,,,,False
2867,2024-10-10,30,182,14.13,False,Holiday,Weather,Decreasing,Premium,,,,False
9589,2024-08-28,61,43,92.22,False,Festival,Unknown,Stable,Premium,,,,False
4547,2024-10-18,93,400,85.79,False,Unknown,Competitor Pricing,Stable,Premium,,,,False
5384,2024-10-26,24,3,79.83,True,Festival,Economic Indicator,Increasing,Premium,,,,False
9359,2024-11-24,22,288,34.71,True,Festival,Unknown,Stable,Regular,,,,False
3788,2024-07-21,71,289,51.51,True,Holiday,Weather,Stable,Regular,,,,False
3545,2024-06-02,7,114,96.09,False,Festival,Unknown,Increasing,Premium,,,,False
7538,2024-07-20,47,293,48.74,False,Holiday,Competitor Pricing,Stable,Regular,,,,False
2991,2024-07-15,87,232,34.62,True,Festival,Economic Indicator,Increasing,Budget,,,,False
7151,2024-11-02,70,389,27.32,True,Unknown,Competitor Pricing,Decreasing,Premium,,,,False
2851,2024-05-01,85,168,69.13,True,Unknown,Competitor Pricing,Decreasing,Premium,,,,False
4442,2024-09-08,25,387,11.41,False,Holiday,Unknown,Increasing,Budget,,,,False
4468,2024-07-06,30,118,31.9,True,Holiday,Economic Indicator,Decreasing,Budget,,,,False
3582,2024-02-17,88,269,89.45,False,Festival,Weather,Increasing,Budget,,,,False
3925,2024-01-25,52,351,57.2,True,Holiday,Unknown,Decreasing,Premium,,,,False
2670,2024-09-15,60,223,66.23,True,Holiday,Unknown,Decreasing,Premium,,,,False
9476,2024-10-29,19,179,46.23,True,Unknown,Economic Indicator,Increasing,Budget,,,,False
4799,2024-03-08,41,375,15.98,True,Holiday,Unknown,Decreasing,Regular,,,,False
6502,2024-08-15,76,232,45.59,True,Unknown,Weather,Increasing,Budget,,,,False
5754,2024-01-23,35,176,98.65,False,Holiday,Unknown,Decreasing,Budget,,,,False
8508,2024-07-16,98,17,53.38,True,Festival,Economic Indicator,Decreasing,Regular,,,,False
8487,2024-07-15,63,137,36.03,False,Holiday,Economic Indicator,Decreasing,Regular,,,,False
1213,2024-05-12,45,218,45.21,True,Holiday,Competitor Pricing,Decreasing,Regular,,,,False
7894,2024-03-02,62,499,18.76,False,Unknown,Weather,Increasing,Premium,,,,False
4559,2024-03-13,63,206,13.86,True,Holiday,Weather,Increasing,Budget,,,,False
5118,2024-10-08,1,384,27.98,False,Unknown,Weather,Decreasing,Premium,,,,False
2013,2024-05-31,72,329,56.39,True,Festival,Unknown,Stable,Budget,,,,False
3663,2024-12-29,73,472,10.78,False,Holiday,Economic Indicator,Stable,Regular,,,,False
8774,2024-01-19,30,469,66.51,False,Holiday,Weather,Stable,Premium,,,,False
3241,2024-12-06,60,473,98.15,False,Festival,Competitor Pricing,Increasing,Premium,,,,False
6778,2024-03-05,68,412,47.74,True,Holiday,Competitor Pricing,Stable,Premium,,,,False
6811,2024-02-03,87,287,98.17,False,Holiday,Unknown,Decreasing,Budget,,,,False
1931,2024-09-25,15,456,44.09,False,Holiday,Economic Indicator,Decreasing,Premium,,,,False
1985,2024-03-14,36,278,21.9,True,Unknown,Competitor Pricing,Decreasing,Regular,,,,False
9071,2024-05-02,64,90,95.29,False,Festival,Unknown,Stable,Regular,,,,False
4345,2024-09-24,87,244,45.23,False,Unknown,Economic Indicator,Increasing,Premium,,,,False
3034,2024-03-22,88,237,70.68,True,Unknown,Competitor Pricing,Stable,Regular,,,,False
1508,2024-12-05,96,479,29.49,False,Festival,Economic Indicator,Increasing,Premium,,,,False
8016,2024-05-21,64,97,35.39,True,Unknown,Weather,Increasing,Budget,,,,False
4958,2024-07-18,96,326,94.05,True,Unknown,Weather,Stable,Premium,,,,False
4077,2024-12-16,30,124,32.05,False,Festival,Economic Indicator,Increasing,Regular,,,,False
5912,2024-03-13,75,380,26.73,False,Unknown,Weather,Stable,Budget,,,,False
2778,2024-08-03,26,243,61.88,False,Unknown,Unknown,Increasing,Premium,,,,False
2664,2024-08-30,5,287,17.81,False,Holiday,Unknown,Decreasing,Regular,,,,False
9104,2024-10-28,41,437,52.4,True,Unknown,Unknown,Increasing,Regular,,,,False
6450,2024-10-09,18,240,64.2,False,Festival,Unknown,Stable,Premium,,,,False
6795,2024-05-02,47,253,43.65,True,Festival,Weather,Decreasing,Budget,,,,False
7046,2024-05-27,4,160,58.66,False,Festival,Weather,Increasing,Regular,,,,False
7529,2024-02-12,15,305,6.69,True,Unknown,Weather,Increasing,Regular,,,,False
4006,2024-01-06,30,465,23.9,True,Festival,Competitor Pricing,Stable,Budget,,,,False
7537,2024-06-20,26,258,43.15,False,Holiday,Competitor Pricing,Decreasing,Regular,,,,False
3433,2024-03-03,43,160,36.97,False,Unknown,Economic Indicator,Increasing,Regular,,,,False
7363,2024-12-10,1,176,86.78,True,Holiday,Weather,Stable,Regular,,,,False
5794,2024-06-15,64,86,49.44,True,Holiday,Unknown,Stable,Regular,,,,False
9087,2024-07-11,10,30,43.57,True,Festival,Unknown,Stable,Regular,,,,False
1926,2024-09-24,87,219,67.44,True,Holiday,Weather,Increasing,Regular,,,,False
6255,2024-12-21,92,359,21.66,True,Holiday,Economic Indicator,Decreasing,Premium,,,,False
2033,2024-11-08,15,213,68.35,True,Holiday,Weather,Decreasing,Regular,,,,False
5355,2024-11-22,63,255,12.93,True,Holiday,Economic Indicator,Increasing,Budget,,,,False
4385,2024-06-06,53,190,67.31,False,Unknown,Weather,Stable,Premium,,,,False
1589,2024-08-31,28,190,57.86,False,Festival,Unknown,Increasing,Regular,,,,False
6443,2024-08-05,48,98,47.45,False,Unknown,Competitor Pricing,Stable,Budget,,,,False
1401,2024-10-23,85,12,34.34,False,Holiday,Competitor Pricing,Decreasing,Premium,,,,False
6648,2024-11-07,99,487,26.99,False,Holiday,Competitor Pricing,Decreasing,Budget,,,,False
1140,2024-10-22,97,486,45.75,True,Holiday,Economic Indicator,Increasing,Premium,,,,False
8543,2024-04-19,84,317,42.09,True,Holiday,Unknown,Decreasing,Premium,,,,False
6488,2024-06-03,82,143,54.77,False,Festival,Unknown,Decreasing,Regular,,,,False
3161,2024-01-18,59,17,66.67,True,Unknown,Weather,Decreasing,Premium,,,,False
6531,2024-02-17,8,215,73.68,True,Holiday,Competitor Pricing,Stable,Regular,,,,False
5819,2024-11-23,33,434,81.17,True,Unknown,Unknown,Stable,Premium,,,,False
1448,2024-08-10,55,244,33.7,False,Unknown,Weather,Increasing,Regular,,,,False
1957,2024-08-21,96,262,89.25,False,Holiday,Competitor Pricing,Stable,Budget,,,,False
8007,2024-12-17,78,347,98.4,False,Unknown,Competitor Pricing,Increasing,Budget,,,,False
5717,2024-02-08,30,324,67.11,False,Festival,Weather,Increasing,Regular,,,,False
5649,2024-10-05,41,353,56.55,True,Festival,Unknown,Increasing,Premium,,,,False
6269,2024-04-20,54,274,17.14,True,Festival,Weather,Decreasing,Premium,,,,False
6474,2024-09-11,37,320,64.89,True,Festival,Unknown,Increasing,Premium,,,,False
7296,2024-04-07,50,77,67.07,True,Holiday,Competitor Pricing,Stable,Budget,,,,False
5972,2024-06-19,56,27,5.41,True,Festival,Economic Indicator,Increasing,Budget,,,,False
4898,2024-03-21,22,447,10.37,True,Festival,Economic Indicator,Increasing,Premium,,,,False
1272,2024-10-19,3,237,34.59,True,Holiday,Weather,Stable,Premium,,,,False
1670,2024-10-08,19,196,7.37,False,Festival,Unknown,Decreasing,Budget,,,,False
5960,2024-04-28,61,181,51.41,False,Unknown,Weather,Decreasing,Premium,,,,False
4690,2024-11-23,78,298,91.85,False,Festival,Competitor Pricing,Increasing,Budget,,,,False
2788,2024-08-14,73,388,72.53,True,Festival,Unknown,Stable,Budget,,,,False
9011,2024-08-28,40,59,11.01,False,Unknown,Weather,Decreasing,Budget,,,,False
2219,2024-10-19,72,19,98.07,False,Holiday,Competitor Pricing,Stable,Budget,,,,False
6195,2024-01-24,4,102,89.21,True,Holiday,Competitor Pricing,Decreasing,Regular,,,,False
7603,2024-02-07,20,162,60.14,True,Holiday,Weather,Decreasing,Budget,,,,False
2809,2024-02-29,60,52,27.43,True,Unknown,Weather,Decreasing,Budget,,,,False
6043,2024-04-01,55,87,57.87,True,Festival,Economic Indicator,Decreasing,Premium,,,,False
6710,2024-11-25,15,105,28.6,False,Holiday,Economic Indicator,Increasing,Premium,48.46,72.49,1.9,True
5757,2024-03-27,4,460,91.23,False,Festival,Unknown,Stable,Budget,,,,False
6548,2024-12-20,90,120,54.97,True,Holiday,Unknown,Increasing,Regular,,,,False
2970,2024-11-17,12,320,69.46,True,Festival,Unknown,Stable,Premium,,,,False
2527,2024-08-31,31,291,21.64,False,Unknown,Weather,Stable,Budget,,,,False
2387,2024-12-04,99,93,53.38,False,Festival,Economic Indicator,Stable,Premium,,,,False
9086,2024-01-09,64,483,23.07,False,Festival,Economic Indicator,Increasing,Budget,,,,False
2497,2024-10-19,75,75,19.84,False,Festival,Economic Indicator,Decreasing,Budget,,,,False
2026,2024-10-27,57,85,66.92,False,Holiday,Weather,Increasing,Budget,,,,False
7864,2024-08-14,10,344,21.67,True,Unknown,Competitor Pricing,Stable,Premium,,,,False
9540,2024-09-18,45,476,68.95,True,Holiday,Competitor Pricing,Stable,Regular,,,,False
3541,2024-12-14,56,380,25.39,True,Unknown,Competitor Pricing,Stable,Regular,,,,False
8958,2024-09-29,39,221,20.64,False,Festival,Unknown,Stable,Budget,,,,False
3639,2024-04-08,80,165,61.36,True,Unknown,Competitor Pricing,Increasing,Premium,,,,False
8994,2024-06-06,40,208,96.26,False,Holiday,Economic Indicator,Increasing,Premium,,,,False
4988,2024-04-29,79,293,47.96,False,Holiday,Economic Indicator,Stable,Premium,,,,False
6735,2024-08-01,69,420,58.63,False,Holiday,Economic Indicator,Stable,Regular,,,,False
2004,2024-06-27,61,224,58.77,False,Holiday,Economic Indicator,Stable,Budget,,,,False
8389,2024-04-28,16,87,80.7,False,Holiday,Competitor Pricing,Increasing,Budget,,,,False
1939,2024-12-19,50,298,52.78,False,Holiday,Weather,Decreasing,Regular,,,,False
6336,2024-07-09,56,151,70.73,False,Holiday,Unknown,Stable,Regular,,,,False
9492,2024-05-15,59,67,8.51,False,Holiday,Unknown,Decreasing,Budget,,,,False
2835,2024-10-28,84,282,91.45,True,Unknown,Economic Indicator,Decreasing,Regular,,,,False
9719,2024-12-05,77,312,10.96,True,Holiday,Weather,Increasing,Premium,,,,False
7347,2024-07-19,58,442,63.27,True,Holiday,Weather,Stable,Premium,,,,False
1197,2024-11-21,10,413,84.45,True,Unknown,Competitor Pricing,Increasing,Regular,,,,False
6221,2024-03-29,89,128,48.09,False,Festival,Weather,Decreasing,Budget,,,,False
9982,2024-11-08,66,294,71.43,True,Festival,Economic Indicator,Increasing,Regular,,,,False
9541,2024-07-30,62,350,20.75,True,Festival,Weather,Decreasing,Budget,,,,False
4294,2024-12-07,65,470,14.59,True,Unknown,Weather,Decreasing,Regular,,,,False
8954,2024-11-11,76,60,15.25,True,Unknown,Competitor Pricing,Increasing,Budget,,,,False
8413,2024-08-05,66,142,94.59,False,Festival,Weather,Stable,Premium,,,,False
9302,2024-01-20,78,237,15.86,True,Unknown,Competitor Pricing,Stable,Regular,,,,False
7080,2024-03-05,69,245,79.0,False,Holiday,Weather,Decreasing,Premium,,,,False
5468,2024-09-30,82,187,43.57,False,Unknown,Unknown,Increasing,Budget,,,,False
4960,2024-12-30,23,81,40.01,True,Festival,Economic Indicator,Stable,Premium,,,,False
6898,2024-08-18,30,170,52.3,False,Unknown,Unknown,Increasing,Budget,,,,False
1678,2024-09-19,70,329,75.38,True,Festival,Unknown,Increasing,Premium,,,,False
5568,2024-11-28,60,192,59.95,False,Festival,Weather,Increasing,Budget,,,,False
1420,2024-04-09,58,277,90.66,True,Holiday,Weather,Increasing,Premium,,,,False
5554,2024-02-21,16,66,11.2,True,Holiday,Competitor Pricing,Stable,Premium,,,,False
8817,2024-03-05,19,280,10.92,True,Unknown,Unknown,Stable,Regular,,,,False
5538,2024-02-19,37,164,20.36,True,Holiday,Weather,Increasing,Regular,,,,False
1948,2024-11-28,9,113,57.85,False,Festival,Competitor Pricing,Increasing,Regular,,,,False
4092,2024-09-04,28,234,38.88,False,Holiday,Unknown,Stable,Regular,,,,False
5922,2024-09-27,47,300,44.92,False,Festival,Economic Indicator,Decreasing,Regular,,,,False
8961,2024-02-27,66,415,96.6,False,Holiday,Economic Indicator,Increasing,Premium,,,,False
8950,2024-01-07,7,410,94.87,True,Festival,Economic Indicator,Stable,Premium,,,,False
7879,2024-05-27,50,363,7.03,True,Unknown,Economic Indicator,Stable,Regular,,,,False
3417,2024-04-09,95,289,20.33,False,Unknown,Weather,Increasing,Budget,,,,False
4551,2024-02-13,86,307,33.83,False,Holiday,Unknown,Stable,Regular,,,,False
6774,2024-03-10,97,410,7.9,True,Festival,Competitor Pricing,Decreasing,Premium,,,,False
3361,2024-11-27,80,312,41.1,False,Holiday,Unknown,Increasing,Premium,,,,False
7991,2024-09-07,20,138,77.66,True,Holiday,Unknown,Increasing,Budget,,,,False
4343,2024-10-21,88,368,36.21,True,Festival,Weather,Decreasing,Regular,,,,False
7011,2024-02-26,92,2,80.99,False,Unknown,Economic Indicator,Increasing,Regular,,,,False
9989,2024-05-20,15,12,93.51,False,Unknown,Unknown,Stable,Premium,,,,False
7926,2024-10-22,79,60,24.2,False,Festival,Competitor Pricing,Decreasing,Premium,,,,False
4594,2024-03-17,66,435,5.85,False,Holiday,Economic Indicator,Stable,Premium,,,,False
3503,2024-03-22,34,442,81.99,True,Unknown,Unknown,Increasing,Premium,,,,False
4202,2024-05-22,28,343,8.69,True,Unknown,Weather,Stable,Budget,,,,False
5476,2024-11-10,99,183,52.63,False,Holiday,Competitor Pricing,Increasing,Budget,,,,False
1361,2024-12-20,42,134,10.89,True,Unknown,Weather,Decreasing,Premium,,,,False
3089,2024-02-23,1,245,78.59,False,Holiday,Unknown,Increasing,Premium,,,,False
8050,2024-10-20,50,235,92.38,True,Unknown,Competitor Pricing,Stable,Regular,,,,False
6708,2024-12-16,19,95,40.19,False,Unknown,Weather,Decreasing,Premium,,,,False
4339,2024-04-24,8,48,81.23,False,Holiday,Weather,Increasing,Budget,,,,False
2506,2024-07-28,33,260,64.86,False,Holiday,Unknown,Decreasing,Budget,,,,False
1595,2024-03-15,74,82,51.94,False,Unknown,Weather,Increasing,Budget,,,,False
2023,2024-12-16,43,8,67.47,True,Unknown,Unknown,Stable,Budget,,,,False
2357,2024-12-07,40,118,51.62,True,Festival,Unknown,Increasing,Budget,,,,False
9051,2024-10-02,96,48,61.56,True,Holiday,Weather,Stable,Budget,,,,False
6628,2024-09-08,51,448,52.75,True,Festival,Weather,Stable,Budget,,,,False
8730,2024-09-22,45,359,13.05,True,Holiday,Unknown,Increasing,Regular,,,,False
1963,2024-06-15,81,11,9.17,True,Unknown,Competitor Pricing,Stable,Premium,,,,False
9991,2024-11-22,1,212,16.59,False,Unknown,Unknown,Increasing,Regular,,,,False
5533,2024-12-01,90,214,37.93,True,Festival,Economic Indicator,Stable,Regular,,,,False
9357,2024-05-07,49,226,42.24,False,Unknown,Unknown,Increasing,Budget,,,,False
8326,2024-04-13,78,333,51.55,False,Holiday,Economic Indicator,Increasing,Regular,,,,False
6353,2024-11-23,72,87,87.37,False,Unknown,Unknown,Decreasing,Budget,,,,False
5046,2024-08-16,19,141,23.62,True,Unknown,Economic Indicator,Increasing,Budget,,,,False
7426,2024-08-02,69,401,36.34,False,Holiday,Economic Indicator,Stable,Regular,,,,False
2356,2024-12-30,96,12,59.8,True,Unknown,Competitor Pricing,Decreasing,Regular,,,,False
4356,2024-11-23,90,233,35.01,False,Festival,Competitor Pricing,Decreasing,Premium,,,,False
9776,2024-12-13,89,162,55.89,False,Holiday,Unknown,Increasing,Premium,,,,False
2545,2024-06-08,96,189,8.76,True,Holiday,Unknown,Decreasing,Regular,,,,False
6324,2024-11-27,61,247,8.65,False,Festival,Unknown,Increasing,Regular,,,,False
7806,2024-09-18,28,458,67.32,False,Holiday,Weather,Increasing,Budget,,,,False
7698,2024-09-29,67,353,52.91,False,Unknown,Weather,Increasing,Regular,,,,False
5757,2024-05-30,32,486,75.98,True,Unknown,Competitor Pricing,Decreasing,Regular,,,,False
6437,2024-12-28,5,269,16.57,True,Festival,Unknown,Decreasing,Premium,,,,False
8447,2024-06-26,68,343,49.56,False,Festival,Competitor Pricing,Decreasing,Budget,,,,False
8720,2024-04-11,49,243,88.71,True,Unknown,Weather,Stable,Regular,,,,False
2887,2024-07-07,84,139,17.49,True,Festival,Weather,Stable,Premium,,,,False
6439,2024-01-13,94,357,11.89,True,Holiday,Competitor Pricing,Decreasing,Budget,,,,False
6764,2024-11-12,46,256,39.9,False,Unknown,Economic Indicator,Increasing,Regular,,,,False
6817,2024-11-23,73,96,89.25,True,Festival,Weather,Stable,Premium,,,,False
4174,2024-01-23,23,357,95.78,True,Unknown,Economic Indicator,Decreasing,Budget,,,,False
7644,2024-08-28,23,192,41.42,True,Festival,Unknown,Stable,Budget,,,,False
3141,2024-07-28,35,176,22.23,True,Unknown,Unknown,Increasing,Budget,,,,False
5885,2024-07-19,85,438,58.92,True,Holiday,Unknown,Decreasing,Budget,,,,False
2871,2024-11-18,99,252,28.43,False,Holiday,Unknown,Stable,Premium,,,,False
2845,2024-09-18,91,203,74.72,True,Unknown,Weather,Stable,Regular,,,,False
4577,2024-02-14,79,220,22.5,True,Festival,Weather,Increasing,Budget,,,,False
1820,2024-04-12,88,52,35.03,True,Festival,Weather,Stable,Budget,,,,False
4388,2024-06-19,95,491,48.98,False,Unknown,Economic Indicator,Stable,Premium,,,,False
5501,2024-09-30,5,5,23.1,False,Unknown,Economic Indicator,Decreasing,Regular,,,,False
1614,2024-08-14,3,163,84.81,True,Holiday,Unknown,Decreasing,Premium,,,,False
7304,2024-06-29,99,357,8.1,True,Unknown,Economic Indicator,Increasing,Regular,,,,False
9651,2024-01-17,41,43,55.79,False,Unknown,Weather,Decreasing,Regular,,,,False
8946,2024-09-13,57,165,58.84,False,Festival,Competitor Pricing,Stable,Regular,,,,False
1350,2024-09-27,71,267,27.47,False,Holiday,Unknown,Increasing,Regular,,,,False
3172,2024-02-12,65,429,27.2,True,Holiday,Economic Indicator,Decreasing,Budget,,,,False
4555,2024-08-26,40,468,78.2,False,Holiday,Weather,Stable,Premium,,,,False
8017,2024-12-21,60,232,82.5,True,Holiday,Weather,Increasing,Regular,,,,False
9278,2024-07-25,71,114,28.57,False,Holiday,Unknown,Increasing,Premium,,,,False
7910,2024-06-13,31,350,98.17,True,Holiday,Economic Indicator,Stable,Budget,,,,False
9503,2024-12-23,7,367,44.11,False,Unknown,Weather,Decreasing,Budget,,,,False
3062,2024-05-16,64,400,87.42,False,Festival,Economic Indicator,Stable,Budget,,,,False
7794,2024-04-14,42,86,8.74,False,Holiday,Unknown,Decreasing,Regular,,,,False
9929,2024-05-15,35,35,38.63,True,Holiday,Weather,Stable,Regular,,,,False
7378,2024-05-25,85,303,83.65,True,Festival,Unknown,Stable,Budget,,,,False
2461,2024-12-11,98,29,65.16,True,Holiday,Weather,Stable,Regular,,,,False
3139,2024-06-18,21,297,69.36,True,Festival,Unknown,Stable,Premium,,,,False
7283,2024-08-11,72,317,32.36,False,Unknown,Unknown,Decreasing,Budget,,,,False
6448,2024-06-17,84,139,41.32,True,Festival,Unknown,Stable,Premium,,,,False
7137,2024-01-26,99,94,97.12,True,Festival,Weather,Decreasing,Regular,,,,False
7839,2024-04-30,42,469,37.49,True,Festival,Economic Indicator,Increasing,Regular,,,,False
6872,2024-11-12,95,123,99.95,True,Unknown,Unknown,Increasing,Regular,10.82,43.18,0.66,True
8596,2024-07-19,96,484,25.09,False,Unknown,Competitor Pricing,Decreasing,Regular,,,,False
5745,2024-10-03,34,406,69.36,True,Unknown,Unknown,Decreasing,Regular,,,,False
5788,2024-01-17,13,32,60.57,True,Holiday,Economic Indicator,Stable,Budget,,,,False
5307,2024-03-19,50,379,49.5,True,Festival,Competitor Pricing,Decreasing,Budget,,,,False
1067,2024-11-14,19,335,39.26,False,Unknown,Unknown,Decreasing,Budget,,,,False
9197,2024-11-13,48,386,5.94,False,Festival,Weather,Decreasing,Regular,,,,False
6816,2024-12-24,39,415,22.93,True,Unknown,Unknown,Stable,Regular,,,,False
7173,2024-10-06,39,472,73.75,True,Unknown,Competitor Pricing,Stable,Regular,,,,False
3558,2024-07-27,78,223,69.49,False,Unknown,Weather,Stable,Budget,,,,False
2774,2024-01-31,82,422,76.03,True,Festival,Economic Indicator,Decreasing,Budget,,,,False
4633,2024-01-08,71,365,12.35,True,Festival,Weather,Decreasing,Budget,98.52,70.45,2.09,True
7777,2024-07-26,82,273,48.54,False,Festival,Economic Indicator,Decreasing,Premium,,,,False
5047,2024-10-05,34,457,97.32,False,Unknown,Competitor Pricing,Stable,Budget,,,,False
9984,2024-07-25,43,219,73.03,True,Unknown,Economic Indicator,Increasing,Budget,,,,False
7401,2024-03-16,3,267,65.77,True,Festival,Unknown,Stable,Budget,,,,False
8968,2024-04-13,33,114,7.81,False,Unknown,Unknown,Stable,Regular,,,,False
2695,2024-08-03,89,466,42.79,True,Unknown,Weather,Decreasing,Regular,,,,False
1083,2024-04-25,99,138,99.98,True,Holiday,Economic Indicator,Increasing,Regular,,,,False
9201,2024-02-04,76,319,27.17,True,Unknown,Weather,Stable,Premium,,,,False
9007,2024-02-11,44,110,86.38,True,Holiday,Competitor Pricing,Stable,Premium,,,,False
8280,2024-06-19,96,156,24.9,True,Holiday,Competitor Pricing,Decreasing,Premium,,,,False
4272,2024-11-12,4,359,40.36,True,Holiday,Competitor Pricing,Stable,Premium,,,,False
6485,2024-01-25,40,283,13.6,True,Festival,Competitor Pricing,Decreasing,Premium,,,,False
4991,2024-06-06,64,393,86.84,True,Holiday,Economic Indicator,Stable,Premium,,,,False
4361,2024-12-21,20,168,73.56,False,Festival,Economic Indicator,Increasing,Budget,,,,False
8228,2024-03-17,86,60,39.19,False,Unknown,Economic Indicator,Stable,Regular,,,,False
8039,2024-04-11,66,154,54.03,True,Holiday,Economic Indicator,Stable,Budget,,,,False
3785,2024-05-06,29,168,97.96,False,Festival,Competitor Pricing,Stable,Premium,,,,False
4234,2024-06-12,1,433,74.86,False,Unknown,Competitor Pricing,Increasing,Budget,,,,False
9331,2024-09-08,67,28,5.84,False,Festival,Competitor Pricing,Decreasing,Budget,,,,False
3084,2024-02-19,97,353,25.74,True,Unknown,Competitor Pricing,Decreasing,Budget,,,,False
9250,2024-01-20,51,472,32.79,True,Unknown,Competitor Pricing,Stable,Regular,,,,False
8738,2024-06-11,17,443,22.21,False,Holiday,Unknown,Increasing,Budget,,,,False
9236,2024-04-28,65,177,83.16,False,Holiday,Economic Indicator,Decreasing,Budget,,,,False
2923,2024-05-19,61,482,42.35,False,Festival,Competitor Pricing,Decreasing,Budget,,,,False
7428,2024-09-26,29,231,68.45,False,Holiday,Competitor Pricing,Stable,Premium,,,,False
9937,2024-01-13,18,430,10.88,True,Unknown,Weather,Decreasing,Budget,,,,False
3882,2024-03-11,37,372,40.57,False,Holiday,Unknown,Stable,Premium,,,,False
7283,2024-11-11,8,470,19.0,True,Unknown,Weather,Decreasing,Regular,,,,False
8186,2024-12-29,74,180,59.82,True,Unknown,Unknown,Increasing,Regular,,,,False
7494,2024-06-21,20,411,45.04,False,Holiday,Unknown,Stable,Budget,,,,False
1891,2024-12-11,24,423,56.18,True,Festival,Economic Indicator,Decreasing,Budget,,,,False
1979,2024-04-18,68,414,46.94,True,Festival,Competitor Pricing,Stable,Regular,,,,False
7225,2024-04-22,27,51,26.03,True,Holiday,Economic Indicator,Decreasing,Regular,,,,False
1062,2024-11-25,96,345,19.91,True,Festival,Economic Indicator,Increasing,Regular,,,,False
2141,2024-03-07,77,76,61.93,False,Festival,Unknown,Stable,Premium,,,,False
8919,2024-02-16,70,357,69.72,False,Unknown,Competitor Pricing,Decreasing,Budget,,,,False
5902,2024-12-02,64,41,76.44,False,Holiday,Weather,Decreasing,Premium,,,,False
6802,2024-07-27,60,371,25.23,True,Holiday,Weather,Stable,Budget,,,,False
1534,2024-02-27,6,279,99.76,True,Festival,Economic Indicator,Stable,Budget,,,,False
5742,2024-01-01,8,127,51.51,False,Festival,Unknown,Increasing,Budget,,,,False
3607,2024-12-07,60,322,81.78,True,Festival,Competitor Pricing,Increasing,Regular,,,,False
3466,2024-11-14,61,166,44.65,False,Holiday,Unknown,Increasing,Budget,,,,False
5434,2024-11-03,74,111,98.96,False,Festival,Competitor Pricing,Stable,Budget,,,,False
1814,2024-05-06,86,51,7.5,False,Festival,Economic Indicator,Decreasing,Budget,,,,False
8925,2024-11-20,5,48,15.13,False,Unknown,Unknown,Increasing,Premium,,,,False
2852,2024-07-08,54,308,15.19,False,Holiday,Weather,Increasing,Regular,,,,False
5172,2024-10-25,86,365,27.85,False,Unknown,Economic Indicator,Decreasing,Regular,,,,False
7510,2024-04-29,7,269,68.65,True,Festival,Unknown,Decreasing,Premium,,,,False
1531,2024-05-01,13,255,87.67,True,Unknown,Unknown,Stable,Regular,,,,False
2385,2024-10-24,38,131,84.96,False,Unknown,Economic Indicator,Decreasing,Regular,,,,False
9240,2024-09-06,9,492,58.88,False,Holiday,Economic Indicator,Stable,Budget,,,,False
7032,2024-06-11,50,15,94.39,False,Holiday,Economic Indicator,Decreasing,Regular,,,,False
7414,2024-11-18,6,158,23.52,True,Festival,Competitor Pricing,Stable,Budget,,,,False
4521,2024-05-09,58,491,75.21,True,Holiday,Economic Indicator,Decreasing,Regular,,,,False
8286,2024-04-01,20,420,90.3,False,Holiday,Economic Indicator,Increasing,Budget,,,,False
8417,2024-02-16,73,101,59.46,False,Unknown,Unknown,Decreasing,Budget,,,,False
1705,2024-03-04,78,397,49.73,True,Unknown,Competitor Pricing,Stable,Budget,,,,False
9229,2024-03-06,27,373,49.14,False,Unknown,Competitor Pricing,Stable,Regular,,,,False
6891,2024-04-27,35,143,36.46,True,Festival,Unknown,Decreasing,Premium,,,,False
5080,2024-01-18,44,22,38.69,True,Holiday,Weather,Stable,Premium,,,,False
7766,2024-01-24,74,316,99.35,False,Festival,Economic Indicator,Increasing,Budget,,,,False
5845,2024-09-28,20,277,14.65,False,Holiday,Competitor Pricing,Increasing,Regular,,,,False
1412,2024-04-29,98,48,33.88,False,Holiday,Unknown,Decreasing,Budget,,,,False
1895,2024-09-16,81,83,83.51,True,Unknown,Weather,Stable,Regular,,,,False
6683,2024-01-18,71,28,17.96,False,Unknown,Economic Indicator,Decreasing,Premium,,,,False
8618,2024-01-18,17,472,47.67,True,Festival,Economic Indicator,Decreasing,Premium,,,,False
2448,2024-08-13,24,132,84.56,True,Unknown,Unknown,Decreasing,Regular,,,,False
1311,2024-06-21,8,392,48.68,True,Festival,Unknown,Increasing,Regular,,,,False
2294,2024-04-28,68,342,19.21,True,Unknown,Economic Indicator,Increasing,Regular,,,,False
2581,2024-03-06,84,197,88.54,True,Festival,Economic Indicator,Stable,Premium,,,,False
3811,2024-05-05,14,231,85.7,False,Unknown,Economic Indicator,Decreasing,Regular,,,,False
6737,2024-12-08,72,452,38.46,False,Festival,Weather,Stable,Budget,,,,False
2573,2024-01-06,78,472,94.45,False,Unknown,Economic Indicator,Decreasing,Premium,,,,False
7300,2024-01-26,65,405,91.71,True,Unknown,Competitor Pricing,Increasing,Budget,,,,False
9811,2024-11-02,16,382,98.41,True,Festival,Competitor Pricing,Increasing,Regular,,,,False
7761,2024-02-14,87,149,36.35,True,Festival,Economic Indicator,Increasing,Regular,,,,False
5347,2024-10-28,94,140,12.63,False,Unknown,Unknown,Decreasing,Premium,,,,False
3317,2024-07-09,10,275,37.51,False,Unknown,Economic Indicator,Decreasing,Premium,,,,False
6705,2024-01-05,9,222,95.62,False,Unknown,Competitor Pricing,Stable,Regular,,,,False
8194,2024-03-17,73,111,79.42,True,Festival,Unknown,Stable,Budget,,,,False
4858,2024-07-03,85,494,67.49,False,Holiday,Unknown,Stable,Budget,,,,False
4544,2024-01-05,41,43,80.32,False,Holiday,Unknown,Decreasing,Premium,,,,False
6791,2024-10-24,88,159,39.42,True,Festival,Unknown,Stable,Regular,,,,False
8640,2024-01-16,16,68,89.08,True,Festival,Competitor Pricing,Decreasing,Budget,,,,False
8943,2024-10-12,98,312,97.38,True,Holiday,Unknown,Decreasing,Budget,,,,False
7442,2024-11-04,72,73,18.59,False,Unknown,Weather,Stable,Regular,,,,False
1701,2024-06-04,80,91,6.01,False,Unknown,Unknown,Increasing,Regular,,,,False
3733,2024-10-21,6,64,73.09,False,Unknown,Weather,Stable,Premium,,,,False
3136,2024-08-20,3,218,19.8,True,Holiday,Weather,Increasing,Premium,,,,False
3179,2024-03-05,50,303,69.48,False,Holiday,Weather,Stable,Regular,,,,False
9335,2024-08-01,20,193,54.29,True,Holiday,Competitor Pricing,Decreasing,Budget,,,,False
3243,2024-09-17,56,307,80.28,True,Holiday,Competitor Pricing,Decreasing,Regular,,,,False
2065,2024-06-02,21,109,36.36,False,Unknown,Competitor Pricing,Increasing,Regular,,,,False
1643,2024-01-09,48,155,34.25,False,Unknown,Unknown,Stable,Regular,,,,False
2167,2024-08-20,47,112,33.91,True,Holiday,Weather,Stable,Premium,,,,False
4063,2024-10-26,31,306,63.53,True,Holiday,Competitor Pricing,Increasing,Premium,,,,False
6793,2024-11-25,88,464,40.74,True,Holiday,Weather,Increasing,Budget,,,,False
3805,2024-11-05,70,301,57.18,False,Festival,Competitor Pricing,Decreasing,Regular,,,,False
7955,2024-12-29,64,212,48.51,False,Holiday,Unknown,Decreasing,Premium,,,,False
8742,2024-06-01,37,284,92.64,False,Festival,Economic Indicator,Stable,Regular,,,,False
6964,2024-02-05,73,293,55.77,True,Unknown,Weather,Increasing,Regular,,,,False
4440,2024-08-25,87,342,86.86,True,Unknown,Economic Indicator,Decreasing,Regular,,,,False
5913,2024-06-27,27,496,42.13,False,Festival,Unknown,Stable,Budget,,,,False
7348,2024-11-18,72,346,75.85,True,Festival,Competitor Pricing,Stable,Premium,,,,False
9977,2024-03-27,98,248,52.3,True,Unknown,Economic Indicator,Increasing,Budget,,,,False
7615,2024-12-21,88,85,77.94,True,Festival,Competitor Pricing,Increasing,Budget,,,,False
6995,2024-03-29,11,270,11.46,False,Holiday,Unknown,Increasing,Premium,,,,False
3030,2024-02-17,22,86,46.59,True,Unknown,Unknown,Increasing,Premium,,,,False
5537,2024-04-19,11,98,80.25,True,Festival,Unknown,Stable,Regular,,,,False
2505,2024-04-22,7,104,8.07,False,Unknown,Unknown,Stable,Premium,,,,False
8640,2024-04-07,82,117,27.6,False,Festival,Economic Indicator,Increasing,Budget,,,,False
6594,2024-08-02,67,247,6.08,False,Holiday,Competitor Pricing,Decreasing,Premium,,,,False
5063,2024-09-16,39,327,86.46,True,Festival,Economic Indicator,Stable,Regular,,,,False
4947,2024-11-06,60,288,80.92,True,Unknown,Weather,Increasing,Regular,,,,False
7230,2024-04-14,10,266,89.8,True,Festival,Economic Indicator,Decreasing,Budget,,,,False
3495,2024-05-31,65,149,39.17,False,Holiday,Competitor Pricing,Stable,Premium,,,,False
9869,2024-06-07,46,244,94.06,False,Unknown,Competitor Pricing,Increasing,Premium,,,,False
6908,2024-01-03,2,152,13.72,True,Unknown,Competitor Pricing,Decreasing,Premium,,,,False
2101,2024-04-22,24,104,83.33,False,Holiday,Weather,Increasing,Premium,,,,False
2830,2024-08-16,13,362,58.73,True,Holiday,Competitor Pricing,Increasing,Premium,,,,False
5366,2024-04-12,82,365,5.03,True,Holiday,Weather,Stable,Premium,,,,False
8649,2024-11-06,10,474,50.28,False,Holiday,Unknown,Increasing,Regular,,,,False
1009,2024-07-28,86,15,41.91,False,Unknown,Unknown,Increasing,Premium,,,,False
3389,2024-08-11,64,11,89.84,True,Holiday,Weather,Decreasing,Budget,,,,False
9026,2024-01-26,97,235,72.78,False,Festival,Economic Indicator,Increasing,Regular,,,,False
1989,2024-05-10,74,49,37.43,True,Festival,Competitor Pricing,Decreasing,Regular,,,,False
6965,2024-09-27,4,390,35.54,True,Unknown,Unknown,Decreasing,Premium,,,,False
8960,2024-09-19,39,416,62.45,True,Unknown,Economic Indicator,Decreasing,Regular,,,,False
3362,2024-02-18,11,245,44.85,False,Festival,Weather,Stable,Budget,,,,False
4445,2024-01-04,44,26,66.09,True,Holiday,Weather,Stable,Premium,,,,False
3241,2024-06-17,46,444,71.95,False,Unknown,Competitor Pricing,Increasing,Premium,,,,False
3088,2024-07-20,69,215,61.1,True,Holiday,Unknown,Stable,Regular,,,,False
6221,2024-09-07,54,474,78.42,False,Festival,Weather,Stable,Budget,,,,False
5477,2024-12-25,99,207,83.56,False,Unknown,Unknown,Stable,Regular,,,,False
3006,2024-11-27,49,192,12.87,False,Holiday,Competitor Pricing,Decreasing,Budget,,,,False
1542,2024-09-22,49,1,90.46,True,Festival,Weather,Increasing,Regular,,,,False
2174,2024-03-31,95,138,8.1,False,Holiday,Weather,Stable,Regular,,,,False
2857,2024-07-17,1,466,68.52,True,Holiday,Economic Indicator,Stable,Budget,,,,False
1660,2024-09-14,74,49,30.97,False,Holiday,Weather,Increasing,Regular,,,,False
3829,2024-11-15,15,432,44.98,False,Holiday,Economic Indicator,Increasing,Budget,,,,False
2466,2024-06-14,99,360,75.74,False,Unknown,Unknown,Increasing,Budget,,,,False
7347,2024-06-23,97,40,89.82,False,Holiday,Competitor Pricing,Increasing,Regular,,,,False
4447,2024-09-03,67,481,50.2,False,Unknown,Economic Indicator,Decreasing,Regular,,,,False
3982,2024-03-25,83,362,45.2,True,Holiday,Economic Indicator,Decreasing,Premium,,,,False
8539,2024-08-17,37,188,48.28,True,Festival,Competitor Pricing,Increasing,Budget,,,,False
6684,2024-08-20,91,394,33.85,False,Festival,Competitor Pricing,Decreasing,Premium,,,,False
1137,2024-05-19,60,307,82.88,True,Unknown,Unknown,Increasing,Budget,,,,False
6091,2024-06-14,31,445,48.5,False,Festival,Economic Indicator,Decreasing,Premium,,,,False
8968,2024-02-17,88,396,88.26,True,Festival,Weather,Stable,Regular,,,,False
9553,2024-03-02,1,331,84.03,False,Unknown,Competitor Pricing,Stable,Premium,,,,False
2356,2024-10-26,10,408,16.94,True,Festival,Unknown,Increasing,Regular,,,,False
5898,2024-01-03,28,115,34.29,False,Unknown,Unknown,Stable,Premium,,,,False
6024,2024-06-10,81,405,82.31,True,Holiday,Unknown,Stable,Budget,,,,False
6571,2024-01-17,82,274,51.98,True,Festival,Unknown,Increasing,Premium,,,,False
7208,2024-11-10,19,325,33.26,False,Unknown,Unknown,Decreasing,Premium,,,,False
8932,2024-02-01,81,85,88.44,True,Festival,Unknown,Stable,Budget,,,,False
4986,2024-09-09,15,365,13.02,True,Holiday,Competitor Pricing,Stable,Premium,,,,False
3109,2024-10-21,24,197,88.28,True,Festival,Unknown,Increasing,Premium,,,,False
7220,2024-10-24,94,156,48.2,True,Unknown,Unknown,Decreasing,Premium,,,,False
3938,2024-11-12,97,168,82.31,False,Holiday,Weather,Increasing,Budget,,,,False
8848,2024-08-08,79,52,50.64,False,Unknown,Competitor Pricing,Decreasing,Regular,,,,False
8222,2024-07-29,88,480,26.32,False,Festival,Economic Indicator,Increasing,Premium,,,,False
9747,2024-02-24,59,46,62.47,True,Festival,Weather,Decreasing,Premium,,,,False
8740,2024-02-10,59,328,83.53,False,Festival,Weather,Increasing,Premium,,,,False
7588,2024-05-09,56,297,23.28,False,Unknown,Weather,Stable,Budget,,,,False
1100,2024-02-15,67,200,9.08,True,Unknown,Unknown,Decreasing,Budget,,,,False
4248,2024-04-21,58,219,58.84,True,Festival,Weather,Decreasing,Regular,,,,False
3901,2024-12-26,94,405,34.39,False,Festival,Weather,Increasing,Budget,,,,False
9024,2024-11-03,35,240,43.65,False,Unknown,Weather,Stable,Regular,,,,False
1478,2024-05-27,55,308,52.82,False,Holiday,Unknown,Decreasing,Regular,,,,False
8966,2024-08-23,18,209,61.92,False,Holiday,Weather,Increasing,Premium,,,,False
1803,2024-05-30,66,186,39.69,True,Festival,Weather,Stable,Regular,,,,False
6764,2024-07-17,71,304,71.68,True,Festival,Economic Indicator,Increasing,Premium,,,,False
8215,2024-04-30,68,99,92.06,False,Unknown,Competitor Pricing,Decreasing,Premium,,,,False
4863,2024-10-28,32,385,41.48,False,Unknown,Competitor Pricing,Stable,Budget,,,,False
6446,2024-09-30,42,70,46.06,True,Festival,Economic Indicator,Stable,Budget,,,,False
2803,2024-05-26,1,86,55.46,True,Festival,Weather,Increasing,Budget,,,,False
8638,2024-01-29,7,25,71.53,False,Festival,Competitor Pricing,Increasing,Regular,15.74,12.46,2.29,True
4418,2024-06-23,29,137,16.26,True,Holiday,Unknown,Stable,Budget,,,,False
5335,2024-10-18,89,197,84.67,True,Festival,Competitor Pricing,Decreasing,Budget,,,,False
7889,2024-01-05,69,65,42.31,False,Holiday,Weather,Stable,Budget,,,,False
8983,2024-10-23,88,475,40.98,False,Holiday,Weather,Stable,Budget,,,,False
4544,2024-12-08,16,253,98.19,False,Unknown,Economic Indicator,Increasing,Regular,,,,False
2450,2024-06-01,84,230,7.18,False,Festival,Weather,Decreasing,Budget,,,,False
8126,2024-08-07,70,183,24.09,False,Unknown,Weather,Decreasing,Regular,,,,False
1895,2024-10-22,91,254,84.19,False,Festival,Unknown,Stable,Premium,,,,False
6996,2024-08-21,48,105,94.88,True,Unknown,Weather,Stable,Premium,,,,False
7651,2024-06-22,62,494,21.77,True,Unknown,Unknown,Increasing,Budget,,,,False
7866,2024-06-27,82,254,20.26,False,Holiday,Competitor Pricing,Increasing,Regular,,,,False
4558,2024-07-29,45,57,23.23,True,Unknown,Weather,Increasing,Premium,,,,False
7891,2024-07-30,49,109,7.45,True,Holiday,Economic Indicator,Stable,Regular,,,,False
1163,2024-03-31,10,423,12.03,True,Festival,Competitor Pricing,Decreasing,Regular,,,,False
7078,2024-12-02,60,61,65.71,False,Festival,Economic Indicator,Decreasing,Regular,,,,False
5596,2024-07-01,3,18,20.5,False,Holiday,Economic Indicator,Decreasing,Premium,,,,False
1264,2024-07-31,96,347,19.74,True,Festival,Unknown,Stable,Premium,,,,False
6362,2024-08-01,41,165,13.89,True,Festival,Competitor Pricing,Stable,Regular,,,,False
7884,2024-02-13,90,260,31.68,True,Unknown,Weather,Decreasing,Budget,,,,False
4740,2024-12-23,73,179,58.58,True,Festival,Economic Indicator,Decreasing,Premium,,,,False
4506,2024-12-10,28,185,31.99,False,Holiday,Competitor Pricing,Increasing,Premium,,,,False
4415,2024-09-14,15,463,60.07,False,Unknown,Economic Indicator,Increasing,Regular,,,,False
7730,2024-07-15,85,422,37.56,True,Unknown,Weather,Increasing,Premium,,,,False
4252,2024-11-24,44,366,82.44,False,Festival,Weather,Stable,Premium,,,,False
2657,2024-12-23,96,319,98.61,True,Holiday,Economic Indicator,Increasing,Budget,,,,False
3993,2024-01-06,21,319,44.99,True,Holiday,Economic Indicator,Increasing,Regular,,,,False
9522,2024-04-06,43,23,39.13,True,Holiday,Unknown,Decreasing,Premium,,,,False
4201,2024-06-06,12,299,92.56,False,Festival,Competitor Pricing,Decreasing,Regular,,,,False
2031,2024-03-16,7,69,90.24,True,Holiday,Competitor Pricing,Increasing,Budget,,,,False
4713,2024-05-10,1,146,70.36,True,Holiday,Weather,Decreasing,Premium,,,,False
8460,2024-07-06,57,42,18.27,True,Festival,Weather,Decreasing,Regular,,,,False
9229,2024-11-26,64,358,15.22,False,Unknown,Economic Indicator,Increasing,Budget,,,,False
1243,2024-09-13,29,453,50.91,False,Holiday,Economic Indicator,Decreasing,Regular,,,,False
9959,2024-10-06,88,56,25.64,True,Festival,Weather,Increasing,Regular,,,,False
3667,2024-10-11,77,125,67.33,False,Unknown,Weather,Stable,Regular,,,,False
4089,2024-12-23,17,188,36.89,False,Unknown,Economic Indicator,Increasing,Premium,,,,False
3963,2024-09-25,99,273,24.62,True,Holiday,Unknown,Increasing,Budget,,,,False
8708,2024-07-18,32,395,24.49,True,Holiday,Weather,Decreasing,Budget,,,,False
9336,2024-08-26,71,469,64.5,True,Festival,Competitor Pricing,Decreasing,Regular,,,,False
1783,2024-12-18,4,423,76.38,True,Holiday,Economic Indicator,Decreasing,Premium,,,,False
9423,2024-04-23,55,131,64.37,True,Festival,Economic Indicator,Stable,Premium,,,,False
2013,2024-12-05,87,389,49.96,True,Festival,Competitor Pricing,Stable,Premium,,,,False
7883,2024-10-25,48,146,92.56,False,Unknown,Competitor Pricing,Decreasing,Premium,,,,False
8888,2024-01-28,56,428,45.11,True,Holiday,Economic Indicator,Increasing,Premium,,,,False
1125,2024-10-29,38,465,6.83,True,Holiday,Weather,Increasing,Regular,,,,False
3699,2024-05-18,16,55,23.03,True,Festival,Weather,Increasing,Budget,,,,False
5516,2024-07-13,96,462,50.4,True,Unknown,Weather,Decreasing,Budget,,,,False
8355,2024-09-13,96,352,52.4,True,Holiday,Economic Indicator,Stable,Budget,,,,False
1347,2024-12-30,42,283,19.48,True,Holiday,Weather,Stable,Budget,,,,False
4514,2024-05-23,2,83,62.3,True,Unknown,Economic Indicator,Increasing,Regular,,,,False
5812,2024-08-24,58,387,74.26,False,Unknown,Weather,Increasing,Premium,,,,False
3004,2024-08-22,32,36,18.53,True,Unknown,Weather,Increasing,Premium,,,,False
8334,2024-04-15,1,100,9.85,False,Festival,Economic Indicator,Decreasing,Premium,,,,False
7857,2024-11-15,70,371,72.77,True,Unknown,Weather,Stable,Regular,,,,False
1154,2024-05-23,33,174,48.46,False,Festival,Weather,Increasing,Budget,,,,False
6971,2024-11-21,2,270,32.5,True,Festival,Weather,Increasing,Budget,,,,False
4530,2024-06-14,22,221,93.01,False,Holiday,Weather,Increasing,Regular,,,,False
9973,2024-10-27,11,281,55.37,False,Unknown,Competitor Pricing,Stable,Premium,,,,False
3610,2024-03-16,10,462,10.72,False,Unknown,Economic Indicator,Decreasing,Budget,,,,False
2935,2024-08-25,60,226,25.38,False,Unknown,Competitor Pricing,Increasing,Budget,,,,False
5451,2024-09-03,39,297,37.14,True,Unknown,Unknown,Stable,Regular,,,,False
4605,2024-12-17,37,137,87.58,True,Holiday,Competitor Pricing,Stable,Budget,,,,False
2068,2024-08-16,78,60,76.61,True,Holiday,Weather,Stable,Regular,,,,False
9374,2024-01-09,28,428,70.11,False,Unknown,Weather,Increasing,Premium,,,,False
9415,2024-01-27,66,268,96.39,True,Unknown,Unknown,Stable,Budget,,,,False
4544,2024-03-24,35,408,89.11,True,Unknown,Competitor Pricing,Stable,Premium,,,,False
8874,2024-06-07,6,231,16.12,False,Holiday,Competitor Pricing,Stable,Budget,,,,False
5123,2024-07-27,41,23,66.96,True,Holiday,Competitor Pricing,Decreasing,Budget,,,,False
9778,2024-02-15,51,384,91.5,True,Unknown,Competitor Pricing,Decreasing,Budget,,,,False
4742,2024-04-26,57,464,59.03,False,Unknown,Competitor Pricing,Stable,Regular,,,,False
5057,2024-10-25,28,197,56.6,True,Unknown,Weather,Stable,Budget,,,,False
5520,2024-10-25,4,185,26.98,True,Holiday,Weather,Stable,Regular,,,,False
7656,2024-06-30,19,491,74.98,True,Unknown,Unknown,Decreasing,Premium,,,,False
7095,2024-05-11,4,173,22.6,False,Festival,Economic Indicator,Decreasing,Budget,,,,False
6952,2024-04-10,89,399,69.42,True,Festival,Weather,Decreasing,Regular,,,,False
6865,2024-03-13,85,366,87.8,False,Holiday,Unknown,Decreasing,Budget,,,,False
1910,2024-08-21,44,81,97.55,True,Festival,Competitor Pricing,Increasing,Premium,,,,False
4731,2024-08-20,66,121,22.25,False,Unknown,Competitor Pricing,Decreasing,Regular,,,,False
6097,2024-07-08,59,108,62.38,False,Festival,Competitor Pricing,Stable,Budget,,,,False
4059,2024-12-11,21,154,20.33,True,Unknown,Economic Indicator,Increasing,Regular,,,,False
9786,2024-01-08,90,102,59.8,True,Festival,Competitor Pricing,Increasing,Budget,,,,False
4673,2024-10-18,67,124,73.11,True,Unknown,Economic Indicator,Increasing,Premium,,,,False
4973,2024-09-25,55,172,70.6,True,Unknown,Economic Indicator,Stable,Budget,,,,False
6874,2024-01-25,94,112,78.64,False,Festival,Unknown,Stable,Regular,,,,False
6131,2024-04-27,98,474,72.29,False,Holiday,Weather,Increasing,Budget,20.94,46.76,2.24,True
8412,2024-03-11,26,250,91.4,False,Unknown,Weather,Increasing,Regular,,,,False
5551,2024-12-05,56,339,64.43,True,Festival,Weather,Increasing,Regular,,,,False
9634,2024-12-29,38,364,82.87,False,Holiday,Competitor Pricing,Increasing,Premium,,,,False
1355,2024-04-09,88,22,32.22,False,Unknown,Unknown,Increasing,Regular,,,,False
2698,2024-01-30,85,20,81.4,False,Unknown,Unknown,Stable,Regular,,,,False
6081,2024-03-19,68,160,42.75,True,Holiday,Unknown,Decreasing,Budget,,,,False
7995,2024-08-11,14,173,31.69,False,Festival,Weather,Stable,Regular,,,,False
1541,2024-01-27,58,28,87.28,True,Holiday,Competitor Pricing,Increasing,Premium,,,,False
7106,2024-10-13,71,65,88.12,True,Holiday,Unknown,Increasing,Regular,,,,False
3773,2024-04-15,20,197,80.08,True,Holiday,Economic Indicator,Decreasing,Premium,,,,False
2591,2024-12-16,67,357,41.1,False,Festival,Weather,Stable,Premium,,,,False
1307,2024-01-17,63,200,52.19,False,Festival,Unknown,Increasing,Budget,,,,False
2787,2024-04-07,59,337,93.23,False,Unknown,Competitor Pricing,Stable,Budget,,,,False
2514,2024-08-13,28,309,96.75,False,Unknown,Economic Indicator,Increasing,Budget,,,,False
6103,2024-12-30,9,132,60.16,True,Holiday,Unknown,Increasing,Regular,,,,False
2257,2024-10-20,69,99,94.4,False,Unknown,Weather,Increasing,Regular,,,,False
7573,2024-04-27,91,497,58.36,True,Holiday,Competitor Pricing,Decreasing,Budget,,,,False
8706,2024-09-15,52,35,36.56,False,Festival,Competitor Pricing,Increasing,Premium,,,,False
4924,2024-12-25,5,187,94.82,False,Holiday,Competitor Pricing,Stable,Regular,,,,False
9895,2024-04-27,37,240,24.54,True,Festival,Unknown,Increasing,Budget,,,,False
5551,2024-11-28,13,379,57.31,True,Festival,Weather,Stable,Premium,,,,False
7506,2024-12-01,75,146,8.03,False,Festival,Unknown,Increasing,Regular,,,,False
8849,2024-08-20,92,176,88.68,False,Holiday,Weather,Increasing,Premium,,,,False
3179,2024-07-18,46,68,6.04,False,Unknown,Weather,Decreasing,Premium,,,,False
1938,2024-07-16,51,281,44.7,False,Unknown,Unknown,Decreasing,Budget,,,,False
5031,2024-12-09,17,466,70.17,False,Festival,Unknown,Increasing,Regular,,,,False
8045,2024-05-18,73,360,40.75,False,Festival,Weather,Decreasing,Budget,,,,False
7177,2024-09-29,96,332,78.55,True,Holiday,Weather,Increasing,Premium,,,,False
9103,2024-03-23,30,234,72.09,True,Unknown,Economic Indicator,Decreasing,Premium,,,,False
4897,2024-12-20,27,41,77.64,False,Festival,Economic Indicator,Decreasing,Regular,,,,False
4786,2024-04-24,35,497,14.63,True,Unknown,Unknown,Increasing,Regular,,,,False
7559,2024-11-13,41,362,49.72,True,Unknown,Unknown,Increasing,Premium,,,,False
8353,2024-06-12,13,156,31.92,True,Holiday,Economic Indicator,Stable,Regular,,,,False
3889,2024-11-02,99,433,99.79,True,Unknown,Weather,Decreasing,Budget,,,,False
6962,2024-01-07,49,60,69.49,True,Unknown,Weather,Stable,Premium,,,,False
8616,2024-01-23,72,168,34.34,False,Holiday,Unknown,Stable,Regular,,,,False
5808,2024-12-04,31,409,31.07,True,Holiday,Unknown,Decreasing,Regular,,,,False
3528,2024-11-21,76,205,66.49,False,Holiday,Unknown,Stable,Premium,,,,False
7540,2024-03-30,48,329,54.08,True,Unknown,Unknown,Decreasing,Regular,,,,False
4443,2024-02-24,61,365,95.17,True,Festival,Competitor Pricing,Increasing,Budget,,,,False
1091,2024-04-24,34,168,71.41,True,Unknown,Economic Indicator,Increasing,Premium,,,,False
7385,2024-09-17,4,460,76.4,False,Unknown,Economic Indicator,Stable,Premium,,,,False
8748,2024-03-24,75,20,63.31,False,Holiday,Economic Indicator,Stable,Regular,,,,False
9750,2024-04-12,57,212,66.49,True,Holiday,Weather,Decreasing,Regular,,,,False
1095,2024-12-30,36,273,44.77,False,Unknown,Unknown,Increasing,Premium,,,,False
9231,2024-11-21,81,446,34.55,True,Unknown,Weather,Increasing,Budget,,,,False
5411,2024-05-25,29,250,90.86,False,Holiday,Competitor Pricing,Increasing,Regular,,,,False
7923,2024-03-03,57,228,67.14,False,Unknown,Competitor Pricing,Stable,Budget,,,,False
5384,2024-08-13,18,281,59.87,False,Festival,Weather,Stable,Premium,,,,False
7181,2024-10-06,86,126,90.12,False,Holiday,Competitor Pricing,Stable,Budget,,,,False
4296,2024-08-04,56,209,87.9,False,Holiday,Competitor Pricing,Increasing,Regular,,,,False
7005,2024-09-08,11,74,23.5,False,Festival,Unknown,Decreasing,Budget,,,,False
3882,2024-02-23,2,473,97.02,True,Holiday,Economic Indicator,Increasing,Regular,,,,False
7464,2024-03-18,75,246,72.39,True,Festival,Unknown,Stable,Budget,,,,False
3115,2024-03-02,63,302,70.78,True,Festival,Competitor Pricing,Stable,Regular,53.18,5.32,0.55,True
1576,2024-07-16,15,493,77.01,False,Unknown,Weather,Stable,Budget,,,,False
7916,2024-03-05,68,323,31.81,True,Festival,Unknown,Increasing,Premium,,,,False
6751,2024-07-16,25,131,12.44,True,Holiday,Competitor Pricing,Increasing,Budget,,,,False
5989,2024-02-03,46,481,55.72,False,Holiday,Unknown,Stable,Budget,,,,False
8810,2024-05-12,21,267,12.94,True,Unknown,Economic Indicator,Stable,Budget,,,,False
7658,2024-12-01,20,417,42.07,True,Holiday,Unknown,Stable,Premium,,,,False
8846,2024-12-29,42,468,95.19,False,Unknown,Economic Indicator,Stable,Regular,,,,False
7165,2024-10-13,99,416,82.12,True,Festival,Competitor Pricing,Stable,Premium,,,,False
8392,2024-09-08,31,172,47.58,True,Festival,Weather,Decreasing,Budget,,,,False
5011,2024-06-13,53,285,83.08,True,Festival,Competitor Pricing,Decreasing,Regular,,,,False
9296,2024-10-20,56,192,36.12,False,Holiday,Weather,Increasing,Premium,,,,False
1658,2024-09-07,12,190,8.14,True,Holiday,Weather,Decreasing,Budget,,,,False
3561,2024-12-29,93,321,42.47,True,Holiday,Economic Indicator,Decreasing,Budget,,,,False
7103,2024-04-13,86,277,10.07,True,Holiday,Competitor Pricing,Stable,Budget,,,,False
3983,2024-12-19,12,138,17.5,True,Holiday,Competitor Pricing,Stable,Premium,,,,False
9922,2024-01-05,26,249,30.02,False,Festival,Economic Indicator,Decreasing,Premium,,,,False
3307,2024-07-27,47,208,36.33,False,Unknown,Economic Indicator,Stable,Premium,,,,False
5508,2024-07-23,75,234,76.22,False,Holiday,Weather,Decreasing,Regular,,,,False
1343,2024-10-28,18,231,96.76,True,Unknown,Weather,Decreasing,Regular,,,,False
2120,2024-04-13,12,385,32.99,False,Festival,Competitor Pricing,Stable,Premium,,,,False
5579,2024-12-11,22,143,64.2,False,Holiday,Weather,Decreasing,Budget,,,,False
1613,2024-05-07,3,402,83.69,True,Festival,Weather,Increasing,Premium,,,,False
6239,2024-06-25,80,27,91.82,True,Holiday,Weather,Stable,Budget,,,,False
8937,2024-11-22,3,101,86.93,False,Unknown,Unknown,Increasing,Budget,,,,False
9954,2024-04-12,89,53,96.59,False,Festival,Economic Indicator,Decreasing,Regular,,,,False
5683,2024-08-23,35,452,81.39,False,Holiday,Competitor Pricing,Increasing,Regular,,,,False
5987,2024-10-19,5,52,77.29,False,Festival,Economic Indicator,Increasing,Regular,,,,False
1577,2024-12-20,94,244,47.09,True,Unknown,Competitor Pricing,Increasing,Premium,,,,False
7465,2024-01-10,48,432,80.15,False,Holiday,Competitor Pricing,Increasing,Premium,,,,False
8743,2024-05-28,95,433,97.79,False,Festival,Competitor Pricing,Stable,Budget,,,,False
1775,2024-02-02,93,338,87.39,False,Unknown,Economic Indicator,Increasing,Premium,,,,False
9546,2024-02-08,73,34,46.77,False,Unknown,Weather,Increasing,Budget,,,,False
5514,2024-06-16,60,412,40.94,False,Festival,Weather,Stable,Budget,,,,False
3276,2024-02-23,79,382,30.17,True,Festival,Economic Indicator,Stable,Regular,,,,False
2602,2024-08-31,22,315,38.48,False,Unknown,Competitor Pricing,Increasing,Budget,,,,False
8093,2024-11-23,36,447,46.75,True,Unknown,Competitor Pricing,Increasing,Premium,,,,False
4433,2024-09-26,74,412,44.32,False,Festival,Unknown,Decreasing,Budget,,,,False
9919,2024-08-18,72,122,56.89,False,Festival,Unknown,Decreasing,Budget,,,,False
4399,2024-09-03,20,240,95.84,True,Holiday,Economic Indicator,Stable,Budget,,,,False
2915,2024-01-28,54,418,34.43,False,Unknown,Weather,Increasing,Regular,,,,False
4875,2024-01-20,97,398,59.45,True,Holiday,Economic Indicator,Decreasing,Budget,,,,False
1307,2024-04-25,96,383,35.34,False,Holiday,Economic Indicator,Stable,Regular,,,,False
7937,2024-06-20,90,66,8.28,True,Festival,Unknown,Increasing,Premium,,,,False
1316,2024-05-24,89,62,49.82,False,Holiday,Weather,Increasing,Premium,,,,False
8589,2024-07-24,7,323,42.78,True,Festival,Unknown,Stable,Regular,,,,False
4514,2024-04-16,55,346,33.59,True,Festival,Competitor Pricing,Stable,Budget,,,,False
1773,2024-08-23,72,465,33.97,False,Festival,Unknown,Stable,Regular,,,,False
5305,2024-09-18,54,441,22.59,False,Holiday,Economic Indicator,Increasing,Budget,,,,False
8556,2024-08-01,35,199,54.06,False,Unknown,Unknown,Decreasing,Budget,,,,False
3083,2024-08-21,3,321,29.79,False,Festival,Economic Indicator,Stable,Regular,,,,False
4731,2024-05-16,40,96,71.31,False,Holiday,Weather,Increasing,Regular,,,,False
2009,2024-01-21,31,140,45.03,False,Unknown,Weather,Increasing,Regular,,,,False
6330,2024-07-03,90,354,44.33,False,Holiday,Economic Indicator,Stable,Regular,,,,False
7727,2024-03-18,17,296,98.45,False,Festival,Unknown,Increasing,Budget,,,,False
5272,2024-02-13,80,72,6.63,True,Holiday,Unknown,Increasing,Premium,,,,False
7729,2024-07-25,2,495,17.33,True,Festival,Weather,Increasing,Premium,,,,False
4509,2024-05-13,2,68,79.59,True,Festival,Weather,Stable,Budget,,,,False
3735,2024-02-17,44,298,83.98,False,Holiday,Economic Indicator,Stable,Premium,,,,False
6820,2024-08-30,47,260,51.16,False,Festival,Unknown,Decreasing,Regular,,,,False
4924,2024-10-05,64,230,87.99,True,Holiday,Weather,Increasing,Budget,,,,False
9269,2024-09-18,33,327,85.34,True,Unknown,Weather,Decreasing,Regular,,,,False
3664,2024-09-03,74,340,58.23,False,Festival,Unknown,Decreasing,Premium,,,,False
8969,2024-06-21,24,276,81.46,False,Holiday,Economic Indicator,Increasing,Premium,,,,False
9855,2024-04-19,16,342,24.44,True,Holiday,Unknown,Increasing,Regular,,,,False
5410,2024-04-24,3,370,34.65,False,Festival,Economic Indicator,Increasing,Regular,,,,False
8490,2024-07-16,94,67,32.99,True,Holiday,Competitor Pricing,Stable,Regular,,,,False
8214,2024-07-02,16,477,88.9,False,Holiday,Weather,Decreasing,Budget,,,,False
3743,2024-01-25,51,371,26.09,True,Unknown,Economic Indicator,Decreasing,Premium,,,,False
7482,2024-03-15,14,453,93.48,False,Festival,Weather,Decreasing,Budget,,,,False
1574,2024-08-07,42,100,74.49,True,Festival,Unknown,Stable,Budget,,,,False
4611,2024-02-22,90,336,86.1,True,Unknown,Unknown,Stable,Regular,,,,False
6548,2024-01-29,16,489,53.69,True,Holiday,Weather,Stable,Regular,,,,False
5790,2024-01-29,41,483,98.67,True,Festival,Economic Indicator,Stable,Budget,,,,False
2513,2024-08-17,3,74,78.36,False,Unknown,Competitor Pricing,Decreasing,Budget,,,,False
4498,2024-11-14,86,50,83.63,True,Festival,Competitor Pricing,Decreasing,Budget,,,,False
4254,2024-12-16,3,293,35.99,False,Unknown,Unknown,Increasing,Regular,,,,False
6600,2024-03-25,94,278,53.81,False,Festival,Economic Indicator,Decreasing,Budget,,,,False
9336,2024-06-25,38,404,74.87,True,Unknown,Economic Indicator,Increasing,Premium,,,,False
7305,2024-12-05,88,87,48.87,True,Festival,Unknown,Decreasing,Regular,,,,False
4119,2024-07-09,87,274,69.15,False,Holiday,Unknown,Increasing,Premium,,,,False
4801,2024-05-08,73,109,55.62,False,Holiday,Unknown,Decreasing,Regular,,,,False
9301,2024-07-03,10,112,24.77,True,Holiday,Unknown,Increasing,Regular,,,,False
7440,2024-07-23,85,444,61.17,True,Festival,Weather,Decreasing,Premium,,,,False
5610,2024-04-05,33,286,50.99,False,Unknown,Economic Indicator,Stable,Premium,,,,False
2657,2024-02-14,54,404,11.19,True,Festival,Unknown,Decreasing,Premium,,,,False
5656,2024-12-27,88,293,7.34,True,Unknown,Unknown,Stable,Budget,,,,False
5641,2024-01-08,35,124,49.0,False,Festival,Competitor Pricing,Stable,Regular,,,,False
4877,2024-04-11,25,498,46.82,True,Holiday,Weather,Increasing,Premium,,,,False
8033,2024-10-23,94,60,54.9,True,Unknown,Competitor Pricing,Decreasing,Regular,,,,False
5963,2024-08-22,10,370,92.22,False,Holiday,Unknown,Increasing,Regular,,,,False
7044,2024-06-02,75,343,93.63,True,Unknown,Competitor Pricing,Stable,Budget,,,,False
4964,2024-02-05,46,188,86.45,True,Holiday,Unknown,Increasing,Premium,,,,False
5940,2024-04-15,43,225,37.25,False,Holiday,Economic Indicator,Increasing,Premium,,,,False
3998,2024-01-10,74,227,61.37,False,Festival,Unknown,Stable,Premium,,,,False
1605,2024-09-22,61,396,70.64,False,Unknown,Weather,Increasing,Premium,,,,False
6418,2024-07-13,39,164,41.87,True,Festival,Economic Indicator,Stable,Budget,47.31,25.06,1.38,True
2225,2024-05-29,39,325,93.56,True,Unknown,Weather,Decreasing,Regular,,,,False
1932,2024-07-26,54,472,32.89,True,Unknown,Weather,Increasing,Regular,,,,False
9763,2024-06-20,68,405,16.86,False,Unknown,Economic Indicator,Stable,Regular,,,,False
1158,2024-10-27,95,196,65.46,True,Unknown,Weather,Decreasing,Regular,,,,False
3640,2024-10-01,10,150,93.53,False,Festival,Economic Indicator,Decreasing,Regular,,,,False
2146,2024-04-28,9,485,30.77,True,Holiday,Unknown,Increasing,Premium,,,,False
6496,2024-02-28,93,343,46.77,False,Festival,Weather,Decreasing,Premium,,,,False
4737,2024-08-08,69,164,5.21,True,Unknown,Unknown,Decreasing,Premium,,,,False
6022,2024-10-23,67,197,62.32,False,Festival,Competitor Pricing,Stable,Budget,,,,False
4371,2024-08-25,5,199,53.51,False,Festival,Unknown,Stable,Premium,,,,False
2338,2024-09-02,76,212,71.22,False,Festival,Economic Indicator,Decreasing,Budget,,,,False
7747,2024-09-22,35,213,95.02,False,Holiday,Competitor Pricing,Increasing,Budget,,,,False
7639,2024-05-01,82,42,74.35,True,Holiday,Competitor Pricing,Stable,Regular,,,,False
5887,2024-06-20,60,178,58.25,True,Unknown,Unknown,Stable,Budget,,,,False
4573,2024-02-16,49,96,49.54,False,Holiday,Weather,Increasing,Regular,,,,False
3450,2024-05-29,79,260,25.8,False,Holiday,Competitor Pricing,Increasing,Premium,,,,False
8512,2024-06-18,14,333,76.98,False,Unknown,Weather,Decreasing,Premium,,,,False
8127,2024-11-18,72,323,75.65,False,Festival,Competitor Pricing,Stable,Regular,,,,False
4655,2024-02-11,23,366,7.01,False,Festival,Unknown,Decreasing,Premium,,,,False
8788,2024-12-02,64,69,5.84,True,Holiday,Competitor Pricing,Decreasing,Regular,,,,False
6648,2024-05-16,55,360,31.32,True,Holiday,Economic Indicator,Decreasing,Regular,,,,False
9987,2024-10-29,91,189,31.16,True,Holiday,Economic Indicator,Decreasing,Regular,,,,False
1666,2024-11-11,86,311,47.3,True,Unknown,Competitor Pricing,Increasing,Budget,,,,False
6883,2024-12-29,47,319,51.7,True,Unknown,Competitor Pricing,Stable,Regular,,,,False
9759,2024-10-11,47,188,9.0,True,Holiday,Economic Indicator,Increasing,Budget,,,,False
8387,2024-04-09,22,298,54.45,False,Holiday,Weather,Increasing,Regular,,,,False
3801,2024-10-31,89,169,18.68,False,Unknown,Weather,Increasing,Premium,,,,False
6259,2024-11-30,13,53,98.55,False,Unknown,Economic Indicator,Decreasing,Premium,,,,False
9128,2024-05-01,92,138,12.55,True,Holiday,Competitor Pricing,Stable,Budget,,,,False
5491,2024-03-22,10,293,70.01,True,Unknown,Weather,Stable,Premium,,,,False
8681,2024-02-06,75,445,42.46,False,Holiday,Economic Indicator,Decreasing,Budget,,,,False
7233,2024-01-25,40,126,73.29,True,Festival,Unknown,Decreasing,Budget,,,,False
3242,2024-02-19,68,431,74.01,False,Festival,Economic Indicator,Decreasing,Premium,,,,False
2826,2024-06-28,54,435,56.6,False,Unknown,Economic Indicator,Increasing,Regular,,,,False
1544,2024-05-19,1,385,20.27,True,Unknown,Unknown,Increasing,Premium,,,,False
3408,2024-06-23,76,420,34.75,False,Holiday,Competitor Pricing,Stable,Regular,,,,False
1021,2024-07-30,57,365,74.41,False,Unknown,Competitor Pricing,Stable,Regular,,,,False
9290,2024-03-04,19,75,41.59,False,Festival,Unknown,Stable,Premium,,,,False
8730,2024-04-12,46,32,34.12,True,Holiday,Economic Indicator,Decreasing,Budget,,,,False
5078,2024-05-10,17,25,17.24,True,Festival,Weather,Decreasing,Budget,,,,False
2680,2024-08-09,62,310,72.89,False,Unknown,Economic Indicator,Stable,Regular,,,,False
4069,2024-08-25,40,32,55.51,True,Unknown,Competitor Pricing,Increasing,Budget,,,,False
5165,2024-02-09,57,279,84.57,False,Festival,Unknown,Increasing,Budget,,,,False
9362,2024-09-01,27,193,53.66,False,Festival,Competitor Pricing,Stable,Budget,,,,False
1832,2024-02-17,10,322,52.39,True,Festival,Competitor Pricing,Decreasing,Premium,,,,False
5417,2024-06-19,47,228,93.18,False,Festival,Competitor Pricing,Decreasing,Premium,,,,False
3081,2024-02-15,75,200,73.29,False,Festival,Competitor Pricing,Increasing,Regular,,,,False
4858,2024-01-03,33,107,51.63,True,Unknown,Weather,Decreasing,Budget,,,,False
7763,2024-05-16,95,300,96.64,True,Festival,Weather,Decreasing,Premium,,,,False
5292,2024-10-11,82,339,85.83,False,Unknown,Competitor Pricing,Decreasing,Premium,,,,False
1337,2024-02-26,22,376,74.55,True,Festival,Competitor Pricing,Stable,Regular,,,,False
6330,2024-11-16,20,23,44.88,True,Festival,Weather,Decreasing,Regular,,,,False
1913,2024-02-25,32,253,21.67,True,Festival,Economic Indicator,Decreasing,Premium,,,,False
4173,2024-10-09,60,472,76.1,False,Unknown,Economic Indicator,Stable,Premium,,,,False
4819,2024-02-21,78,215,9.56,True,Festival,Weather,Increasing,Regular,,,,False
9594,2024-07-26,12,6,18.43,True,Unknown,Unknown,Decreasing,Budget,,,,False
2402,2024-12-13,8,35,27.82,True,Holiday,Weather,Increasing,Regular,,,,False
1300,2024-01-05,41,292,75.32,True,Unknown,Unknown,Increasing,Regular,,,,False
2594,2024-08-02,7,395,17.89,True,Unknown,Economic Indicator,Decreasing,Premium,,,,False
4128,2024-05-29,71,384,40.96,True,Holiday,Weather,Stable,Budget,,,,False
8506,2024-07-20,18,174,69.66,False,Holiday,Economic Indicator,Increasing,Regular,,,,False
7319,2024-02-16,29,227,12.35,True,Festival,Weather,Increasing,Regular,,,,False
9953,2024-02-22,18,4,59.12,False,Unknown,Weather,Decreasing,Budget,,,,False
5898,2024-02-21,80,198,75.5,True,Holiday,Competitor Pricing,Increasing,Budget,,,,False
2942,2024-05-19,70,436,74.8,False,Unknown,Economic Indicator,Increasing,Budget,,,,False
4760,2024-05-31,93,262,46.97,True,Festival,Competitor Pricing,Increasing,Premium,,,,False
7545,2024-11-27,45,431,86.87,False,Holiday,Weather,Increasing,Regular,,,,False
4193,2024-07-05,63,35,52.88,True,Festival,Economic Indicator,Stable,Premium,,,,False
4421,2024-05-29,86,446,90.54,True,Unknown,Unknown,Stable,Regular,,,,False
6264,2024-04-21,85,45,41.67,True,Holiday,Unknown,Decreasing,Premium,,,,False
9353,2024-04-22,67,469,93.39,False,Holiday,Weather,Stable,Premium,,,,False
4555,2024-10-01,47,456,81.68,True,Festival,Unknown,Increasing,Budget,,,,False
6467,2024-02-02,39,143,35.61,True,Unknown,Unknown,Increasing,Premium,,,,False
6475,2024-07-08,98,104,61.52,False,Holiday,Economic Indicator,Decreasing,Premium,,,,False
1150,2024-03-14,30,462,11.04,False,Unknown,Economic Indicator,Decreasing,Budget,,,,False
8371,2024-08-06,82,323,67.94,True,Holiday,Competitor Pricing,Increasing,Regular,,,,False
9423,2024-11-30,1,266,96.7,True,Unknown,Weather,Increasing,Budget,,,,False
3230,2024-01-21,60,161,70.28,False,Festival,Competitor Pricing,Increasing,Budget,,,,False
3446,2024-11-28,36,153,86.73,True,Holiday,Competitor Pricing,Increasing,Budget,,,,False
6046,2024-09-18,20,273,43.39,False,Holiday,Weather,Stable,Premium,,,,False
5585,2024-09-07,47,245,27.02,True,Holiday,Weather,Increasing,Regular,,,,False
7399,2024-10-01,36,250,83.49,True,Unknown,Competitor Pricing,Decreasing,Premium,,,,False
9344,2024-07-10,8,118,33.8,True,Festival,Economic Indicator,Stable,Regular,,,,False
6776,2024-09-21,7,287,33.82,False,Holiday,Economic Indicator,Stable,Premium,,,,False
1473,2024-03-17,34,13,17.18,True,Unknown,Economic Indicator,Increasing,Regular,,,,False
2399,2024-12-10,32,422,44.69,True,Festival,Competitor Pricing,Stable,Budget,,,,False
1909,2024-02-25,27,424,98.88,True,Holiday,Competitor Pricing,Increasing,Regular,,,,False
1523,2024-04-18,93,401,59.41,True,Holiday,Unknown,Stable,Budget,,,,False
3306,2024-02-15,54,244,28.26,False,Holiday,Competitor Pricing,Decreasing,Premium,,,,False
1553,2024-04-04,31,483,34.59,True,Unknown,Weather,Decreasing,Budget,,,,False
1866,2024-10-28,26,410,32.97,False,Festival,Economic Indicator,Decreasing,Budget,,,,False
9567,2024-10-07,21,95,54.66,False,Unknown,Weather,Decreasing,Premium,56.74,46.02,1.19,True
7783,2024-12-05,82,388,78.09,False,Festival,Weather,Increasing,Budget,,,,False
8687,2024-03-15,87,257,59.57,False,Holiday,Weather,Increasing,Budget,,,,False
7369,2024-05-27,91,476,91.82,True,Festival,Economic Indicator,Stable,Regular,,,,False
1564,2024-01-19,54,428,78.97,False,Festival,Unknown,Decreasing,Budget,,,,False
6340,2024-09-02,23,308,25.67,False,Festival,Competitor Pricing,Decreasing,Budget,,,,False
2992,2024-11-11,24,9,49.17,False,Holiday,Economic Indicator,Stable,Budget,,,,False
1226,2024-03-29,81,347,97.88,True,Festival,Economic Indicator,Increasing,Budget,,,,False
8017,2024-06-06,32,74,9.3,True,Holiday,Unknown,Decreasing,Budget,,,,False
5274,2024-02-17,58,421,10.48,True,Holiday,Unknown,Decreasing,Premium,,,,False
6842,2024-09-15,92,149,99.47,False,Unknown,Economic Indicator,Decreasing,Budget,,,,False
1116,2024-05-26,42,424,65.76,False,Festival,Unknown,Stable,Budget,,,,False
2198,2024-06-27,34,286,24.82,False,Unknown,Competitor Pricing,Decreasing,Budget,,,,False
5217,2024-05-16,49,76,39.42,False,Unknown,Unknown,Increasing,Premium,,,,False
5433,2024-10-20,65,306,87.51,True,Holiday,Unknown,Decreasing,Premium,,,,False
9774,2024-01-08,10,216,39.72,False,Holiday,Competitor Pricing,Stable,Budget,,,,False
9984,2024-02-04,20,160,64.03,False,Festival,Unknown,Increasing,Premium,,,,False
7393,2024-11-13,55,269,22.39,False,Festival,Economic Indicator,Decreasing,Budget,,,,False
5059,2024-09-22,85,476,32.5,False,Unknown,Weather,Decreasing,Budget,,,,False
4499,2024-10-21,16,442,89.68,True,Festival,Competitor Pricing,Decreasing,Premium,,,,False
1188,2024-05-24,8,349,67.82,True,Holiday,Weather,Stable,Budget,,,,False
7463,2024-02-14,31,27,77.35,False,Holiday,Competitor Pricing,Increasing,Budget,,,,False
2985,2024-09-10,23,60,12.68,False,Holiday,Economic Indicator,Increasing,Premium,,,,False
7832,2024-11-29,9,222,61.16,True,Festival,Competitor Pricing,Decreasing,Premium,,,,False
7833,2024-11-17,87,413,89.66,False,Holiday,Weather,Decreasing,Regular,,,,False
1103,2024-09-29,43,78,20.61,True,Festival,Weather,Stable,Premium,,,,False
3666,2024-09-07,63,295,8.24,True,Holiday,Unknown,Increasing,Regular,,,,False
3233,2024-01-26,17,205,61.21,False,Holiday,Economic Indicator,Increasing,Premium,,,,False
3510,2024-03-12,82,38,98.8,True,Holiday,Competitor Pricing,Increasing,Regular,,,,False
5772,2024-11-25,49,225,97.82,False,Unknown,Economic Indicator,Increasing,Premium,,,,False
6610,2024-07-23,81,451,37.36,True,Holiday,Economic Indicator,Stable,Regular,,,,False
4834,2024-01-13,96,239,83.19,True,Festival,Competitor Pricing,Decreasing,Regular,,,,False
3044,2024-04-14,5,421,51.31,False,Festival,Weather,Increasing,Premium,,,,False
2350,2024-10-24,83,205,66.76,True,Unknown,Competitor Pricing,Increasing,Budget,,,,False
4862,2024-12-19,89,184,27.2,True,Festival,Economic Indicator,Stable,Premium,,,,False
3278,2024-12-14,39,482,78.35,True,Festival,Weather,Stable,Budget,,,,False
2288,2024-03-21,85,393,65.23,True,Festival,Weather,Decreasing,Premium,,,,False
4211,2024-02-19,52,447,25.98,False,Holiday,Competitor Pricing,Stable,Budget,,,,False
7296,2024-05-17,3,359,14.6,True,Unknown,Economic Indicator,Stable,Regular,,,,False
1138,2024-02-18,48,262,26.69,True,Holiday,Unknown,Increasing,Budget,14.71,5.84,0.89,True
4388,2024-01-19,9,122,92.35,True,Unknown,Economic Indicator,Decreasing,Regular,,,,False
7883,2024-11-10,86,31,89.43,True,Festival,Competitor Pricing,Stable,Regular,,,,False
8988,2024-08-22,77,285,6.14,False,Festival,Weather,Stable,Premium,63.75,66.92,1.73,True
4682,2024-03-18,41,291,89.63,True,Unknown,Economic Indicator,Increasing,Regular,,,,False
1737,2024-06-24,66,176,35.81,False,Festival,Unknown,Decreasing,Premium,,,,False
7494,2024-12-19,40,320,51.92,False,Holiday,Weather,Stable,Budget,,,,False
5299,2024-06-28,82,335,58.13,True,Holiday,Competitor Pricing,Decreasing,Regular,,,,False
3311,2024-01-18,69,270,36.1,False,Holiday,Competitor Pricing,Increasing,Regular,88.78,42.81,1.05,True
4347,2024-11-17,60,131,98.87,False,Holiday,Weather,Decreasing,Premium,,,,False
1785,2024-11-25,59,488,76.82,True,Festival,Competitor Pricing,Increasing,Budget,,,,False
8075,2024-08-02,81,367,99.27,True,Festival,Unknown,Stable,Regular,,,,False
9784,2024-09-13,77,267,76.6,True,Festival,Competitor Pricing,Stable,Budget,,,,False
4803,2024-08-07,65,59,27.24,True,Holiday,Weather,Stable,Budget,,,,False
7005,2024-06-19,11,260,78.36,False,Holiday,Weather,Stable,Regular,,,,False
6197,2024-03-04,8,320,36.16,True,Unknown,Weather,Stable,Regular,,,,False
4154,2024-08-20,36,353,10.35,False,Holiday,Weather,Stable,Premium,,,,False
7837,2024-07-30,26,311,17.73,False,Holiday,Unknown,Increasing,Premium,,,,False
9097,2024-10-19,90,418,80.06,True,Holiday,Weather,Decreasing,Regular,,,,False
4095,2024-07-18,16,412,28.92,False,Holiday,Economic Indicator,Increasing,Budget,,,,False
5869,2024-01-18,69,206,28.38,False,Unknown,Unknown,Stable,Budget,,,,False
9080,2024-04-02,46,35,43.07,True,Festival,Weather,Decreasing,Regular,,,,False
8307,2024-03-04,84,79,53.43,False,Holiday,Competitor Pricing,Increasing,Premium,,,,False
2145,2024-12-17,66,236,90.6,True,Unknown,Unknown,Decreasing,Premium,,,,False
9312,2024-10-02,2,254,82.74,True,Unknown,Unknown,Stable,Regular,,,,False
2599,2024-12-16,37,411,35.5,True,Unknown,Economic Indicator,Decreasing,Regular,,,,False
7676,2024-03-02,26,243,10.06,True,Holiday,Competitor Pricing,Decreasing,Premium,,,,False
3347,2024-12-24,61,206,43.9,False,Unknown,Competitor Pricing,Increasing,Regular,,,,False
4476,2024-02-27,81,58,16.19,False,Unknown,Economic Indicator,Stable,Budget,,,,False
8344,2024-06-21,41,212,8.1,True,Unknown,Economic Indicator,Increasing,Budget,,,,False
4893,2024-10-11,99,236,44.5,True,Festival,Economic Indicator,Stable,Regular,,,,False
2406,2024-01-04,76,28,72.4,True,Unknown,Weather,Increasing,Regular,,,,False
4380,2024-02-03,93,474,41.81,True,Unknown,Economic Indicator,Decreasing,Premium,,,,False
4026,2024-03-06,64,136,13.96,True,Festival,Unknown,Increasing,Budget,,,,False
3869,2024-03-26,19,385,78.5,False,Festival,Competitor Pricing,Decreasing,Regular,,,,False
2333,2024-03-21,12,331,23.12,True,Unknown,Weather,Decreasing,Budget,50.35,39.88,1.34,True
5136,2024-03-05,22,173,41.87,False,Unknown,Unknown,Decreasing,Regular,,,,False
7094,2024-09-07,94,209,81.55,False,Holiday,Weather,Stable,Premium,,,,False
5492,2024-02-14,83,373,64.06,True,Holiday,Economic Indicator,Decreasing,Regular,,,,False
8089,2024-09-03,58,64,47.13,True,Festival,Economic Indicator,Increasing,Regular,,,,False
6426,2024-03-11,83,462,79.61,False,Unknown,Economic Indicator,Increasing,Regular,,,,False
5978,2024-04-21,62,233,54.38,True,Unknown,Economic Indicator,Stable,Budget,,,,False
5196,2024-03-18,78,381,17.1,True,Festival,Competitor Pricing,Decreasing,Regular,,,,False
1674,2024-08-01,71,426,41.6,True,Unknown,Weather,Decreasing,Premium,,,,False
7655,2024-04-08,40,472,80.0,True,Festival,Unknown,Stable,Premium,,,,False
8264,2024-11-13,11,335,7.74,False,Unknown,Weather,Decreasing,Regular,,,,False
7380,2024-11-30,21,137,17.14,True,Festival,Unknown,Stable,Premium,,,,False
7056,2024-12-22,17,22,96.56,False,Unknown,Economic Indicator,Stable,Premium,,,,False
4676,2024-02-09,42,191,51.41,True,Festival,Unknown,Stable,Budget,,,,False
4152,2024-08-11,79,179,24.2,True,Unknown,Economic Indicator,Increasing,Premium,,,,False
7646,2024-10-12,57,52,79.98,True,Unknown,Unknown,Increasing,Budget,,,,False
1232,2024-01-22,94,314,65.38,True,Festival,Weather,Decreasing,Premium,,,,False
4952,2024-08-31,47,324,17.35,False,Holiday,Economic Indicator,Stable,Budget,,,,False
9275,2024-06-16,71,87,80.28,True,Unknown,Competitor Pricing,Stable,Regular,,,,False
3500,2024-03-21,96,234,65.32,False,Holiday,Economic Indicator,Decreasing,Regular,,,,False
9950,2024-01-03,50,141,55.95,False,Holiday,Economic Indicator,Decreasing,Budget,,,,False
8402,2024-06-21,2,225,85.38,True,Unknown,Unknown,Stable,Budget,,,,False
4080,2024-11-15,50,435,28.02,False,Unknown,Economic Indicator,Decreasing,Budget,,,,False
8802,2024-09-26,3,93,65.06,False,Holiday,Economic Indicator,Decreasing,Budget,,,,False
7418,2024-08-30,8,309,99.21,False,Festival,Weather,Increasing,Premium,,,,False
3866,2024-06-15,1,322,90.72,False,Unknown,Unknown,Increasing,Budget,,,,False
4882,2024-08-06,54,400,64.9,True,Festival,Unknown,Stable,Budget,,,,False
2326,2024-09-08,26,323,89.14,False,Holiday,Economic Indicator,Decreasing,Premium,,,,False
8485,2024-07-02,16,457,77.44,False,Unknown,Economic Indicator,Stable,Budget,,,,False
6875,2024-06-22,42,339,64.42,True,Unknown,Weather,Stable,Premium,,,,False
1233,2024-10-28,73,88,59.25,False,Holiday,Economic Indicator,Decreasing,Premium,,,,False
9773,2024-11-03,21,169,40.16,True,Unknown,Unknown,Decreasing,Regular,,,,False
2922,2024-02-02,13,405,69.51,False,Unknown,Economic Indicator,Stable,Budget,,,,False
9226,2024-12-02,2,251,54.35,False,Festival,Weather,Decreasing,Premium,,,,False
7597,2024-08-13,58,211,44.24,True,Holiday,Weather,Increasing,Premium,,,,False
2745,2024-08-31,27,74,29.58,True,Festival,Competitor Pricing,Stable,Premium,,,,False
6175,2024-07-08,37,425,74.85,False,Unknown,Unknown,Increasing,Regular,,,,False
8270,2024-02-29,76,423,64.16,False,Festival,Unknown,Stable,Premium,,,,False
1871,2024-11-21,80,123,93.47,False,Unknown,Competitor Pricing,Decreasing,Budget,,,,False
6565,2024-10-07,49,452,37.8,True,Unknown,Competitor Pricing,Stable,Budget,,,,False
4438,2024-05-24,79,220,94.02,False,Festival,Unknown,Stable,Budget,,,,False
3544,2024-10-05,31,77,66.12,False,Unknown,Economic Indicator,Stable,Premium,,,,False
6374,2024-06-06,17,198,49.77,True,Unknown,Weather,Decreasing,Premium,,,,False
1784,2024-10-23,42,171,62.94,False,Festival,Unknown,Decreasing,Regular,,,,False
2879,2024-01-02,22,225,83.74,True,Holiday,Weather,Increasing,Budget,,,,False
2500,2024-08-10,59,414,22.08,False,Unknown,Economic Indicator,Increasing,Premium,,,,False
5418,2024-09-08,93,397,30.98,False,Holiday,Unknown,Increasing,Premium,,,,False
6428,2024-03-09,28,351,36.26,True,Unknown,Economic Indicator,Increasing,Premium,,,,False
9578,2024-01-08,31,347,64.91,False,Holiday,Unknown,Stable,Budget,,,,False
1576,2024-01-06,73,338,38.9,True,Festival,Competitor Pricing,Increasing,Regular,,,,False
6865,2024-08-31,15,325,69.63,True,Holiday,Economic Indicator,Stable,Premium,,,,False
8748,2024-05-04,3,98,6.73,False,Festival,Economic Indicator,Stable,Regular,,,,False
6058,2024-07-31,41,149,55.69,True,Festival,Unknown,Stable,Budget,,,,False
5663,2024-04-14,12,293,78.81,False,Holiday,Economic Indicator,Decreasing,Premium,,,,False
3122,2024-10-22,38,21,91.85,False,Holiday,Economic Indicator,Stable,Regular,,,,False
1813,2024-06-23,25,272,83.06,False,Festival,Competitor Pricing,Increasing,Premium,,,,False
7192,2024-09-11,3,314,93.11,True,Festival,Competitor Pricing,Decreasing,Regular,,,,False
4077,2024-04-21,32,451,36.07,True,Festival,Competitor Pricing,Stable,Budget,,,,False
3689,2024-01-09,97,435,61.44,False,Festival,Economic Indicator,Increasing,Budget,,,,False
5897,2024-10-09,37,328,74.57,False,Festival,Unknown,Increasing,Budget,,,,False
4187,2024-04-16,93,302,83.43,False,Holiday,Competitor Pricing,Decreasing,Regular,,,,False
4761,2024-04-01,54,489,21.68,True,Holiday,Unknown,Stable,Budget,,,,False
9809,2024-12-13,19,390,37.36,True,Holiday,Unknown,Decreasing,Premium,,,,False
3770,2024-09-23,90,230,32.4,False,Unknown,Economic Indicator,Decreasing,Budget,,,,False
1175,2024-01-11,72,264,19.49,True,Holiday,Economic Indicator,Stable,Premium,,,,False
5586,2024-10-06,55,117,57.06,True,Festival,Economic Indicator,Decreasing,Premium,,,,False
1580,2024-08-10,24,294,98.2,False,Festival,Competitor Pricing,Increasing,Premium,,,,False
4408,2024-01-01,57,99,99.21,True,Festival,Unknown,Stable,Regular,,,,False
2182,2024-09-17,71,116,81.54,True,Holiday,Economic Indicator,Decreasing,Premium,,,,False
8558,2024-02-14,65,488,19.07,True,Holiday,Competitor Pricing,Stable,Regular,,,,False
2522,2024-09-04,8,409,47.04,True,Unknown,Economic Indicator,Stable,Regular,,,,False
4867,2024-10-20,73,319,24.35,False,Festival,Economic Indicator,Stable,Premium,,,,False
6454,2024-12-15,35,139,26.25,False,Holiday,Economic Indicator,Increasing,Budget,,,,False
5149,2024-02-18,63,222,87.61,False,Festival,Unknown,Increasing,Regular,,,,False
1422,2024-12-20,5,83,85.27,False,Holiday,Competitor Pricing,Stable,Regular,,,,False
4980,2024-03-13,14,236,79.68,False,Holiday,Unknown,Increasing,Premium,,,,False
5699,2024-05-19,58,375,9.39,False,Festival,Competitor Pricing,Increasing,Regular,,,,False
7524,2024-07-05,13,108,53.85,True,Unknown,Unknown,Stable,Budget,,,,False
3327,2024-07-29,24,370,33.82,False,Festival,Economic Indicator,Decreasing,Premium,,,,False
2585,2024-12-16,40,386,73.36,True,Festival,Weather,Increasing,Premium,,,,False
6722,2024-09-21,69,21,91.96,False,Holiday,Unknown,Stable,Budget,,,,False
2310,2024-10-03,29,217,80.07,True,Festival,Unknown,Stable,Regular,,,,False
2234,2024-05-04,62,108,37.45,True,Festival,Weather,Decreasing,Regular,,,,False
1477,2024-12-16,5,16,15.52,False,Festival,Competitor Pricing,Increasing,Premium,,,,False
3798,2024-06-28,7,47,27.67,True,Unknown,Weather,Increasing,Regular,,,,False
5193,2024-04-21,77,144,98.16,False,Festival,Weather,Increasing,Regular,,,,False
8552,2024-03-17,40,63,72.52,False,Unknown,Unknown,Decreasing,Budget,,,,False
8652,2024-06-08,59,8,21.95,True,Festival,Competitor Pricing,Stable,Budget,,,,False
3055,2024-03-26,77,32,28.21,True,Unknown,Unknown,Decreasing,Budget,,,,False
1933,2024-10-28,36,61,30.35,False,Festival,Competitor Pricing,Decreasing,Regular,,,,False
4871,2024-12-11,2,37,7.42,True,Unknown,Unknown,Increasing,Budget,33.71,38.84,1.83,True
4658,2024-08-08,52,291,59.65,False,Holiday,Competitor Pricing,Stable,Budget,,,,False
4945,2024-05-28,43,37,43.08,True,Unknown,Weather,Decreasing,Premium,,,,False
8527,2024-04-18,69,174,10.73,True,Unknown,Economic Indicator,Stable,Regular,,,,False
2708,2024-09-07,1,84,25.91,False,Unknown,Economic Indicator,Decreasing,Budget,,,,False
4502,2024-07-29,7,395,25.28,True,Festival,Competitor Pricing,Increasing,Regular,,,,False
2508,2024-09-16,42,390,64.27,True,Holiday,Economic Indicator,Decreasing,Regular,,,,False
2539,2024-10-24,13,460,99.26,False,Holiday,Economic Indicator,Increasing,Premium,,,,False
2325,2024-11-25,73,187,77.22,True,Unknown,Unknown,Stable,Premium,,,,False
9887,2024-10-08,56,289,45.05,False,Unknown,Economic Indicator,Stable,Premium,,,,False
2974,2024-12-13,29,207,37.19,True,Festival,Weather,Decreasing,Regular,,,,False
6697,2024-03-08,50,32,35.26,True,Unknown,Weather,Increasing,Regular,,,,False
1413,2024-04-20,82,406,10.48,True,Unknown,Weather,Increasing,Regular,,,,False
2496,2024-02-20,75,148,22.38,True,Holiday,Unknown,Decreasing,Budget,,,,False
9159,2024-03-02,32,221,16.32,True,Festival,Economic Indicator,Decreasing,Regular,,,,False
4542,2024-12-27,4,86,83.96,False,Festival,Unknown,Decreasing,Budget,,,,False
1078,2024-11-28,52,137,24.54,True,Unknown,Unknown,Stable,Regular,,,,False
6754,2024-12-10,39,345,92.8,True,Unknown,Competitor Pricing,Decreasing,Premium,,,,False
6465,2024-09-24,15,61,32.58,True,Holiday,Competitor Pricing,Increasing,Regular,,,,False
3343,2024-09-22,9,31,91.73,False,Festival,Weather,Decreasing,Regular,,,,False
9083,2024-06-20,30,254,78.38,False,Unknown,Weather,Increasing,Premium,,,,False
3373,2024-11-20,39,478,66.92,True,Festival,Unknown,Decreasing,Premium,,,,False
7319,2024-06-12,51,381,36.23,False,Holiday,Weather,Decreasing,Premium,,,,False
8988,2024-07-06,54,356,15.64,False,Unknown,Weather,Stable,Budget,,,,False
7152,2024-08-12,58,401,41.35,True,Holiday,Competitor Pricing,Stable,Budget,,,,False
5903,2024-05-04,68,197,86.59,False,Festival,Competitor Pricing,Stable,Premium,,,,False
9795,2024-06-30,5,484,93.13,True,Holiday,Unknown,Stable,Regular,,,,False
2725,2024-11-18,20,55,11.91,True,Holiday,Competitor Pricing,Decreasing,Budget,,,,False
1835,2024-10-06,68,318,17.56,True,Unknown,Competitor Pricing,Stable,Regular,,,,False
4411,2024-02-01,35,272,98.4,True,Holiday,Weather,Increasing,Budget,,,,False
2883,2024-06-12,94,1,33.73,True,Holiday,Competitor Pricing,Decreasing,Budget,,,,False
9698,2024-12-10,64,212,30.52,False,Unknown,Competitor Pricing,Stable,Premium,,,,False
9655,2024-03-10,11,434,8.86,False,Festival,Weather,Stable,Budget,,,,False
8462,2024-03-29,14,57,19.87,False,Festival,Competitor Pricing,Stable,Budget,,,,False
4983,2024-04-05,48,222,21.82,True,Festival,Economic Indicator,Increasing,Regular,,,,False
1268,2024-08-03,12,486,43.51,True,Holiday,Weather,Stable,Premium,,,,False
1884,2024-11-12,54,286,56.12,True,Festival,Weather,Stable,Premium,,,,False
1274,2024-09-07,43,207,80.79,False,Unknown,Weather,Stable,Regular,,,,False
8076,2024-09-24,39,340,56.96,False,Holiday,Weather,Stable,Regular,,,,False
7392,2024-10-05,78,69,28.97,False,Unknown,Weather,Increasing,Regular,,,,False
8147,2024-04-01,35,104,34.71,False,Holiday,Economic Indicator,Decreasing,Regular,,,,False
6866,2024-04-10,58,357,28.31,True,Holiday,Competitor Pricing,Increasing,Premium,,,,False
9455,2024-08-29,51,277,48.43,False,Unknown,Weather,Stable,Premium,,,,False
2995,2024-11-20,81,39,45.63,True,Unknown,Unknown,Increasing,Premium,,,,False
4943,2024-01-05,86,8,8.44,False,Festival,Weather,Increasing,Premium,,,,False
3653,2024-05-09,37,469,72.99,True,Unknown,Weather,Increasing,Premium,,,,False
6994,2024-08-13,4,98,42.02,True,Unknown,Economic Indicator,Decreasing,Regular,,,,False
7724,2024-10-04,31,432,58.44,False,Festival,Economic Indicator,Decreasing,Budget,,,,False
1378,2024-09-05,81,376,7.35,True,Unknown,Unknown,Decreasing,Regular,,,,False
3361,2024-06-12,50,447,18.62,True,Unknown,Economic Indicator,Stable,Premium,,,,False
9391,2024-10-20,25,6,31.15,False,Unknown,Economic Indicator,Decreasing,Premium,,,,False
3661,2024-10-13,67,457,41.31,True,Unknown,Economic Indicator,Increasing,Regular,,,,False
3077,2024-03-10,40,398,98.56,False,Unknown,Unknown,Decreasing,Regular,,,,False
3660,2024-04-07,79,75,20.65,False,Holiday,Unknown,Stable,Premium,,,,False
5311,2024-06-06,69,469,62.19,True,Holiday,Weather,Stable,Regular,,,,False
7218,2024-01-13,98,213,27.27,True,Festival,Competitor Pricing,Stable,Premium,,,,False
5522,2024-04-15,27,73,80.96,True,Unknown,Competitor Pricing,Stable,Regular,,,,False
5023,2024-07-28,33,268,48.55,False,Holiday,Weather,Stable,Budget,,,,False
3789,2024-02-12,40,51,67.78,False,Unknown,Weather,Stable,Regular,,,,False
9264,2024-11-06,18,11,93.69,True,Festival,Economic Indicator,Stable,Regular,,,,False
3244,2024-06-06,15,221,11.3,True,Festival,Unknown,Stable,Regular,,,,False
5551,2024-02-03,7,15,33.07,False,Holiday,Unknown,Increasing,Budget,,,,False
3445,2024-08-20,93,168,73.64,True,Festival,Weather,Decreasing,Regular,,,,False
3070,2024-10-24,91,255,64.07,False,Festival,Competitor Pricing,Decreasing,Premium,,,,False
4610,2024-05-12,53,253,35.54,False,Holiday,Economic Indicator,Decreasing,Premium,,,,False
4972,2024-06-03,14,10,37.53,True,Holiday,Economic Indicator,Stable,Premium,,,,False
7465,2024-09-29,6,106,87.23,True,Festival,Unknown,Decreasing,Regular,,,,False
5910,2024-05-22,99,80,96.7,False,Unknown,Economic Indicator,Stable,Premium,,,,False
7452,2024-06-02,5,415,39.08,False,Holiday,Economic Indicator,Increasing,Premium,,,,False
4561,2024-04-26,15,237,5.0,False,Holiday,Competitor Pricing,Stable,Premium,,,,False
4998,2024-11-25,49,118,62.32,False,Unknown,Unknown,Stable,Regular,,,,False
5026,2024-02-22,13,224,50.44,False,Unknown,Weather,Stable,Regular,,,,False
5492,2024-01-07,9,355,34.56,True,Unknown,Weather,Decreasing,Budget,,,,False
7694,2024-04-19,58,400,9.12,True,Festival,Weather,Increasing,Premium,,,,False
1131,2024-04-14,94,111,44.62,False,Holiday,Weather,Stable,Regular,,,,False
7065,2024-09-16,57,273,83.05,False,Unknown,Economic Indicator,Stable,Premium,,,,False
9367,2024-08-25,47,5,19.69,True,Holiday,Weather,Stable,Premium,,,,False
3258,2024-06-16,74,418,5.4,True,Holiday,Unknown,Stable,Regular,,,,False
8633,2024-07-07,41,2,52.89,False,Festival,Unknown,Stable,Regular,,,,False
6682,2024-11-15,59,4,27.64,False,Festival,Weather,Decreasing,Budget,,,,False
6747,2024-04-14,34,404,86.96,False,Holiday,Weather,Decreasing,Regular,,,,False
5532,2024-09-11,38,150,51.99,False,Festival,Economic Indicator,Increasing,Budget,,,,False
3754,2024-07-09,18,332,24.59,True,Festival,Unknown,Increasing,Regular,,,,False
1090,2024-10-08,59,461,23.48,False,Unknown,Economic Indicator,Stable,Premium,,,,False
9169,2024-02-15,68,135,92.7,False,Festival,Competitor Pricing,Decreasing,Budget,,,,False
5757,2024-02-22,11,395,48.17,True,Unknown,Competitor Pricing,Decreasing,Premium,,,,False
3546,2024-10-18,64,98,35.09,True,Holiday,Unknown,Increasing,Regular,,,,False
5051,2024-01-21,91,246,8.1,True,Festival,Competitor Pricing,Decreasing,Premium,,,,False
6551,2024-01-06,57,152,19.39,True,Festival,Competitor Pricing,Decreasing,Premium,,,,False
8390,2024-10-23,37,348,6.15,False,Festival,Unknown,Stable,Regular,,,,False
7855,2024-03-07,2,438,40.83,False,Festival,Economic Indicator,Stable,Budget,,,,False
9025,2024-02-14,15,252,96.43,True,Festival,Competitor Pricing,Decreasing,Premium,,,,False
5243,2024-08-18,41,260,71.38,False,Unknown,Weather,Stable,Budget,,,,False
5293,2024-09-03,41,486,87.29,True,Festival,Weather,Stable,Regular,,,,False
8532,2024-04-02,25,286,42.08,True,Holiday,Economic Indicator,Decreasing,Premium,,,,False
5638,2024-05-02,99,420,63.95,False,Holiday,Unknown,Stable,Budget,,,,False
3267,2024-05-04,86,290,61.71,True,Holiday,Competitor Pricing,Decreasing,Budget,,,,False
3861,2024-04-26,26,194,99.21,False,Festival,Competitor Pricing,Decreasing,Regular,,,,False
8114,2024-05-26,65,227,15.72,False,Unknown,Unknown,Stable,Premium,,,,False
6910,2024-10-18,10,115,50.8,False,Festival,Competitor Pricing,Increasing,Budget,,,,False
5993,2024-08-30,37,148,29.66,False,Unknown,Competitor Pricing,Decreasing,Regular,,,,False
9269,2024-06-13,63,221,57.58,True,Holiday,Competitor Pricing,Increasing,Premium,,,,False
1805,2024-06-09,42,499,88.44,True,Festival,Competitor Pricing,Increasing,Budget,,,,False
3517,2024-05-06,55,469,48.75,True,Unknown,Weather,Stable,Regular,,,,False
5033,2024-09-07,7,14,69.08,False,Unknown,Weather,Decreasing,Regular,,,,False
7724,2024-01-12,86,18,74.5,False,Festival,Economic Indicator,Increasing,Regular,,,,False
8977,2024-10-22,77,304,65.24,False,Unknown,Competitor Pricing,Stable,Regular,,,,False
3046,2024-06-18,72,419,69.03,True,Unknown,Competitor Pricing,Decreasing,Budget,,,,False
1053,2024-02-08,75,145,75.37,True,Holiday,Weather,Increasing,Regular,,,,False
7644,2024-09-01,29,387,14.36,False,Holiday,Competitor Pricing,Stable,Regular,,,,False
8439,2024-05-09,37,153,84.45,False,Festival,Economic Indicator,Stable,Budget,,,,False
8996,2024-01-19,11,453,62.63,True,Unknown,Competitor Pricing,Decreasing,Budget,,,,False
2521,2024-08-14,40,223,62.53,False,Festival,Weather,Increasing,Premium,,,,False
6577,2024-04-05,11,253,74.77,True,Unknown,Competitor Pricing,Decreasing,Regular,,,,False
5405,2024-01-28,30,433,88.73,False,Unknown,Unknown,Increasing,Budget,,,,False
3549,2024-06-15,78,283,14.83,True,Holiday,Competitor Pricing,Increasing,Budget,,,,False
5578,2024-09-11,41,37,24.24,True,Festival,Weather,Decreasing,Budget,,,,False
4498,2024-09-08,20,315,26.77,True,Festival,Weather,Decreasing,Regular,,,,False
6285,2024-09-08,20,34,56.98,True,Festival,Economic Indicator,Increasing,Premium,,,,False
8472,2024-11-19,90,395,30.41,False,Holiday,Competitor Pricing,Increasing,Premium,,,,False
4418,2024-03-08,51,423,16.47,False,Festival,Competitor Pricing,Stable,Premium,,,,False
3912,2024-07-07,65,263,89.97,True,Unknown,Unknown,Decreasing,Budget,,,,False
6401,2024-07-22,91,52,6.9,True,Holiday,Unknown,Decreasing,Budget,,,,False
4991,2024-11-06,54,1,95.49,True,Unknown,Weather,Increasing,Regular,,,,False
6388,2024-05-13,3,117,63.75,True,Holiday,Competitor Pricing,Stable,Premium,,,,False
1717,2024-06-01,35,445,84.43,True,Holiday,Competitor Pricing,Increasing,Regular,,,,False
8179,2024-04-20,78,219,93.12,False,Festival,Competitor Pricing,Increasing,Budget,,,,False
3608,2024-05-06,17,302,21.91,False,Holiday,Economic Indicator,Stable,Regular,,,,False
3733,2024-11-27,37,237,78.06,True,Unknown,Unknown,Stable,Regular,,,,False
4156,2024-04-02,20,20,33.27,False,Unknown,Economic Indicator,Increasing,Premium,,,,False
3461,2024-03-02,54,402,21.8,False,Unknown,Economic Indicator,Decreasing,Regular,,,,False
9957,2024-04-26,57,436,89.1,False,Festival,Economic Indicator,Stable,Premium,,,,False
6767,2024-01-05,73,293,63.16,False,Unknown,Competitor Pricing,Decreasing,Regular,,,,False
2963,2024-07-04,45,491,81.01,False,Unknown,Competitor Pricing,Decreasing,Premium,,,,False
9930,2024-09-03,33,71,79.38,False,Unknown,Unknown,Decreasing,Premium,,,,False
6828,2024-11-14,78,171,66.7,False,Holiday,Unknown,Increasing,Regular,,,,False
8706,2024-01-01,99,245,63.71,False,Holiday,Competitor Pricing,Increasing,Budget,,,,False
4927,2024-08-11,57,491,33.54,False,Holiday,Competitor Pricing,Decreasing,Premium,,,,False
7288,2024-09-24,73,283,21.74,False,Unknown,Weather,Increasing,Budget,,,,False
9863,2024-09-02,37,203,19.84,True,Holiday,Unknown,Increasing,Regular,,,,False
9912,2024-04-24,31,301,98.61,True,Holiday,Economic Indicator,Stable,Budget,,,,False
3382,2024-08-11,85,163,83.98,False,Festival,Competitor Pricing,Decreasing,Premium,,,,False
9549,2024-09-01,99,448,24.55,False,Festival,Competitor Pricing,Increasing,Premium,,,,False
3552,2024-09-18,80,471,47.2,True,Holiday,Economic Indicator,Decreasing,Budget,,,,False
1918,2024-12-13,78,238,43.17,False,Unknown,Economic Indicator,Stable,Budget,,,,False
1677,2024-01-10,51,259,52.39,False,Festival,Unknown,Decreasing,Budget,,,,False
3868,2024-07-07,17,480,88.2,False,Festival,Weather,Increasing,Regular,,,,False
9199,2024-06-12,32,348,83.59,True,Unknown,Economic Indicator,Increasing,Budget,,,,False
3160,2024-08-31,8,273,38.49,True,Unknown,Economic Indicator,Decreasing,Regular,,,,False
9903,2024-07-17,52,415,54.54,False,Holiday,Economic Indicator,Increasing,Premium,,,,False
5170,2024-12-10,57,365,51.67,False,Festival,Competitor Pricing,Decreasing,Premium,,,,False
7557,2024-02-18,69,366,18.12,True,Festival,Competitor Pricing,Decreasing,Premium,,,,False
3930,2024-07-21,93,422,87.07,False,Unknown,Economic Indicator,Increasing,Premium,,,,False
9115,2024-01-17,57,344,85.95,True,Unknown,Weather,Decreasing,Regular,,,,False
6143,2024-08-23,3,369,51.01,True,Festival,Weather,Stable,Budget,,,,False
8057,2024-07-13,26,495,54.92,False,Unknown,Competitor Pricing,Increasing,Premium,,,,False
4026,2024-07-13,1,131,13.24,True,Holiday,Unknown,Decreasing,Premium,,,,False
4923,2024-05-26,13,95,70.3,False,Holiday,Unknown,Stable,Regular,,,,False
2828,2024-04-03,95,411,28.65,False,Holiday,Unknown,Decreasing,Premium,,,,False
5766,2024-09-30,44,455,6.04,False,Festival,Weather,Increasing,Regular,,,,False
5129,2024-08-23,66,346,84.56,True,Unknown,Economic Indicator,Stable,Budget,,,,False
5878,2024-12-08,65,444,58.39,True,Unknown,Competitor Pricing,Stable,Budget,,,,False
4058,2024-05-08,90,155,18.0,False,Festival,Weather,Stable,Premium,,,,False
8115,2024-07-24,13,287,7.43,False,Festival,Weather,Decreasing,Regular,,,,False
3576,2024-04-06,51,181,99.71,True,Festival,Unknown,Decreasing,Premium,,,,False
3308,2024-03-21,56,205,62.24,True,Unknown,Competitor Pricing,Stable,Premium,,,,False
7660,2024-01-02,23,372,63.98,False,Unknown,Competitor Pricing,Increasing,Premium,,,,False
7592,2024-05-06,38,169,91.54,True,Festival,Unknown,Decreasing,Regular,,,,False
8672,2024-10-13,8,240,92.66,True,Unknown,Weather,Decreasing,Budget,,,,False
6997,2024-05-27,30,394,90.8,False,Unknown,Weather,Decreasing,Budget,,,,False
6507,2024-11-02,48,423,62.17,False,Holiday,Economic Indicator,Decreasing,Budget,,,,False
2251,2024-06-16,48,332,10.27,False,Unknown,Weather,Stable,Budget,,,,False
8278,2024-04-07,93,483,70.35,True,Festival,Competitor Pricing,Increasing,Premium,,,,False
6985,2024-09-23,85,244,43.88,True,Holiday,Economic Indicator,Increasing,Regular,,,,False
2897,2024-06-22,50,205,99.93,True,Festival,Competitor Pricing,Decreasing,Regular,,,,False
8883,2024-05-20,32,130,43.81,True,Festival,Competitor Pricing,Increasing,Regular,,,,False
9162,2024-04-12,67,68,7.87,False,Festival,Unknown,Increasing,Budget,,,,False
7888,2024-10-10,27,81,14.81,False,Festival,Competitor Pricing,Decreasing,Regular,,,,False
2481,2024-08-25,83,478,27.2,False,Unknown,Competitor Pricing,Decreasing,Budget,,,,False
7794,2024-06-17,64,283,42.95,True,Festival,Weather,Decreasing,Regular,,,,False
2355,2024-04-13,30,100,57.44,True,Unknown,Economic Indicator,Decreasing,Regular,,,,False
6689,2024-09-05,51,15,14.35,False,Festival,Economic Indicator,Decreasing,Premium,,,,False
4517,2024-07-14,44,132,41.01,False,Unknown,Unknown,Decreasing,Budget,,,,False
7550,2024-09-29,57,412,85.41,False,Festival,Competitor Pricing,Stable,Budget,,,,False
6170,2024-04-19,99,303,48.14,True,Unknown,Economic Indicator,Stable,Regular,,,,False
7995,2024-06-19,34,375,35.05,True,Holiday,Economic Indicator,Stable,Premium,,,,False
6460,2024-11-26,33,106,44.45,True,Holiday,Economic Indicator,Decreasing,Premium,,,,False
1934,2024-03-30,26,18,31.96,True,Festival,Economic Indicator,Increasing,Premium,,,,False
1210,2024-10-07,79,319,5.92,True,Festival,Competitor Pricing,Decreasing,Regular,,,,False
7383,2024-04-07,63,166,66.39,False,Unknown,Competitor Pricing,Decreasing,Regular,,,,False
3810,2024-04-05,96,297,77.48,False,Holiday,Unknown,Decreasing,Regular,,,,False
8709,2024-10-21,8,384,12.06,False,Unknown,Competitor Pricing,Stable,Budget,,,,False
6892,2024-07-19,13,218,10.2,True,Festival,Unknown,Decreasing,Premium,,,,False
4478,2024-02-20,19,384,21.74,False,Holiday,Competitor Pricing,Increasing,Premium,,,,False
5259,2024-03-12,67,453,47.9,True,Festival,Weather,Decreasing,Regular,,,,False
8712,2024-06-28,87,17,17.65,True,Unknown,Weather,Decreasing,Regular,,,,False
6188,2024-07-23,50,114,53.61,True,Festival,Competitor Pricing,Increasing,Regular,,,,False
2922,2024-02-19,5,261,77.01,False,Holiday,Unknown,Stable,Budget,,,,False
7582,2024-11-03,41,77,41.76,True,Unknown,Unknown,Decreasing,Premium,,,,False
4317,2024-10-23,71,323,47.55,False,Festival,Competitor Pricing,Decreasing,Budget,93.94,84.12,1.54,True
6912,2024-09-30,4,479,23.91,True,Holiday,Weather,Decreasing,Regular,,,,False
3034,2024-12-26,13,32,49.35,True,Holiday,Competitor Pricing,Decreasing,Regular,,,,False
2358,2024-09-11,60,73,70.77,False,Holiday,Unknown,Increasing,Regular,,,,False
5954,2024-05-25,23,11,32.13,True,Festival,Weather,Decreasing,Regular,,,,False
1920,2024-02-06,95,381,81.65,True,Holiday,Competitor Pricing,Decreasing,Regular,,,,False
4286,2024-08-20,77,249,39.42,True,Festival,Weather,Increasing,Premium,,,,False
1788,2024-02-26,98,217,17.47,True,Festival,Unknown,Increasing,Regular,,,,False
6552,2024-11-22,53,345,89.76,False,Holiday,Weather,Stable,Regular,,,,False
7849,2024-08-05,69,46,88.72,True,Unknown,Unknown,Decreasing,Regular,,,,False
3820,2024-10-30,54,487,93.69,True,Festival,Competitor Pricing,Increasing,Premium,,,,False
9720,2024-03-26,81,253,39.54,True,Unknown,Economic Indicator,Increasing,Budget,,,,False
9199,2024-06-07,64,480,72.04,False,Unknown,Weather,Increasing,Regular,,,,False
9981,2024-07-03,21,62,44.49,False,Festival,Competitor Pricing,Increasing,Premium,,,,False
9396,2024-03-19,75,214,83.74,False,Festival,Economic Indicator,Increasing,Budget,,,,False
1865,2024-03-06,88,386,69.26,False,Holiday,Weather,Decreasing,Regular,,,,False
5746,2024-12-19,55,362,15.6,False,Holiday,Unknown,Increasing,Budget,53.61,21.42,0.6,True
1237,2024-04-18,80,294,49.82,False,Festival,Unknown,Stable,Premium,,,,False
9546,2024-07-07,63,345,8.54,False,Unknown,Economic Indicator,Increasing,Budget,,,,False
4290,2024-01-31,45,457,26.51,True,Festival,Unknown,Decreasing,Premium,,,,False
4956,2024-08-31,23,193,21.76,True,Holiday,Economic Indicator,Decreasing,Premium,,,,False
4282,2024-03-20,34,129,74.62,True,Holiday,Competitor Pricing,Decreasing,Premium,,,,False
9818,2024-11-02,59,446,48.72,False,Holiday,Economic Indicator,Stable,Budget,,,,False
8021,2024-09-10,74,241,75.39,False,Festival,Unknown,Decreasing,Budget,,,,False
5365,2024-05-28,4,319,68.21,False,Festival,Unknown,Decreasing,Regular,,,,False
2710,2024-05-05,80,149,54.62,True,Holiday,Unknown,Stable,Premium,,,,False
7974,2024-11-25,73,60,8.02,False,Unknown,Unknown,Increasing,Regular,,,,False
7749,2024-11-09,12,435,8.74,False,Unknown,Weather,Decreasing,Regular,,,,False
8523,2024-11-22,1,421,15.92,False,Holiday,Unknown,Decreasing,Regular,,,,False
5348,2024-04-16,72,425,88.82,True,Holiday,Competitor Pricing,Stable,Regular,,,,False
7174,2024-10-18,70,457,55.02,False,Festival,Competitor Pricing,Increasing,Regular,,,,False
5552,2024-10-08,67,368,67.07,False,Holiday,Weather,Stable,Budget,,,,False
1573,2024-09-09,77,96,8.71,False,Holiday,Weather,Decreasing,Premium,,,,False
1296,2024-02-15,95,239,34.37,False,Holiday,Weather,Stable,Budget,,,,False
4346,2024-07-27,26,183,59.38,False,Holiday,Economic Indicator,Increasing,Premium,,,,False
6582,2024-08-02,23,121,93.11,False,Festival,Competitor Pricing,Increasing,Premium,,,,False
3089,2024-04-21,4,72,70.89,False,Holiday,Competitor Pricing,Stable,Premium,,,,False
2318,2024-02-14,96,126,88.84,True,Holiday,Weather,Increasing,Premium,,,,False
1683,2024-11-01,48,69,61.82,True,Holiday,Economic Indicator,Stable,Regular,,,,False
8333,2024-12-14,67,332,19.49,True,Festival,Weather,Increasing,Budget,,,,False
5002,2024-03-22,24,469,47.4,True,Festival,Weather,Increasing,Budget,,,,False
7839,2024-07-22,84,332,65.36,False,Festival,Unknown,Stable,Regular,,,,False
2684,2024-11-03,65,471,66.15,False,Unknown,Competitor Pricing,Stable,Budget,,,,False
4765,2024-09-07,38,242,38.72,True,Festival,Unknown,Stable,Premium,,,,False
4582,2024-10-13,64,379,81.79,False,Festival,Economic Indicator,Increasing,Premium,,,,False
5449,2024-07-21,88,271,94.01,True,Unknown,Economic Indicator,Increasing,Premium,,,,False
9014,2024-03-29,9,57,41.36,False,Unknown,Weather,Decreasing,Regular,,,,False
1932,2024-03-22,49,314,22.8,True,Unknown,Unknown,Decreasing,Premium,,,,False
8192,2024-07-25,24,474,92.64,False,Unknown,Competitor Pricing,Stable,Regular,,,,False
1952,2024-02-24,97,419,45.38,False,Unknown,Competitor Pricing,Increasing,Regular,,,,False
7589,2024-12-26,66,488,73.2,True,Festival,Competitor Pricing,Increasing,Budget,,,,False
3756,2024-08-27,50,457,85.37,True,Festival,Economic Indicator,Decreasing,Premium,,,,False
1221,2024-10-02,72,270,42.76,False,Unknown,Weather,Increasing,Budget,,,,False
2308,2024-02-20,68,191,21.82,False,Unknown,Weather,Stable,Budget,,,,False
8162,2024-08-07,44,299,40.3,True,Holiday,Unknown,Increasing,Premium,,,,False
4501,2024-12-11,17,464,42.46,False,Holiday,Competitor Pricing,Decreasing,Regular,,,,False
7364,2024-08-26,4,468,40.67,False,Festival,Unknown,Decreasing,Budget,,,,False
8759,2024-05-13,8,373,53.78,True,Unknown,Competitor Pricing,Increasing,Budget,,,,False
3937,2024-05-09,41,277,88.69,False,Unknown,Economic Indicator,Increasing,Budget,,,,False
4296,2024-02-18,37,220,87.93,False,Unknown,Economic Indicator,Stable,Premium,,,,False
5040,2024-11-22,28,2,72.98,True,Holiday,Competitor Pricing,Increasing,Budget,,,,False
9286,2024-03-10,46,132,22.22,True,Festival,Weather,Decreasing,Budget,,,,False
5966,2024-11-13,53,98,86.43,False,Holiday,Weather,Stable,Premium,,,,False
8019,2024-07-05,29,236,63.91,False,Festival,Weather,Stable,Regular,,,,False
2129,2024-12-23,19,46,52.33,False,Festival,Competitor Pricing,Stable,Budget,,,,False
9742,2024-11-12,25,30,56.37,True,Festival,Competitor Pricing,Decreasing,Budget,,,,False
2616,2024-07-25,42,167,96.68,True,Festival,Weather,Increasing,Budget,,,,False
3982,2024-05-13,53,479,66.2,True,Festival,Economic Indicator,Stable,Premium,,,,False
1807,2024-03-13,83,480,64.37,True,Unknown,Unknown,Increasing,Premium,,,,False
7028,2024-11-16,46,152,19.76,True,Unknown,Economic Indicator,Decreasing,Regular,,,,False
2198,2024-03-17,86,409,5.87,False,Festival,Economic Indicator,Decreasing,Premium,,,,False
6457,2024-06-23,96,267,50.31,True,Unknown,Weather,Increasing,Premium,,,,False
9496,2024-12-02,88,324,40.25,True,Festival,Weather,Stable,Budget,,,,False
6174,2024-11-01,88,325,60.71,False,Unknown,Weather,Increasing,Budget,,,,False
7860,2024-12-30,38,153,20.02,False,Festival,Economic Indicator,Increasing,Premium,,,,False
4191,2024-12-02,28,412,17.73,True,Unknown,Economic Indicator,Decreasing,Premium,,,,False
3422,2024-08-02,54,378,72.81,True,Unknown,Unknown,Decreasing,Regular,,,,False
5731,2024-02-20,28,91,67.01,True,Unknown,Unknown,Stable,Premium,,,,False
2224,2024-01-23,15,434,91.45,True,Holiday,Economic Indicator,Increasing,Premium,,,,False
3013,2024-08-16,59,37,50.26,True,Festival,Competitor Pricing,Stable,Budget,,,,False
8684,2024-06-03,31,481,58.62,False,Holiday,Unknown,Stable,Premium,,,,False
6582,2024-02-25,24,279,31.13,False,Unknown,Economic Indicator,Decreasing,Regular,,,,False
1199,2024-10-11,77,332,28.27,True,Festival,Weather,Stable,Budget,,,,False
9113,2024-05-24,57,44,86.46,True,Festival,Competitor Pricing,Stable,Premium,,,,False
7469,2024-04-04,99,196,77.0,True,Unknown,Economic Indicator,Decreasing,Budget,,,,False
9975,2024-02-25,16,299,59.06,False,Unknown,Economic Indicator,Increasing,Regular,,,,False
6881,2024-04-25,28,353,58.84,True,Holiday,Weather,Decreasing,Regular,,,,False
5999,2024-04-30,80,201,82.34,False,Holiday,Economic Indicator,Stable,Budget,,,,False
6135,2024-07-20,24,104,91.61,False,Festival,Economic Indicator,Stable,Premium,57.85,96.68,2.1,True
7179,2024-01-23,1,82,74.63,False,Holiday,Economic Indicator,Increasing,Budget,,,,False
5619,2024-12-14,13,138,78.09,True,Festival,Unknown,Increasing,Budget,,,,False
3839,2024-05-21,81,265,71.47,False,Holiday,Competitor Pricing,Increasing,Regular,,,,False
4907,2024-01-10,24,245,92.09,True,Festival,Weather,Decreasing,Regular,,,,False
1825,2024-11-28,47,101,58.28,False,Unknown,Competitor Pricing,Decreasing,Premium,,,,False
5239,2024-01-21,83,60,85.8,True,Festival,Unknown,Increasing,Budget,,,,False
9943,2024-02-15,62,270,38.05,True,Holiday,Competitor Pricing,Stable,Regular,,,,False
3362,2024-05-24,49,202,67.48,True,Unknown,Competitor Pricing,Decreasing,Budget,,,,False
6909,2024-10-11,71,209,6.11,True,Unknown,Economic Indicator,Stable,Budget,,,,False
8440,2024-05-08,81,411,84.99,False,Festival,Competitor Pricing,Decreasing,Budget,,,,False
3560,2024-10-24,58,11,62.51,True,Unknown,Economic Indicator,Increasing,Regular,,,,False
8904,2024-06-30,2,245,77.0,False,Holiday,Unknown,Stable,Premium,,,,False
4788,2024-02-28,11,63,72.92,True,Unknown,Unknown,Stable,Budget,,,,False
4010,2024-09-02,85,20,29.04,False,Unknown,Weather,Increasing,Budget,,,,False
8343,2024-06-24,25,175,51.46,False,Festival,Economic Indicator,Decreasing,Premium,,,,False
7864,2024-01-31,63,270,12.71,True,Festival,Unknown,Increasing,Budget,,,,False
5043,2024-12-15,50,413,97.24,True,Holiday,Competitor Pricing,Increasing,Premium,,,,False
4559,2024-11-15,98,499,36.84,True,Holiday,Economic Indicator,Increasing,Budget,,,,False
9950,2024-01-10,71,11,67.55,True,Unknown,Economic Indicator,Stable,Premium,,,,False
6791,2024-10-29,76,294,36.21,True,Unknown,Unknown,Increasing,Premium,,,,False
1967,2024-11-09,24,87,54.66,True,Unknown,Economic Indicator,Increasing,Premium,,,,False
4986,2024-10-11,37,330,45.29,True,Unknown,Weather,Increasing,Regular,,,,False
2057,2024-02-11,26,53,32.94,True,Holiday,Competitor Pricing,Increasing,Premium,,,,False
8975,2024-08-03,97,258,54.42,True,Holiday,Unknown,Increasing,Budget,,,,False
9310,2024-05-11,35,353,59.3,False,Unknown,Economic Indicator,Increasing,Budget,,,,False
8183,2024-08-15,79,427,88.48,True,Unknown,Economic Indicator,Stable,Premium,,,,False
5209,2024-03-12,45,496,20.48,False,Festival,Weather,Increasing,Regular,,,,False
8309,2024-09-15,28,78,33.16,True,Unknown,Unknown,Increasing,Budget,,,,False
5963,2024-03-21,34,89,55.78,False,Unknown,Economic Indicator,Stable,Regular,,,,False
6283,2024-04-28,47,306,49.69,False,Holiday,Competitor Pricing,Stable,Regular,,,,False
7695,2024-03-27,19,415,88.6,False,Festival,Unknown,Increasing,Premium,,,,False
1686,2024-05-22,27,263,12.26,True,Holiday,Economic Indicator,Increasing,Budget,,,,False
2169,2024-01-10,34,8,7.37,True,Unknown,Economic Indicator,Decreasing,Regular,,,,False
3701,2024-05-03,44,147,56.93,True,Holiday,Weather,Stable,Premium,,,,False
6882,2024-04-03,12,297,93.27,True,Festival,Weather,Increasing,Regular,,,,False
5398,2024-06-17,48,406,83.3,False,Holiday,Economic Indicator,Decreasing,Budget,,,,False
5444,2024-12-06,72,257,64.23,True,Holiday,Economic Indicator,Decreasing,Budget,,,,False
1688,2024-07-03,87,76,47.93,False,Festival,Economic Indicator,Decreasing,Budget,,,,False
3093,2024-09-28,57,310,80.9,False,Unknown,Competitor Pricing,Increasing,Budget,,,,False
4143,2024-02-03,89,345,46.62,False,Unknown,Unknown,Increasing,Regular,,,,False
3285,2024-05-01,35,165,71.53,False,Holiday,Economic Indicator,Stable,Regular,,,,False
9072,2024-06-05,59,61,68.42,False,Festival,Economic Indicator,Stable,Regular,,,,False
6916,2024-10-21,85,405,82.23,False,Festival,Competitor Pricing,Increasing,Regular,,,,False
3246,2024-11-19,73,283,78.51,False,Holiday,Economic Indicator,Decreasing,Budget,,,,False
9706,2024-01-29,43,176,96.32,False,Unknown,Weather,Stable,Budget,,,,False
5427,2024-04-29,33,361,41.73,False,Holiday,Economic Indicator,Decreasing,Premium,,,,False
5712,2024-10-11,77,142,12.82,False,Unknown,Weather,Increasing,Premium,,,,False
9049,2024-11-01,26,265,98.59,True,Unknown,Competitor Pricing,Increasing,Budget,,,,False
3962,2024-05-26,26,360,87.13,False,Holiday,Competitor Pricing,Increasing,Regular,,,,False
5183,2024-06-30,56,120,41.12,True,Unknown,Unknown,Decreasing,Regular,,,,False
7416,2024-05-23,10,246,66.2,False,Holiday,Competitor Pricing,Decreasing,Regular,,,,False
5712,2024-09-23,10,45,50.5,True,Unknown,Unknown,Increasing,Premium,,,,False
4102,2024-01-15,19,318,27.89,False,Holiday,Economic Indicator,Stable,Regular,,,,False
1904,2024-06-29,54,94,11.78,True,Holiday,Weather,Decreasing,Budget,,,,False
8225,2024-02-22,13,167,34.16,False,Unknown,Unknown,Increasing,Regular,,,,False
4071,2024-08-26,57,405,26.02,False,Holiday,Competitor Pricing,Stable,Premium,,,,False
5152,2024-06-07,87,79,37.84,True,Unknown,Unknown,Decreasing,Premium,,,,False
9271,2024-12-14,32,351,70.65,False,Holiday,Unknown,Increasing,Premium,,,,False
6448,2024-10-01,93,213,93.0,False,Unknown,Economic Indicator,Decreasing,Premium,,,,False
9551,2024-11-18,84,174,44.17,False,Festival,Weather,Increasing,Regular,,,,False
6678,2024-03-28,96,12,33.77,False,Holiday,Economic Indicator,Stable,Premium,,,,False
8734,2024-02-21,56,49,64.09,True,Festival,Weather,Increasing,Premium,,,,False
4592,2024-12-06,20,111,75.4,True,Festival,Competitor Pricing,Increasing,Premium,97.57,47.91,1.9,True
3777,2024-12-23,53,484,16.95,True,Festival,Competitor Pricing,Decreasing,Budget,,,,False
3942,2024-02-19,13,482,50.26,False,Unknown,Economic Indicator,Stable,Budget,,,,False
3309,2024-02-07,81,325,67.05,True,Festival,Unknown,Increasing,Regular,,,,False
7991,2024-02-19,44,99,48.98,True,Festival,Unknown,Stable,Budget,,,,False
8744,2024-01-31,85,358,27.55,True,Unknown,Weather,Increasing,Regular,,,,False
2150,2024-09-22,97,148,90.63,True,Unknown,Competitor Pricing,Decreasing,Regular,,,,False
5423,2024-12-22,70,66,13.53,False,Holiday,Economic Indicator,Stable,Regular,,,,False
5879,2024-10-02,9,410,78.4,True,Unknown,Unknown,Decreasing,Budget,,,,False
7115,2024-02-02,66,291,69.57,False,Unknown,Economic Indicator,Decreasing,Budget,,,,False
4669,2024-11-20,95,219,29.49,True,Festival,Economic Indicator,Increasing,Regular,,,,False
4145,2024-09-21,6,479,39.79,False,Unknown,Unknown,Decreasing,Regular,,,,False
3809,2024-06-24,83,150,7.53,False,Unknown,Economic Indicator,Stable,Budget,,,,False
6707,2024-11-11,85,50,48.53,True,Holiday,Economic Indicator,Increasing,Regular,,,,False
3305,2024-05-09,3,451,90.53,False,Holiday,Unknown,Increasing,Regular,,,,False
1013,2024-02-15,86,210,13.95,False,Festival,Competitor Pricing,Decreasing,Premium,,,,False
3222,2024-07-26,48,436,69.19,False,Holiday,Economic Indicator,Stable,Budget,,,,False
9359,2024-09-24,3,19,95.01,True,Unknown,Unknown,Stable,Premium,,,,False
1927,2024-05-12,5,138,23.34,False,Festival,Unknown,Stable,Regular,,,,False
7069,2024-06-01,77,455,11.32,True,Holiday,Unknown,Increasing,Budget,,,,False
6186,2024-04-08,95,276,23.17,True,Holiday,Economic Indicator,Stable,Budget,,,,False
2744,2024-11-25,9,263,23.75,False,Festival,Economic Indicator,Increasing,Premium,,,,False
2720,2024-10-11,19,14,32.97,False,Unknown,Unknown,Decreasing,Regular,,,,False
1182,2024-06-27,46,68,75.29,True,Festival,Economic Indicator,Decreasing,Budget,,,,False
5891,2024-05-12,91,29,97.64,True,Unknown,Economic Indicator,Increasing,Premium,,,,False
1138,2024-10-16,59,153,17.16,True,Holiday,Weather,Increasing,Budget,,,,False
5887,2024-06-28,14,166,45.18,True,Holiday,Economic Indicator,Increasing,Regular,,,,False
3547,2024-10-03,99,343,85.62,False,Unknown,Economic Indicator,Increasing,Premium,,,,False
3368,2024-04-11,52,144,55.82,False,Festival,Economic Indicator,Stable,Budget,,,,False
5851,2024-11-11,38,330,44.57,False,Holiday,Unknown,Increasing,Budget,,,,False
4080,2024-10-19,75,483,35.12,False,Holiday,Competitor Pricing,Increasing,Premium,,,,False
8937,2024-02-27,34,147,14.35,True,Festival,Competitor Pricing,Stable,Premium,,,,False
1527,2024-10-03,62,4,13.47,True,Festival,Weather,Decreasing,Budget,,,,False
7979,2024-06-17,24,490,74.7,True,Unknown,Competitor Pricing,Increasing,Budget,,,,False
3606,2024-04-05,9,49,45.58,False,Unknown,Unknown,Decreasing,Budget,,,,False
2691,2024-04-10,35,453,58.89,False,Festival,Competitor Pricing,Stable,Premium,,,,False
7791,2024-03-28,45,11,94.3,False,Holiday,Unknown,Decreasing,Premium,,,,False
5198,2024-05-03,82,78,10.6,False,Holiday,Economic Indicator,Decreasing,Budget,,,,False
7053,2024-01-24,82,337,30.75,False,Festival,Unknown,Decreasing,Budget,,,,False
1621,2024-12-10,6,412,77.62,True,Unknown,Weather,Increasing,Premium,,,,False
2260,2024-04-05,62,75,85.11,True,Unknown,Competitor Pricing,Decreasing,Regular,,,,False
7174,2024-09-07,63,312,79.79,True,Festival,Economic Indicator,Decreasing,Regular,,,,False
2795,2024-06-18,90,4,13.95,True,Holiday,Competitor Pricing,Decreasing,Premium,,,,False
9855,2024-12-10,61,54,9.3,True,Unknown,Unknown,Stable,Regular,,,,False
3939,2024-09-23,3,193,49.92,True,Festival,Competitor Pricing,Decreasing,Regular,,,,False
1978,2024-03-16,9,6,34.37,True,Unknown,Competitor Pricing,Decreasing,Budget,,,,False
6217,2024-03-22,85,194,92.59,False,Unknown,Unknown,Stable,Premium,,,,False
9587,2024-06-14,24,331,51.45,True,Festival,Weather,Stable,Regular,,,,False
3875,2024-06-19,67,373,36.49,True,Festival,Economic Indicator,Increasing,Premium,,,,False
9796,2024-04-02,42,118,72.17,True,Holiday,Weather,Increasing,Regular,,,,False
9877,2024-02-29,45,440,8.15,False,Festival,Weather,Decreasing,Budget,,,,False
3448,2024-09-26,18,277,41.29,True,Holiday,Weather,Stable,Regular,,,,False
2574,2024-02-27,28,343,35.46,True,Festival,Weather,Stable,Regular,,,,False
8410,2024-09-02,86,496,50.71,True,Holiday,Competitor Pricing,Decreasing,Regular,,,,False
1474,2024-04-23,40,152,48.5,True,Holiday,Competitor Pricing,Decreasing,Premium,,,,False
1020,2024-02-21,23,195,55.18,False,Unknown,Competitor Pricing,Stable,Premium,,,,False
3768,2024-03-31,18,358,6.26,False,Holiday,Weather,Decreasing,Regular,,,,False
6621,2024-03-30,34,323,81.65,True,Unknown,Weather,Stable,Budget,,,,False
9862,2024-06-24,24,28,71.66,True,Unknown,Competitor Pricing,Increasing,Budget,,,,False
7880,2024-03-26,71,110,92.79,False,Holiday,Competitor Pricing,Decreasing,Premium,,,,False
7752,2024-09-22,6,185,38.13,False,Festival,Unknown,Stable,Premium,,,,False
8460,2024-10-17,94,369,77.82,False,Unknown,Weather,Decreasing,Premium,,,,False
1819,2024-11-25,99,89,15.28,True,Holiday,Economic Indicator,Increasing,Premium,,,,False
6222,2024-12-05,67,85,20.72,False,Holiday,Competitor Pricing,Stable,Budget,,,,False
1806,2024-07-22,99,367,56.81,True,Unknown,Economic Indicator,Increasing,Regular,,,,False
1233,2024-02-28,11,271,81.35,False,Unknown,Unknown,Decreasing,Budget,,,,False
5097,2024-06-05,64,81,73.39,True,Holiday,Weather,Increasing,Regular,,,,False
7363,2024-01-23,35,150,58.2,True,Holiday,Economic Indicator,Increasing,Budget,,,,False
4889,2024-08-29,32,265,91.94,False,Festival,Economic Indicator,Increasing,Budget,,,,False
4789,2024-10-04,94,191,95.74,False,Unknown,Competitor Pricing,Increasing,Regular,,,,False
8175,2024-05-13,48,273,40.32,False,Holiday,Economic Indicator,Decreasing,Budget,,,,False
6593,2024-09-08,30,328,46.37,True,Festival,Economic Indicator,Increasing,Regular,,,,False
2616,2024-01-23,70,36,50.04,False,Festival,Weather,Stable,Budget,,,,False
4951,2024-01-09,51,410,40.86,False,Unknown,Unknown,Stable,Regular,,,,False
3529,2024-06-12,82,438,26.58,False,Festival,Unknown,Decreasing,Premium,,,,False
2755,2024-04-29,29,2,68.92,False,Festival,Competitor Pricing,Increasing,Premium,,,,False
2283,2024-11-15,68,283,49.11,False,Unknown,Weather,Decreasing,Budget,,,,False
1604,2024-06-09,97,151,14.32,True,Unknown,Weather,Increasing,Regular,,,,False
2655,2024-10-01,57,4,21.8,True,Festival,Economic Indicator,Decreasing,Premium,,,,False
4527,2024-11-02,52,16,92.32,False,Festival,Weather,Stable,Budget,,,,False
6132,2024-12-05,68,408,29.5,False,Festival,Unknown,Decreasing,Budget,,,,False
5592,2024-08-28,49,193,52.06,False,Holiday,Competitor Pricing,Stable,Regular,,,,False
7604,2024-01-23,99,484,53.0,False,Holiday,Weather,Decreasing,Premium,,,,False
4412,2024-05-02,37,76,23.56,False,Holiday,Economic Indicator,Decreasing,Premium,,,,False
3622,2024-10-22,76,217,93.12,True,Unknown,Competitor Pricing,Stable,Regular,,,,False
2153,2024-02-06,32,333,25.83,True,Festival,Competitor Pricing,Decreasing,Premium,,,,False
8187,2024-08-17,93,377,59.67,True,Holiday,Unknown,Stable,Regular,,,,False
8507,2024-10-08,37,168,24.25,False,Festival,Unknown,Decreasing,Premium,,,,False
1230,2024-09-12,54,298,38.36,False,Holiday,Competitor Pricing,Increasing,Premium,,,,False
6554,2024-07-17,2,345,50.47,True,Unknown,Economic Indicator,Stable,Budget,,,,False
7810,2024-08-10,94,374,69.03,False,Unknown,Unknown,Increasing,Budget,,,,False
4203,2024-01-19,45,455,57.95,False,Holiday,Unknown,Decreasing,Budget,,,,False
1418,2024-12-18,4,272,90.24,False,Unknown,Weather,Increasing,Budget,,,,False
3203,2024-04-29,29,230,29.7,False,Holiday,Competitor Pricing,Stable,Budget,,,,False
2660,2024-08-27,59,483,59.1,True,Festival,Economic Indicator,Increasing,Regular,,,,False
2797,2024-04-06,76,264,91.37,True,Unknown,Weather,Increasing,Premium,,,,False
4295,2024-06-18,8,189,9.28,False,Unknown,Unknown,Stable,Budget,,,,False
1129,2024-05-21,8,484,97.59,True,Unknown,Competitor Pricing,Stable,Budget,,,,False
2288,2024-03-21,36,443,46.6,True,Festival,Unknown,Decreasing,Budget,,,,False
5242,2024-07-07,28,416,51.75,False,Holiday,Weather,Stable,Premium,,,,False
6712,2024-12-24,65,254,35.94,False,Festival,Economic Indicator,Increasing,Premium,,,,False
5695,2024-11-13,42,135,97.88,False,Festival,Competitor Pricing,Stable,Budget,,,,False
7139,2024-10-18,51,155,54.0,True,Unknown,Weather,Stable,Premium,,,,False
4756,2024-07-11,43,257,18.68,False,Unknown,Economic Indicator,Increasing,Regular,,,,False
1845,2024-04-01,84,309,92.95,True,Festival,Competitor Pricing,Decreasing,Budget,,,,False
9016,2024-02-21,27,295,45.47,True,Festival,Competitor Pricing,Increasing,Premium,,,,False
6499,2024-06-11,3,454,73.23,False,Holiday,Weather,Increasing,Premium,,,,False
5848,2024-09-22,87,285,97.31,True,Unknown,Unknown,Decreasing,Regular,,,,False
7709,2024-11-05,87,294,36.74,False,Holiday,Weather,Stable,Regular,,,,False
4253,2024-02-05,58,119,86.19,False,Holiday,Unknown,Increasing,Regular,,,,False
8239,2024-10-01,85,291,40.9,False,Holiday,Unknown,Increasing,Regular,,,,False
1558,2024-08-12,76,178,72.06,True,Holiday,Weather,Decreasing,Regular,,,,False
6912,2024-07-10,43,10,65.55,True,Unknown,Unknown,Increasing,Regular,,,,False
8784,2024-05-02,47,223,42.95,True,Festival,Economic Indicator,Stable,Regular,,,,False
3415,2024-12-06,71,499,33.53,False,Holiday,Unknown,Stable,Regular,,,,False
8913,2024-12-14,56,193,10.62,True,Holiday,Economic Indicator,Decreasing,Budget,,,,False
3255,2024-06-26,61,54,79.43,True,Holiday,Competitor Pricing,Stable,Budget,,,,False
4234,2024-09-15,57,423,52.17,True,Unknown,Competitor Pricing,Decreasing,Premium,,,,False
4316,2024-05-04,44,328,77.51,True,Festival,Competitor Pricing,Decreasing,Regular,,,,False
2013,2024-06-10,85,441,91.73,False,Festival,Weather,Increasing,Premium,,,,False
9573,2024-10-26,26,152,71.82,True,Festival,Economic Indicator,Stable,Regular,,,,False
7299,2024-08-14,59,372,43.88,False,Unknown,Unknown,Decreasing,Budget,,,,False
4233,2024-02-01,38,478,17.2,False,Holiday,Economic Indicator,Increasing,Premium,,,,False
6696,2024-09-18,99,174,32.41,True,Festival,Weather,Decreasing,Budget,,,,False
2564,2024-02-04,18,439,71.7,True,Festival,Competitor Pricing,Stable,Premium,,,,False
7884,2024-09-23,21,290,90.32,False,Unknown,Unknown,Decreasing,Budget,,,,False
6578,2024-10-05,72,333,26.35,True,Unknown,Competitor Pricing,Stable,Regular,,,,False
1300,2024-10-21,55,150,48.85,True,Festival,Weather,Stable,Premium,,,,False
8053,2024-02-20,62,358,22.73,True,Holiday,Weather,Stable,Regular,,,,False
5349,2024-09-08,97,287,21.76,True,Festival,Economic Indicator,Decreasing,Regular,,,,False
4457,2024-04-02,98,95,84.23,False,Unknown,Competitor Pricing,Increasing,Budget,,,,False
4476,2024-03-30,77,366,26.21,False,Unknown,Competitor Pricing,Stable,Premium,,,,False
6356,2024-02-15,5,398,62.73,True,Unknown,Economic Indicator,Increasing,Premium,,,,False
2422,2024-02-29,29,13,37.53,True,Unknown,Competitor Pricing,Increasing,Premium,,,,False
4316,2024-12-29,1,481,72.07,False,Holiday,Competitor Pricing,Increasing,Regular,,,,False
3726,2024-03-10,84,363,78.02,False,Holiday,Unknown,Decreasing,Premium,,,,False
4180,2024-02-18,93,24,87.94,False,Holiday,Economic Indicator,Stable,Budget,,,,False
7834,2024-04-14,58,263,39.03,False,Festival,Economic Indicator,Stable,Budget,,,,False
8151,2024-08-20,14,251,26.98,True,Holiday,Weather,Stable,Premium,,,,False
2751,2024-01-08,69,473,67.02,False,Festival,Competitor Pricing,Stable,Premium,,,,False
8008,2024-11-17,39,419,30.22,False,Unknown,Economic Indicator,Decreasing,Regular,,,,False
5257,2024-10-29,87,235,55.78,True,Unknown,Economic Indicator,Stable,Premium,,,,False
4893,2024-05-19,56,140,10.32,False,Holiday,Weather,Increasing,Premium,,,,False
4485,2024-08-07,86,251,26.77,False,Unknown,Competitor Pricing,Increasing,Budget,,,,False
3025,2024-05-11,53,347,67.43,True,Unknown,Unknown,Increasing,Regular,,,,False
1739,2024-03-09,83,207,6.89,True,Festival,Unknown,Increasing,Premium,,,,False
1253,2024-02-05,77,218,91.65,False,Holiday,Competitor Pricing,Decreasing,Premium,,,,False
3027,2024-08-02,6,413,93.04,False,Unknown,Economic Indicator,Increasing,Regular,,,,False
6764,2024-08-28,39,184,59.81,True,Holiday,Weather,Increasing,Regular,,,,False
2118,2024-11-10,43,335,91.46,False,Festival,Unknown,Decreasing,Regular,,,,False
3874,2024-01-30,23,374,86.79,True,Festival,Competitor Pricing,Decreasing,Premium,,,,False
5480,2024-09-02,71,28,28.41,True,Holiday,Economic Indicator,Stable,Regular,,,,False
5579,2024-02-11,65,473,50.36,False,Unknown,Competitor Pricing,Increasing,Budget,,,,False
1861,2024-07-16,23,109,21.95,True,Festival,Competitor Pricing,Stable,Budget,,,,False
1086,2024-10-20,9,421,58.66,True,Holiday,Competitor Pricing,Stable,Budget,,,,False
3976,2024-09-07,13,374,58.01,False,Unknown,Competitor Pricing,Decreasing,Budget,,,,False
6902,2024-01-19,27,214,17.61,False,Holiday,Competitor Pricing,Decreasing,Regular,,,,False
3352,2024-11-21,26,495,36.61,True,Festival,Unknown,Stable,Regular,,,,False
6381,2024-07-01,31,485,83.77,False,Festival,Weather,Decreasing,Regular,,,,False
1658,2024-04-14,6,221,66.48,False,Holiday,Competitor Pricing,Increasing,Premium,,,,False
5820,2024-02-20,75,360,88.03,False,Unknown,Weather,Stable,Budget,,,,False
1479,2024-03-02,88,37,31.43,False,Festival,Unknown,Stable,Budget,,,,False
5420,2024-08-06,2,141,45.13,True,Holiday,Economic Indicator,Decreasing,Premium,,,,False
5408,2024-01-13,85,30,24.6,False,Festival,Weather,Increasing,Premium,,,,False
9350,2024-12-12,11,452,68.29,True,Holiday,Economic Indicator,Increasing,Premium,,,,False
8276,2024-02-12,99,194,49.7,False,Festival,Economic Indicator,Decreasing,Budget,,,,False
9411,2024-09-30,42,172,20.36,False,Holiday,Economic Indicator,Decreasing,Regular,,,,False
6109,2024-07-06,21,324,12.68,True,Unknown,Economic Indicator,Increasing,Premium,,,,False
1306,2024-08-12,11,283,85.5,False,Festival,Competitor Pricing,Stable,Premium,,,,False
9439,2024-03-08,85,296,49.48,False,Unknown,Unknown,Increasing,Premium,,,,False
3318,2024-02-06,77,410,64.09,True,Unknown,Unknown,Decreasing,Regular,18.04,45.1,0.73,True
4726,2024-05-23,5,132,71.33,True,Holiday,Competitor Pricing,Increasing,Budget,,,,False
4480,2024-12-15,91,404,58.88,False,Festival,Unknown,Decreasing,Premium,,,,False
5360,2024-10-17,71,356,37.33,True,Holiday,Economic Indicator,Stable,Regular,,,,False
9779,2024-09-19,32,311,94.91,False,Unknown,Weather,Increasing,Regular,,,,False
2475,2024-03-14,27,4,61.66,False,Holiday,Weather,Decreasing,Regular,,,,False
8747,2024-10-31,40,284,75.82,False,Holiday,Competitor Pricing,Stable,Regular,,,,False
9671,2024-01-31,45,222,61.23,False,Holiday,Economic Indicator,Increasing,Budget,,,,False
8947,2024-07-09,31,401,12.54,True,Unknown,Unknown,Stable,Regular,,,,False
2121,2024-09-07,27,337,47.83,False,Festival,Weather,Stable,Premium,,,,False
6542,2024-05-18,32,150,79.79,False,Festival,Weather,Increasing,Budget,,,,False
2715,2024-02-12,34,122,53.72,False,Unknown,Unknown,Increasing,Budget,,,,False
8937,2024-06-05,33,432,75.86,False,Unknown,Economic Indicator,Increasing,Premium,,,,False
8534,2024-04-17,65,330,37.21,False,Holiday,Economic Indicator,Stable,Regular,,,,False
5302,2024-05-01,42,194,40.53,False,Unknown,Economic Indicator,Decreasing,Premium,,,,False
3580,2024-06-14,94,361,74.73,True,Festival,Economic Indicator,Decreasing,Budget,,,,False
9325,2024-08-07,14,376,62.87,False,Holiday,Unknown,Decreasing,Regular,,,,False
8683,2024-11-26,97,77,33.99,True,Unknown,Competitor Pricing,Increasing,Budget,,,,False
3403,2024-12-21,74,111,58.9,False,Festival,Unknown,Decreasing,Regular,,,,False
2283,2024-09-08,6,388,12.7,True,Unknown,Weather,Stable,Premium,,,,False
7134,2024-06-04,70,212,24.95,False,Unknown,Weather,Increasing,Budget,,,,False
9209,2024-02-04,32,325,58.36,True,Holiday,Weather,Decreasing,Budget,,,,False
8864,2024-01-16,98,324,81.12,False,Unknown,Weather,Decreasing,Premium,,,,False
2432,2024-07-24,28,285,68.49,False,Unknown,Economic Indicator,Decreasing,Regular,,,,False
1451,2024-04-14,38,63,44.37,True,Festival,Economic Indicator,Stable,Regular,,,,False
2700,2024-04-24,49,202,28.21,True,Festival,Economic Indicator,Increasing,Regular,,,,False
2162,2024-05-11,71,289,51.87,False,Holiday,Weather,Decreasing,Regular,,,,False
9298,2024-12-22,79,199,48.41,True,Unknown,Economic Indicator,Stable,Regular,,,,False
6485,2024-08-06,15,130,36.22,True,Unknown,Competitor Pricing,Decreasing,Premium,,,,False
2256,2024-09-08,77,450,31.59,False,Holiday,Economic Indicator,Increasing,Budget,,,,False
9073,2024-12-20,24,247,30.53,False,Festival,Competitor Pricing,Decreasing,Budget,,,,False
9454,2024-05-21,91,338,9.43,False,Festival,Unknown,Decreasing,Regular,,,,False
6015,2024-11-25,40,146,83.74,False,Unknown,Unknown,Decreasing,Budget,,,,False
5783,2024-03-09,30,140,46.74,True,Festival,Competitor Pricing,Increasing,Regular,,,,False
9258,2024-11-12,68,114,82.81,False,Holiday,Unknown,Decreasing,Budget,,,,False
2981,2024-11-09,12,364,14.95,True,Festival,Unknown,Increasing,Premium,,,,False
2747,2024-03-12,52,192,61.19,False,Festival,Economic Indicator,Stable,Regular,,,,False
7976,2024-05-28,77,496,8.32,False,Unknown,Economic Indicator,Increasing,Budget,,,,False
3113,2024-02-09,27,140,20.63,True,Festival,Economic Indicator,Increasing,Premium,,,,False
6565,2024-06-21,4,423,74.9,True,Holiday,Weather,Increasing,Budget,,,,False
1144,2024-12-28,33,156,88.19,False,Holiday,Economic Indicator,Stable,Budget,,,,False
5321,2024-07-27,85,490,33.59,True,Unknown,Weather,Decreasing,Budget,,,,False
8341,2024-08-11,67,337,86.43,False,Unknown,Economic Indicator,Stable,Budget,,,,False
8410,2024-12-20,34,23,25.52,True,Unknown,Economic Indicator,Increasing,Premium,,,,False
7707,2024-03-27,96,354,17.34,False,Festival,Unknown,Increasing,Premium,,,,False
4555,2024-04-18,49,255,70.4,True,Holiday,Unknown,Decreasing,Regular,,,,False
7094,2024-05-08,19,304,88.06,False,Holiday,Unknown,Increasing,Budget,,,,False
4692,2024-02-05,25,182,95.78,True,Holiday,Unknown,Decreasing,Regular,,,,False
9211,2024-07-26,58,248,78.67,True,Unknown,Unknown,Decreasing,Budget,,,,False
7539,2024-05-13,66,274,87.63,True,Holiday,Weather,Stable,Regular,,,,False
9273,2024-05-30,13,53,82.07,True,Unknown,Unknown,Increasing,Budget,,,,False
7237,2024-10-07,13,77,66.03,False,Holiday,Unknown,Increasing,Regular,,,,False
1807,2024-07-22,34,9,63.44,False,Holiday,Weather,Increasing,Budget,,,,False
3065,2024-07-21,27,19,58.11,True,Festival,Unknown,Decreasing,Budget,,,,False
5259,2024-05-25,23,89,52.49,False,Festival,Competitor Pricing,Increasing,Regular,,,,False
9867,2024-10-17,68,190,31.75,True,Festival,Unknown,Stable,Premium,,,,False
5969,2024-06-13,7,431,89.76,True,Unknown,Economic Indicator,Stable,Budget,,,,False
2349,2024-08-03,59,79,85.7,False,Unknown,Economic Indicator,Stable,Regular,,,,False
8272,2024-09-01,42,453,30.61,False,Festival,Economic Indicator,Increasing,Premium,,,,False
3095,2024-09-19,10,177,16.82,False,Festival,Economic Indicator,Stable,Premium,,,,False
6629,2024-06-23,96,242,54.7,True,Unknown,Economic Indicator,Increasing,Budget,,,,False
7589,2024-04-22,93,400,45.54,False,Holiday,Unknown,Increasing,Regular,,,,False
5967,2024-06-10,61,205,18.72,False,Unknown,Economic Indicator,Decreasing,Premium,,,,False
4851,2024-09-17,94,386,63.57,False,Holiday,Competitor Pricing,Increasing,Regular,,,,False
3062,2024-05-22,62,194,88.47,True,Holiday,Weather,Decreasing,Budget,,,,False
8295,2024-09-01,95,53,15.24,False,Holiday,Competitor Pricing,Stable,Premium,,,,False
1797,2024-02-23,18,166,98.2,True,Unknown,Competitor Pricing,Stable,Budget,,,,False
8758,2024-12-18,64,282,93.0,False,Festival,Weather,Decreasing,Budget,,,,False
9120,2024-01-13,86,384,76.94,True,Unknown,Weather,Decreasing,Regular,,,,False
3662,2024-01-01,82,468,62.24,True,Festival,Weather,Stable,Premium,,,,False
6941,2024-11-27,93,345,9.02,True,Unknown,Unknown,Stable,Budget,,,,False
4955,2024-03-07,49,472,29.63,True,Unknown,Unknown,Increasing,Budget,,,,False
2167,2024-05-21,56,379,42.97,True,Festival,Competitor Pricing,Increasing,Premium,,,,False
8062,2024-10-21,34,18,79.31,True,Holiday,Competitor Pricing,Decreasing,Budget,,,,False
6241,2024-02-23,53,243,77.93,False,Festival,Weather,Stable,Premium,,,,False
8932,2024-11-09,66,61,38.1,False,Festival,Competitor Pricing,Decreasing,Budget,,,,False
2501,2024-08-11,62,250,72.42,False,Holiday,Weather,Stable,Regular,,,,False
8222,2024-05-02,29,437,76.64,True,Holiday,Economic Indicator,Decreasing,Budget,,,,False
6283,2024-10-16,34,356,80.04,True,Festival,Economic Indicator,Increasing,Regular,,,,False
1297,2024-07-31,97,165,85.38,True,Unknown,Weather,Decreasing,Regular,,,,False
5378,2024-05-25,59,355,23.47,False,Unknown,Competitor Pricing,Increasing,Budget,,,,False
6946,2024-11-29,19,181,89.69,True,Unknown,Weather,Decreasing,Budget,,,,False
1073,2024-06-23,35,325,32.75,True,Holiday,Competitor Pricing,Increasing,Regular,,,,False
1492,2024-09-09,85,488,25.74,True,Festival,Competitor Pricing,Increasing,Budget,,,,False
3886,2024-07-24,49,283,45.34,False,Festival,Competitor Pricing,Decreasing,Premium,,,,False
9259,2024-09-13,59,474,14.19,True,Festival,Weather,Stable,Budget,,,,False
1481,2024-10-29,61,462,81.34,True,Festival,Unknown,Stable,Regular,,,,False
8728,2024-11-20,34,372,7.6,False,Unknown,Competitor Pricing,Increasing,Regular,,,,False
8805,2024-06-15,71,447,33.04,False,Holiday,Unknown,Stable,Regular,,,,False
6243,2024-05-11,27,228,32.66,True,Unknown,Unknown,Increasing,Budget,,,,False
1253,2024-07-14,52,490,53.38,False,Holiday,Competitor Pricing,Increasing,Premium,,,,False
8193,2024-12-12,82,17,21.69,True,Holiday,Weather,Increasing,Budget,,,,False
3481,2024-02-14,35,380,98.42,False,Festival,Competitor Pricing,Increasing,Premium,,,,False
3601,2024-03-04,72,185,62.71,True,Unknown,Weather,Decreasing,Regular,,,,False
1014,2024-12-23,65,482,61.1,False,Festival,Weather,Stable,Regular,,,,False
3321,2024-03-17,7,334,88.79,False,Festival,Economic Indicator,Increasing,Premium,,,,False
4863,2024-02-26,43,215,49.66,False,Festival,Economic Indicator,Increasing,Regular,,,,False
4147,2024-02-07,87,283,71.59,False,Festival,Weather,Stable,Regular,,,,False
7218,2024-11-29,5,158,40.72,False,Unknown,Unknown,Stable,Regular,,,,False
9389,2024-05-01,40,52,84.18,False,Unknown,Unknown,Increasing,Premium,,,,False
7685,2024-01-27,77,163,29.47,True,Festival,Competitor Pricing,Increasing,Regular,,,,False
1293,2024-11-06,32,174,33.42,True,Festival,Weather,Decreasing,Budget,,,,False
1862,2024-06-19,23,152,6.38,True,Unknown,Unknown,Decreasing,Regular,,,,False
7716,2024-11-12,2,54,71.87,False,Holiday,Unknown,Decreasing,Regular,,,,False
8739,2024-09-24,96,403,68.75,True,Holiday,Competitor Pricing,Stable,Budget,,,,False
5991,2024-11-05,64,459,73.31,False,Holiday,Weather,Decreasing,Regular,,,,False
3137,2024-10-23,26,459,8.27,False,Unknown,Weather,Decreasing,Premium,,,,False
3817,2024-07-09,63,416,10.4,True,Unknown,Unknown,Increasing,Premium,,,,False
8167,2024-10-01,58,466,79.73,True,Festival,Weather,Increasing,Premium,,,,False
9687,2024-06-26,47,456,72.63,True,Holiday,Unknown,Increasing,Premium,,,,False
8222,2024-05-25,16,402,50.72,True,Unknown,Competitor Pricing,Stable,Budget,,,,False
8949,2024-02-20,81,19,81.73,True,Holiday,Weather,Stable,Budget,,,,False
7070,2024-02-29,51,7,38.07,False,Holiday,Economic Indicator,Decreasing,Premium,,,,False
2407,2024-03-02,94,296,62.82,True,Festival,Weather,Decreasing,Premium,,,,False
5795,2024-09-21,94,481,43.54,False,Holiday,Unknown,Increasing,Regular,,,,False
3640,2024-10-22,67,268,59.21,False,Festival,Competitor Pricing,Decreasing,Budget,,,,False
9864,2024-05-17,87,458,13.75,True,Festival,Weather,Stable,Regular,,,,False
6524,2024-12-05,93,497,27.56,True,Unknown,Economic Indicator,Stable,Regular,,,,False
5153,2024-03-05,13,20,65.06,False,Holiday,Economic Indicator,Stable,Regular,,,,False
3067,2024-12-21,50,252,47.76,True,Holiday,Weather,Stable,Budget,,,,False
1493,2024-11-02,23,130,56.56,True,Festival,Competitor Pricing,Increasing,Premium,,,,False
6547,2024-08-13,63,403,92.24,False,Unknown,Unknown,Stable,Budget,,,,False
9846,2024-06-10,75,417,19.38,True,Holiday,Weather,Increasing,Premium,,,,False
7871,2024-03-19,64,463,51.43,True,Holiday,Economic Indicator,Increasing,Budget,,,,False
9869,2024-09-10,90,69,42.89,False,Holiday,Economic Indicator,Decreasing,Regular,,,,False
5972,2024-08-24,36,454,45.84,False,Holiday,Unknown,Increasing,Premium,96.13,75.01,0.51,True
4424,2024-05-04,10,339,13.94,False,Festival,Unknown,Decreasing,Premium,,,,False
2145,2024-09-22,12,461,61.58,False,Unknown,Economic Indicator,Increasing,Regular,,,,False
1734,2024-04-05,86,420,88.47,False,Festival,Competitor Pricing,Decreasing,Premium,,,,False
2353,2024-10-21,40,148,91.97,True,Festival,Weather,Stable,Regular,,,,False
9571,2024-11-01,76,420,48.3,True,Holiday,Weather,Stable,Regular,,,,False
5197,2024-12-22,44,318,74.81,False,Unknown,Economic Indicator,Increasing,Premium,,,,False
6177,2024-05-28,73,232,98.45,False,Holiday,Economic Indicator,Increasing,Budget,,,,False
1611,2024-11-26,98,11,13.19,True,Festival,Economic Indicator,Stable,Budget,,,,False
4643,2024-03-23,50,413,73.96,True,Festival,Weather,Stable,Regular,,,,False
2231,2024-06-28,70,42,62.03,True,Festival,Competitor Pricing,Increasing,Budget,,,,False
1256,2024-08-21,83,368,41.75,False,Unknown,Economic Indicator,Increasing,Budget,,,,False
2989,2024-11-20,99,165,47.43,False,Festival,Economic Indicator,Increasing,Budget,,,,False
4366,2024-09-15,70,427,55.08,True,Festival,Economic Indicator,Decreasing,Budget,,,,False
6951,2024-06-08,67,35,76.55,False,Unknown,Competitor Pricing,Increasing,Premium,,,,False
4780,2024-07-17,91,227,50.71,True,Festival,Weather,Stable,Budget,,,,False
8875,2024-01-01,90,117,43.28,True,Festival,Weather,Decreasing,Budget,,,,False
5582,2024-06-04,11,62,44.78,True,Holiday,Weather,Decreasing,Budget,,,,False
8194,2024-08-27,11,422,58.17,True,Holiday,Competitor Pricing,Increasing,Budget,,,,False
6375,2024-02-12,55,408,68.55,False,Unknown,Weather,Stable,Regular,,,,False
7063,2024-06-16,77,154,53.85,False,Holiday,Competitor Pricing,Decreasing,Regular,,,,False
6453,2024-09-02,31,449,11.47,False,Holiday,Unknown,Increasing,Budget,,,,False
9501,2024-07-26,83,28,43.45,False,Festival,Competitor Pricing,Decreasing,Premium,,,,False
8598,2024-10-31,26,13,58.68,False,Unknown,Unknown,Decreasing,Premium,,,,False
2651,2024-01-05,24,434,26.69,True,Festival,Unknown,Decreasing,Regular,,,,False
8917,2024-04-11,84,269,69.89,False,Unknown,Weather,Decreasing,Budget,,,,False
6125,2024-08-17,33,68,60.59,False,Festival,Weather,Stable,Premium,,,,False
4274,2024-11-23,41,242,28.69,True,Holiday,Weather,Increasing,Premium,,,,False
4648,2024-11-11,45,478,81.04,True,Festival,Economic Indicator,Increasing,Premium,,,,False
2658,2024-03-12,97,331,64.04,False,Unknown,Competitor Pricing,Increasing,Regular,,,,False
6599,2024-02-06,96,235,71.76,False,Festival,Unknown,Decreasing,Regular,,,,False
4923,2024-11-25,51,341,15.18,False,Holiday,Weather,Stable,Regular,,,,False
3812,2024-08-30,79,434,66.06,False,Holiday,Economic Indicator,Increasing,Premium,,,,False
9894,2024-11-06,5,281,19.81,False,Unknown,Economic Indicator,Increasing,Budget,,,,False
7997,2024-08-01,55,113,62.5,True,Unknown,Economic Indicator,Stable,Premium,,,,False
9636,2024-06-17,6,363,9.85,False,Unknown,Competitor Pricing,Decreasing,Budget,,,,False
6599,2024-02-24,9,180,29.02,True,Festival,Weather,Increasing,Premium,,,,False
1736,2024-09-25,74,493,23.05,True,Unknown,Unknown,Increasing,Premium,,,,False
2469,2024-08-11,47,41,22.37,False,Unknown,Economic Indicator,Increasing,Budget,,,,False
9432,2024-09-13,20,212,24.23,True,Holiday,Economic Indicator,Decreasing,Regular,,,,False
9094,2024-09-18,48,284,46.68,False,Holiday,Weather,Decreasing,Regular,,,,False
9072,2024-12-11,49,455,37.45,True,Festival,Competitor Pricing,Stable,Regular,,,,False
6053,2024-11-19,43,64,98.36,True,Festival,Economic Indicator,Stable,Premium,,,,False
6676,2024-12-09,69,313,98.43,True,Holiday,Competitor Pricing,Decreasing,Budget,,,,False
7545,2024-02-01,25,175,67.76,False,Holiday,Competitor Pricing,Stable,Regular,,,,False
5925,2024-03-07,52,467,95.52,True,Unknown,Economic Indicator,Stable,Premium,,,,False
6170,2024-12-01,7,424,80.23,True,Unknown,Unknown,Stable,Budget,,,,False
6396,2024-05-07,77,462,11.67,True,Holiday,Competitor Pricing,Increasing,Premium,,,,False
3738,2024-07-23,61,384,58.47,False,Unknown,Economic Indicator,Increasing,Budget,,,,False
7163,2024-03-25,77,228,52.24,False,Holiday,Competitor Pricing,Decreasing,Premium,,,,False
4195,2024-04-02,16,80,96.48,False,Holiday,Economic Indicator,Decreasing,Budget,,,,False
1843,2024-10-17,93,94,70.87,False,Unknown,Economic Indicator,Stable,Budget,,,,False
7297,2024-04-08,23,243,21.63,True,Holiday,Competitor Pricing,Increasing,Premium,,,,False
3883,2024-06-03,72,296,69.57,False,Unknown,Competitor Pricing,Increasing,Budget,,,,False
8137,2024-06-08,13,450,59.0,True,Festival,Competitor Pricing,Stable,Budget,,,,False
4555,2024-04-30,64,402,46.8,False,Unknown,Competitor Pricing,Stable,Budget,,,,False
4293,2024-07-07,1,203,58.04,False,Holiday,Economic Indicator,Increasing,Budget,,,,False
2198,2024-12-24,64,233,93.33,False,Holiday,Weather,Decreasing,Regular,,,,False
3535,2024-04-16,92,155,53.84,True,Unknown,Weather,Increasing,Premium,,,,False
6936,2024-10-12,57,7,30.44,False,Unknown,Weather,Decreasing,Budget,21.92,39.23,1.23,True
1665,2024-03-02,46,415,62.56,False,Holiday,Unknown,Increasing,Regular,,,,False
7133,2024-12-06,13,172,60.35,True,Holiday,Weather,Decreasing,Premium,,,,False
7380,2024-02-24,53,60,58.85,True,Festival,Economic Indicator,Increasing,Budget,,,,False
7869,2024-09-08,93,1,54.37,True,Festival,Economic Indicator,Stable,Regular,,,,False
1468,2024-06-01,16,184,5.97,False,Unknown,Weather,Stable,Budget,,,,False
6169,2024-02-20,66,422,71.53,False,Unknown,Unknown,Decreasing,Regular,,,,False
8348,2024-06-09,27,299,16.46,True,Unknown,Economic Indicator,Stable,Budget,,,,False
3035,2024-10-06,27,281,89.06,False,Unknown,Weather,Stable,Regular,,,,False
9325,2024-06-17,17,357,98.91,False,Holiday,Weather,Decreasing,Budget,,,,False
3059,2024-01-22,30,465,27.06,True,Unknown,Weather,Decreasing,Premium,,,,False
6314,2024-03-25,7,12,35.24,True,Festival,Unknown,Decreasing,Regular,,,,False
3834,2024-09-07,55,241,15.2,True,Holiday,Unknown,Increasing,Budget,,,,False
5848,2024-04-09,62,292,55.82,False,Holiday,Economic Indicator,Decreasing,Premium,,,,False
1774,2024-05-04,99,465,96.82,True,Festival,Economic Indicator,Increasing,Budget,,,,False
1960,2024-07-25,7,76,38.66,False,Holiday,Economic Indicator,Increasing,Regular,,,,False
3848,2024-01-08,2,475,7.89,True,Holiday,Economic Indicator,Stable,Premium,,,,False
9476,2024-08-08,85,217,89.07,True,Holiday,Economic Indicator,Increasing,Regular,,,,False
9188,2024-09-17,42,327,59.06,True,Holiday,Unknown,Stable,Budget,,,,False
4687,2024-06-29,35,327,61.87,False,Holiday,Unknown,Increasing,Premium,,,,False
1876,2024-05-30,12,281,66.53,True,Unknown,Unknown,Increasing,Premium,,,,False
7126,2024-11-25,50,106,26.98,False,Festival,Economic Indicator,Increasing,Budget,,,,False
4539,2024-04-17,66,150,50.93,True,Festival,Weather,Increasing,Premium,,,,False
1517,2024-11-17,70,251,77.06,True,Holiday,Competitor Pricing,Increasing,Budget,,,,False
5862,2024-11-04,45,471,93.65,True,Unknown,Economic Indicator,Increasing,Regular,,,,False
9044,2024-07-22,13,421,32.47,True,Holiday,Weather,Stable,Regular,,,,False
9366,2024-03-16,74,400,92.29,True,Festival,Economic Indicator,Stable,Premium,,,,False
9862,2024-01-16,45,12,33.33,False,Festival,Weather,Stable,Premium,,,,False
5582,2024-03-12,28,20,49.98,True,Festival,Unknown,Increasing,Regular,,,,False
1185,2024-03-17,27,135,79.56,False,Unknown,Competitor Pricing,Decreasing,Budget,,,,False
8466,2024-08-11,6,486,61.29,True,Holiday,Economic Indicator,Stable,Regular,,,,False
4343,2024-01-08,24,149,78.2,True,Holiday,Unknown,Decreasing,Premium,,,,False
9145,2024-03-24,34,346,52.64,True,Unknown,Weather,Decreasing,Budget,,,,False
4094,2024-05-02,38,453,68.39,True,Holiday,Weather,Increasing,Premium,,,,False
5097,2024-04-30,5,339,84.12,False,Holiday,Weather,Stable,Regular,,,,False
9685,2024-05-20,34,376,82.99,False,Unknown,Competitor Pricing,Stable,Regular,,,,False
1572,2024-07-13,6,336,44.03,False,Unknown,Economic Indicator,Increasing,Budget,,,,False
4782,2024-08-29,94,74,51.49,False,Holiday,Unknown,Increasing,Budget,,,,False
1987,2024-05-25,27,74,19.17,False,Holiday,Weather,Stable,Premium,,,,False
3430,2024-02-01,17,17,61.61,False,Festival,Competitor Pricing,Increasing,Premium,,,,False
3212,2024-04-02,83,419,19.55,True,Unknown,Economic Indicator,Decreasing,Premium,,,,False
1075,2024-10-13,36,145,22.26,False,Holiday,Unknown,Stable,Budget,,,,False
5839,2024-11-15,72,416,84.94,True,Festival,Economic Indicator,Increasing,Premium,,,,False
7407,2024-01-28,67,215,32.14,True,Unknown,Competitor Pricing,Stable,Budget,,,,False
1072,2024-03-12,10,298,20.08,True,Unknown,Weather,Decreasing,Premium,,,,False
9694,2024-08-10,54,281,87.9,False,Unknown,Unknown,Stable,Budget,,,,False
5017,2024-01-05,32,422,88.56,True,Unknown,Economic Indicator,Decreasing,Premium,,,,False
9955,2024-12-23,30,459,71.06,False,Holiday,Competitor Pricing,Decreasing,Budget,,,,False
2425,2024-05-15,58,139,29.98,False,Holiday,Economic Indicator,Decreasing,Premium,,,,False
5039,2024-01-06,72,256,34.32,True,Unknown,Weather,Stable,Premium,,,,False
3263,2024-12-20,67,221,10.26,True,Holiday,Weather,Increasing,Premium,,,,False
4278,2024-01-24,47,405,43.62,False,Holiday,Unknown,Stable,Budget,,,,False
8607,2024-03-27,77,188,82.7,False,Festival,Unknown,Decreasing,Budget,,,,False
1523,2024-11-21,26,86,9.27,False,Holiday,Weather,Decreasing,Regular,,,,False
7470,2024-07-01,56,131,52.66,True,Festival,Economic Indicator,Stable,Budget,,,,False
7504,2024-09-16,49,169,88.13,False,Unknown,Economic Indicator,Stable,Budget,,,,False
3746,2024-06-24,41,58,68.21,True,Holiday,Weather,Stable,Premium,,,,False
5319,2024-12-15,16,436,91.29,True,Unknown,Unknown,Increasing,Budget,,,,False
3354,2024-12-23,7,118,25.87,True,Festival,Economic Indicator,Stable,Budget,,,,False
7152,2024-08-06,46,353,48.95,False,Festival,Economic Indicator,Increasing,Budget,,,,False
6932,2024-07-13,96,329,59.32,False,Holiday,Unknown,Decreasing,Premium,,,,False
1456,2024-05-05,68,140,65.47,True,Festival,Economic Indicator,Decreasing,Budget,,,,False
3025,2024-01-31,52,481,19.19,False,Festival,Weather,Stable,Regular,,,,False
1566,2024-09-03,32,192,76.97,False,Festival,Weather,Stable,Budget,,,,False
1453,2024-01-15,68,234,45.11,False,Unknown,Competitor Pricing,Increasing,Budget,,,,False
7198,2024-05-05,35,231,19.34,True,Holiday,Weather,Stable,Budget,,,,False
8799,2024-12-13,84,294,61.72,False,Unknown,Competitor Pricing,Increasing,Premium,,,,False
1289,2024-01-25,72,105,84.75,True,Festival,Competitor Pricing,Increasing,Premium,,,,False
7886,2024-04-05,50,462,21.61,False,Holiday,Weather,Decreasing,Budget,,,,False
2257,2024-05-29,43,301,5.81,True,Holiday,Competitor Pricing,Stable,Premium,,,,False
6060,2024-06-16,63,203,83.31,True,Festival,Economic Indicator,Increasing,Regular,,,,False
1509,2024-01-30,35,152,33.7,False,Festival,Economic Indicator,Stable,Budget,,,,False
4830,2024-01-21,7,164,78.43,False,Unknown,Unknown,Increasing,Regular,,,,False
5943,2024-04-28,36,126,44.01,False,Holiday,Weather,Increasing,Budget,,,,False
7960,2024-05-17,7,278,47.97,False,Unknown,Economic Indicator,Increasing,Budget,,,,False
6107,2024-09-25,52,176,33.36,False,Holiday,Unknown,Stable,Budget,,,,False
9746,2024-03-29,75,413,99.38,False,Unknown,Competitor Pricing,Stable,Premium,,,,False
7561,2024-07-23,50,276,99.64,False,Unknown,Economic Indicator,Increasing,Premium,,,,False
1155,2024-05-11,75,473,37.14,False,Holiday,Economic Indicator,Decreasing,Premium,,,,False
1133,2024-04-15,84,47,8.38,False,Festival,Economic Indicator,Increasing,Budget,,,,False
7266,2024-12-01,1,452,5.19,False,Festival,Unknown,Increasing,Budget,,,,False
2984,2024-10-08,47,179,74.18,True,Festival,Weather,Increasing,Regular,,,,False
7278,2024-05-14,20,451,45.02,True,Unknown,Competitor Pricing,Increasing,Premium,,,,False
4025,2024-10-12,65,173,58.51,False,Unknown,Weather,Decreasing,Regular,,,,False
2498,2024-01-14,11,82,81.4,True,Holiday,Unknown,Stable,Regular,,,,False
8437,2024-08-18,18,420,47.42,False,Unknown,Economic Indicator,Stable,Premium,,,,False
2666,2024-10-03,5,97,33.25,False,Unknown,Competitor Pricing,Stable,Regular,,,,False
8213,2024-04-13,25,272,29.69,False,Festival,Unknown,Decreasing,Regular,,,,False
3798,2024-02-18,10,424,9.39,True,Holiday,Weather,Stable,Regular,,,,False
7435,2024-02-01,73,288,65.78,True,Holiday,Unknown,Increasing,Budget,,,,False
3680,2024-03-20,50,325,74.87,True,Holiday,Weather,Increasing,Premium,,,,False
1201,2024-04-14,32,11,70.28,False,Festival,Unknown,Increasing,Regular,,,,False
2148,2024-01-20,57,155,36.61,False,Unknown,Weather,Stable,Regular,,,,False
4531,2024-02-07,89,147,85.84,False,Holiday,Weather,Increasing,Premium,,,,False
1321,2024-06-16,21,350,18.69,True,Unknown,Unknown,Decreasing,Premium,,,,False
1063,2024-06-15,49,411,38.39,True,Unknown,Competitor Pricing,Stable,Regular,,,,False
5460,2024-11-02,10,427,11.52,True,Holiday,Competitor Pricing,Increasing,Regular,,,,False
1199,2024-12-15,26,238,80.39,True,Holiday,Weather,Stable,Premium,,,,False
9741,2024-05-27,12,486,6.48,False,Festival,Weather,Increasing,Regular,,,,False
6563,2024-07-24,37,185,72.65,False,Festival,Unknown,Increasing,Premium,13.01,53.67,1.54,True
9740,2024-03-12,95,126,83.67,False,Festival,Unknown,Increasing,Budget,,,,False
9379,2024-07-15,3,446,52.05,False,Festival,Competitor Pricing,Decreasing,Budget,,,,False
1684,2024-02-15,97,275,9.22,False,Holiday,Economic Indicator,Stable,Regular,,,,False
9448,2024-01-17,91,495,98.31,False,Holiday,Unknown,Decreasing,Premium,,,,False
9180,2024-01-21,97,385,87.26,True,Unknown,Weather,Stable,Regular,,,,False
5107,2024-02-06,76,119,28.64,False,Holiday,Economic Indicator,Stable,Budget,,,,False
1368,2024-08-30,4,168,37.54,True,Unknown,Economic Indicator,Increasing,Premium,,,,False
4121,2024-12-29,18,145,77.58,True,Unknown,Competitor Pricing,Increasing,Regular,,,,False
9765,2024-03-17,16,74,66.92,True,Holiday,Weather,Increasing,Premium,,,,False
1592,2024-08-17,16,53,56.4,False,Holiday,Economic Indicator,Increasing,Regular,,,,False
7371,2024-04-24,42,295,22.27,True,Unknown,Unknown,Decreasing,Regular,,,,False
3092,2024-09-14,16,495,20.22,False,Holiday,Competitor Pricing,Decreasing,Premium,,,,False
5423,2024-05-30,73,241,26.76,False,Festival,Weather,Increasing,Budget,,,,False
2759,2024-11-15,81,10,70.58,False,Festival,Weather,Decreasing,Premium,,,,False
2812,2024-12-12,32,126,31.31,True,Unknown,Unknown,Increasing,Regular,,,,False
7529,2024-07-23,40,85,61.69,False,Unknown,Competitor Pricing,Stable,Premium,,,,False
2790,2024-03-10,28,484,95.83,False,Festival,Competitor Pricing,Increasing,Budget,,,,False
7247,2024-12-04,63,467,33.95,False,Unknown,Unknown,Decreasing,Premium,,,,False
7515,2024-04-02,35,194,51.22,False,Festival,Weather,Stable,Budget,,,,False
7336,2024-02-08,33,316,19.98,True,Festival,Economic Indicator,Stable,Premium,,,,False
3876,2024-10-12,21,195,34.86,False,Festival,Unknown,Decreasing,Regular,,,,False
7594,2024-05-26,50,278,14.95,True,Unknown,Competitor Pricing,Decreasing,Premium,,,,False
4183,2024-06-02,83,405,33.13,False,Holiday,Economic Indicator,Stable,Budget,,,,False
8224,2024-09-17,6,411,64.09,True,Festival,Economic Indicator,Increasing,Premium,,,,False
9324,2024-12-11,61,102,94.28,True,Unknown,Unknown,Increasing,Regular,,,,False
2754,2024-04-05,25,128,53.12,True,Unknown,Economic Indicator,Stable,Premium,,,,False
2344,2024-01-08,43,328,55.27,True,Festival,Weather,Decreasing,Budget,,,,False
4623,2024-04-05,49,86,86.11,False,Holiday,Unknown,Increasing,Regular,,,,False
8742,2024-02-18,9,471,10.99,True,Festival,Competitor Pricing,Decreasing,Regular,,,,False
1385,2024-05-07,48,396,15.57,False,Holiday,Weather,Increasing,Budget,,,,False
6054,2024-08-06,39,113,31.11,False,Festival,Unknown,Increasing,Premium,,,,False
4185,2024-10-22,39,51,63.73,True,Festival,Unknown,Decreasing,Regular,,,,False
8641,2024-06-14,28,265,55.91,True,Unknown,Weather,Increasing,Premium,,,,False
3272,2024-07-04,18,347,86.52,True,Festival,Competitor Pricing,Increasing,Budget,,,,False
7014,2024-09-16,15,255,48.61,False,Festival,Economic Indicator,Stable,Regular,,,,False
1235,2024-02-25,79,409,12.75,True,Festival,Weather,Decreasing,Regular,,,,False
7577,2024-03-04,23,415,49.52,True,Holiday,Competitor Pricing,Stable,Premium,70.17,38.55,1.82,True
3922,2024-03-20,50,36,78.2,False,Festival,Economic Indicator,Increasing,Budget,,,,False
5637,2024-12-12,48,238,95.21,False,Unknown,Unknown,Decreasing,Budget,,,,False
4208,2024-01-03,91,212,16.15,True,Unknown,Weather,Stable,Budget,,,,False
9451,2024-02-14,24,126,44.87,False,Holiday,Competitor Pricing,Increasing,Premium,,,,False
1484,2024-04-15,81,279,62.08,False,Holiday,Weather,Increasing,Budget,,,,False
2745,2024-09-12,36,270,22.76,True,Unknown,Unknown,Stable,Premium,,,,False
7052,2024-06-25,53,92,74.87,False,Holiday,Weather,Decreasing,Regular,,,,False
2196,2024-05-14,99,33,25.23,False,Unknown,Weather,Increasing,Budget,,,,False
6548,2024-07-09,84,444,67.4,True,Holiday,Economic Indicator,Increasing,Premium,,,,False
9146,2024-03-16,14,206,19.55,False,Festival,Competitor Pricing,Stable,Regular,,,,False
9739,2024-10-02,16,343,47.23,False,Unknown,Economic Indicator,Increasing,Budget,,,,False
3205,2024-03-22,66,36,43.27,False,Festival,Competitor Pricing,Increasing,Budget,,,,False
1209,2024-10-29,36,127,48.69,False,Holiday,Unknown,Stable,Budget,,,,False
9279,2024-05-16,15,94,89.01,False,Festival,Economic Indicator,Decreasing,Budget,,,,False
5464,2024-02-26,91,487,34.27,False,Festival,Weather,Increasing,Regular,,,,False
3674,2024-09-17,3,350,48.05,False,Festival,Competitor Pricing,Decreasing,Budget,,,,False
8837,2024-01-28,12,458,72.94,False,Holiday,Unknown,Decreasing,Regular,,,,False
6510,2024-08-24,13,200,79.81,False,Festival,Unknown,Decreasing,Premium,,,,False
6282,2024-09-30,89,280,29.21,True,Holiday,Competitor Pricing,Increasing,Regular,,,,False
4509,2024-10-13,2,43,42.17,True,Holiday,Weather,Decreasing,Budget,,,,False
7809,2024-08-06,16,3,30.11,False,Holiday,Unknown,Increasing,Budget,,,,False
7769,2024-08-13,22,462,45.71,False,Unknown,Economic Indicator,Increasing,Regular,,,,False
4229,2024-08-26,54,352,56.05,True,Unknown,Weather,Increasing,Budget,,,,False
5073,2024-02-21,98,343,28.85,False,Unknown,Weather,Decreasing,Budget,,,,False
9664,2024-05-10,36,304,50.83,False,Holiday,Competitor Pricing,Stable,Regular,,,,False
5076,2024-06-06,90,23,34.86,False,Holiday,Competitor Pricing,Increasing,Regular,,,,False
1248,2024-12-02,62,151,5.3,False,Festival,Economic Indicator,Increasing,Premium,,,,False
7970,2024-05-16,67,45,38.87,True,Unknown,Unknown,Increasing,Premium,,,,False
8688,2024-01-14,50,300,77.75,False,Unknown,Competitor Pricing,Stable,Premium,,,,False
3139,2024-01-03,3,99,59.71,False,Festival,Competitor Pricing,Increasing,Budget,,,,False
8091,2024-03-12,17,287,93.69,False,Festival,Weather,Stable,Budget,,,,False
9577,2024-10-12,90,130,38.06,True,Holiday,Competitor Pricing,Stable,Regular,,,,False
6168,2024-08-12,48,190,85.41,False,Holiday,Weather,Increasing,Premium,,,,False
2050,2024-05-29,15,138,28.83,True,Unknown,Competitor Pricing,Stable,Premium,,,,False
9930,2024-09-12,23,15,27.64,True,Unknown,Economic Indicator,Increasing,Premium,,,,False
5930,2024-10-03,12,164,38.44,False,Festival,Competitor Pricing,Decreasing,Budget,,,,False
8251,2024-02-17,25,274,29.94,True,Festival,Competitor Pricing,Stable,Premium,,,,False
1216,2024-12-05,1,231,10.66,False,Festival,Unknown,Decreasing,Premium,,,,False
6228,2024-07-20,77,464,12.84,False,Unknown,Weather,Stable,Regular,,,,False
4067,2024-05-18,27,445,68.17,True,Unknown,Economic Indicator,Decreasing,Regular,,,,False
5860,2024-03-05,84,451,74.16,True,Unknown,Weather,Decreasing,Regular,,,,False
8604,2024-12-09,35,20,78.31,True,Unknown,Competitor Pricing,Stable,Budget,,,,False
4011,2024-09-30,70,2,27.32,False,Unknown,Economic Indicator,Stable,Regular,,,,False
4579,2024-09-05,8,182,43.69,False,Holiday,Competitor Pricing,Stable,Budget,77.68,8.34,1.8,True
9485,2024-01-30,37,353,29.95,True,Festival,Weather,Increasing,Premium,,,,False
5253,2024-10-08,17,241,89.29,False,Unknown,Weather,Decreasing,Budget,,,,False
7811,2024-08-09,59,449,60.08,False,Holiday,Economic Indicator,Increasing,Regular,,,,False
9280,2024-02-23,11,331,52.91,True,Festival,Economic Indicator,Stable,Regular,,,,False
8636,2024-12-30,93,454,83.77,True,Unknown,Weather,Stable,Regular,,,,False
8865,2024-01-28,66,54,49.19,True,Festival,Unknown,Decreasing,Budget,,,,False
6002,2024-06-01,75,257,6.11,True,Festival,Weather,Stable,Premium,,,,False
2439,2024-05-27,25,205,42.13,True,Festival,Economic Indicator,Decreasing,Premium,,,,False
3722,2024-03-03,87,347,93.48,False,Festival,Unknown,Increasing,Regular,,,,False
6146,2024-11-30,48,213,90.49,True,Holiday,Weather,Increasing,Budget,,,,False
8174,2024-11-25,99,377,28.65,True,Unknown,Economic Indicator,Decreasing,Regular,,,,False
5578,2024-01-11,79,224,71.74,False,Festival,Weather,Increasing,Regular,,,,False
9963,2024-04-04,95,70,18.72,True,Holiday,Unknown,Stable,Premium,,,,False
2141,2024-05-08,28,134,20.22,True,Holiday,Weather,Stable,Regular,,,,False
3278,2024-11-20,81,288,96.22,False,Festival,Unknown,Stable,Budget,,,,False
7901,2024-08-22,96,381,35.9,True,Unknown,Economic Indicator,Stable,Premium,,,,False
5603,2024-02-28,4,146,56.55,False,Unknown,Unknown,Decreasing,Premium,,,,False
6286,2024-04-01,83,234,8.6,False,Unknown,Competitor Pricing,Stable,Budget,,,,False
2272,2024-04-14,46,454,27.98,True,Unknown,Unknown,Stable,Budget,,,,False
8270,2024-11-18,1,73,82.27,False,Holiday,Economic Indicator,Increasing,Budget,,,,False
1352,2024-11-06,13,431,7.14,True,Unknown,Unknown,Increasing,Budget,,,,False
6468,2024-09-25,78,204,27.25,True,Festival,Unknown,Decreasing,Premium,,,,False
1977,2024-11-14,65,336,40.43,True,Unknown,Unknown,Increasing,Regular,,,,False
9104,2024-11-22,15,435,37.72,True,Festival,Unknown,Increasing,Regular,,,,False
2114,2024-10-20,67,161,62.0,False,Unknown,Weather,Stable,Regular,,,,False
8858,2024-01-23,58,10,72.87,False,Festival,Unknown,Increasing,Regular,,,,False
1709,2024-06-15,21,239,17.89,True,Festival,Economic Indicator,Increasing,Premium,,,,False
4099,2024-03-01,52,59,73.57,False,Festival,Weather,Decreasing,Budget,,,,False
3053,2024-04-03,48,73,5.79,True,Holiday,Weather,Increasing,Regular,,,,False
7265,2024-04-15,86,470,34.6,True,Unknown,Competitor Pricing,Decreasing,Budget,,,,False
7879,2024-12-21,57,258,91.11,True,Holiday,Weather,Decreasing,Budget,,,,False
7514,2024-07-23,94,132,37.97,False,Unknown,Competitor Pricing,Increasing,Regular,,,,False
3172,2024-04-30,19,190,88.25,False,Festival,Competitor Pricing,Decreasing,Premium,,,,False
2977,2024-08-31,54,20,94.37,True,Holiday,Weather,Stable,Budget,,,,False
7425,2024-11-16,58,270,47.62,False,Unknown,Economic Indicator,Increasing,Premium,,,,False
6841,2024-03-30,55,392,9.51,True,Holiday,Competitor Pricing,Increasing,Regular,,,,False
8224,2024-07-14,32,451,28.62,True,Unknown,Weather,Stable,Regular,,,,False
8741,2024-04-25,80,363,50.96,False,Festival,Economic Indicator,Decreasing,Premium,,,,False
9904,2024-07-17,58,493,33.2,True,Holiday,Unknown,Decreasing,Premium,,,,False
6613,2024-05-26,27,417,59.45,True,Festival,Competitor Pricing,Decreasing,Premium,,,,False
4057,2024-06-27,72,420,28.69,False,Unknown,Weather,Stable,Budget,,,,False
5517,2024-07-31,81,225,37.16,True,Unknown,Economic Indicator,Increasing,Premium,,,,False
4312,2024-09-20,65,135,13.75,False,Festival,Competitor Pricing,Increasing,Regular,,,,False
4774,2024-11-27,68,448,43.62,True,Festival,Weather,Increasing,Budget,,,,False
7183,2024-01-24,49,48,5.52,True,Festival,Weather,Stable,Premium,,,,False
7258,2024-04-03,53,325,24.42,False,Holiday,Weather,Increasing,Premium,,,,False
3354,2024-04-01,62,344,88.52,False,Festival,Economic Indicator,Decreasing,Premium,,,,False
7990,2024-09-30,64,390,59.41,True,Holiday,Competitor Pricing,Increasing,Regular,,,,False
7911,2024-09-03,8,98,35.54,True,Holiday,Economic Indicator,Decreasing,Regular,,,,False
2264,2024-08-15,45,237,15.4,False,Unknown,Weather,Increasing,Regular,,,,False
7015,2024-06-01,4,354,40.02,True,Unknown,Unknown,Increasing,Premium,,,,False
1849,2024-08-11,80,272,93.4,False,Festival,Weather,Increasing,Budget,,,,False
8204,2024-01-28,73,245,12.65,False,Unknown,Economic Indicator,Decreasing,Premium,,,,False
5300,2024-06-06,50,234,22.82,True,Holiday,Unknown,Increasing,Regular,,,,False
6171,2024-01-22,30,324,64.39,False,Holiday,Competitor Pricing,Stable,Premium,,,,False
5942,2024-08-27,37,450,98.71,False,Unknown,Weather,Stable,Premium,,,,False
3315,2024-09-19,83,197,5.89,False,Festival,Economic Indicator,Increasing,Regular,,,,False
7336,2024-05-18,87,273,10.39,False,Holiday,Unknown,Stable,Regular,,,,False
1537,2024-03-19,56,95,54.15,False,Unknown,Competitor Pricing,Increasing,Budget,,,,False
9400,2024-06-29,73,265,90.46,False,Festival,Weather,Stable,Budget,,,,False
8124,2024-09-05,66,324,51.5,False,Unknown,Competitor Pricing,Increasing,Premium,,,,False
4413,2024-01-08,99,292,33.04,True,Festival,Weather,Stable,Regular,,,,False
7783,2024-08-30,96,265,51.85,True,Festival,Competitor Pricing,Increasing,Regular,,,,False
5328,2024-07-13,24,274,55.98,False,Unknown,Economic Indicator,Stable,Budget,,,,False
5834,2024-04-08,78,350,43.23,False,Festival,Economic Indicator,Increasing,Regular,,,,False
8503,2024-08-05,4,314,50.0,True,Festival,Economic Indicator,Stable,Premium,,,,False
9747,2024-05-17,1,412,14.7,True,Unknown,Unknown,Stable,Budget,,,,False
9761,2024-03-20,67,157,28.48,False,Holiday,Competitor Pricing,Increasing,Regular,,,,False
3162,2024-10-01,5,116,53.47,False,Holiday,Unknown,Increasing,Premium,,,,False
3673,2024-11-20,64,461,6.03,False,Holiday,Unknown,Stable,Regular,,,,False
1849,2024-09-02,92,157,84.79,False,Unknown,Economic Indicator,Decreasing,Budget,,,,False
3698,2024-10-18,78,173,10.94,False,Unknown,Weather,Stable,Regular,,,,False
8445,2024-08-10,43,258,78.39,False,Unknown,Weather,Stable,Budget,,,,False
3268,2024-06-21,35,231,6.81,False,Unknown,Competitor Pricing,Increasing,Budget,,,,False
5233,2024-03-12,56,413,55.65,True,Holiday,Weather,Decreasing,Budget,,,,False
4387,2024-08-25,73,251,29.05,True,Festival,Weather,Increasing,Budget,,,,False
5416,2024-06-07,92,264,23.1,True,Unknown,Unknown,Increasing,Regular,,,,False
5683,2024-07-31,43,442,61.71,True,Unknown,Economic Indicator,Stable,Premium,,,,False
4763,2024-02-14,10,144,20.75,True,Unknown,Competitor Pricing,Stable,Premium,,,,False
4290,2024-06-02,5,114,42.25,False,Holiday,Competitor Pricing,Decreasing,Premium,,,,False
7452,2024-12-24,24,150,30.64,False,Unknown,Competitor Pricing,Increasing,Regular,,,,False
1733,2024-10-29,78,110,22.41,True,Unknown,Weather,Decreasing,Premium,,,,False
1701,2024-11-08,62,178,18.48,True,Holiday,Economic Indicator,Increasing,Premium,,,,False
6238,2024-02-10,22,136,16.39,False,Unknown,Weather,Decreasing,Premium,,,,False
7794,2024-06-07,4,303,19.47,False,Festival,Competitor Pricing,Stable,Premium,,,,False
5778,2024-01-01,25,81,80.45,False,Unknown,Weather,Stable,Budget,,,,False
8505,2024-08-18,71,162,83.23,False,Festival,Economic Indicator,Stable,Budget,,,,False
5766,2024-01-28,97,171,84.12,True,Unknown,Economic Indicator,Decreasing,Budget,,,,False
9364,2024-06-28,29,408,18.11,True,Unknown,Competitor Pricing,Increasing,Premium,,,,False
5981,2024-06-11,24,177,82.86,False,Unknown,Competitor Pricing,Increasing,Regular,,,,False
3687,2024-01-07,27,406,35.62,True,Festival,Competitor Pricing,Stable,Premium,,,,False
2297,2024-08-18,86,281,96.45,False,Unknown,Weather,Increasing,Regular,,,,False
4593,2024-06-20,13,105,83.25,True,Unknown,Economic Indicator,Stable,Regular,,,,False
8715,2024-01-11,15,103,15.4,False,Holiday,Unknown,Stable,Premium,,,,False
4739,2024-09-07,17,161,72.0,False,Holiday,Competitor Pricing,Stable,Premium,,,,False
8620,2024-08-19,40,188,68.94,False,Holiday,Weather,Increasing,Regular,,,,False
7966,2024-08-30,39,449,20.32,True,Holiday,Weather,Decreasing,Regular,,,,False
1847,2024-01-26,67,295,14.07,False,Festival,Weather,Decreasing,Regular,,,,False
3800,2024-05-01,16,12,67.07,False,Festival,Competitor Pricing,Increasing,Regular,,,,False
9947,2024-10-26,13,140,7.21,True,Festival,Economic Indicator,Stable,Regular,,,,False
2406,2024-10-24,31,246,12.27,False,Unknown,Unknown,Increasing,Budget,,,,False
7573,2024-05-16,28,326,31.42,False,Festival,Economic Indicator,Increasing,Budget,,,,False
5188,2024-01-14,60,8,69.9,False,Unknown,Weather,Stable,Regular,,,,False
5252,2024-07-29,61,393,21.94,False,Festival,Unknown,Stable,Budget,,,,False
5671,2024-04-24,20,194,7.83,False,Festival,Unknown,Stable,Premium,,,,False
3573,2024-06-02,91,57,69.34,False,Holiday,Unknown,Increasing,Regular,,,,False
1995,2024-09-14,50,424,92.6,True,Unknown,Competitor Pricing,Decreasing,Regular,,,,False
7605,2024-06-20,82,50,74.32,False,Unknown,Weather,Decreasing,Premium,,,,False
4562,2024-12-09,75,290,55.58,False,Unknown,Weather,Increasing,Regular,,,,False
8470,2024-01-10,42,489,33.66,False,Unknown,Weather,Increasing,Premium,,,,False
7603,2024-02-26,4,482,8.98,False,Holiday,Economic Indicator,Decreasing,Budget,,,,False
9360,2024-06-24,12,373,17.33,False,Festival,Economic Indicator,Decreasing,Regular,,,,False
9837,2024-09-18,48,341,55.14,False,Holiday,Unknown,Increasing,Budget,,,,False
1057,2024-05-06,80,455,79.47,False,Holiday,Competitor Pricing,Decreasing,Budget,,,,False
7707,2024-10-19,16,54,35.26,False,Holiday,Economic Indicator,Stable,Budget,,,,False
4534,2024-09-07,69,74,68.36,False,Holiday,Competitor Pricing,Increasing,Premium,,,,False
2207,2024-12-13,94,185,88.64,True,Holiday,Economic Indicator,Increasing,Regular,,,,False
3124,2024-09-29,77,329,24.38,False,Unknown,Competitor Pricing,Increasing,Premium,,,,False
2976,2024-08-10,20,344,39.08,True,Unknown,Economic Indicator,Stable,Regular,,,,False
8884,2024-08-05,1,497,23.12,False,Festival,Competitor Pricing,Increasing,Regular,,,,False
3944,2024-10-28,62,492,67.27,True,Unknown,Unknown,Increasing,Budget,,,,False
2377,2024-09-03,43,479,41.75,False,Festival,Unknown,Stable,Regular,,,,False
7670,2024-05-17,92,321,68.78,False,Holiday,Economic Indicator,Decreasing,Premium,,,,False
5057,2024-11-04,18,368,82.02,True,Festival,Unknown,Stable,Regular,,,,False
4212,2024-03-24,97,448,76.76,True,Festival,Competitor Pricing,Stable,Regular,,,,False
6178,2024-03-28,32,36,21.7,True,Festival,Competitor Pricing,Increasing,Premium,,,,False
4690,2024-08-04,58,209,21.59,False,Holiday,Unknown,Decreasing,Regular,,,,False
1089,2024-03-12,83,224,6.61,True,Holiday,Weather,Stable,Premium,,,,False
8270,2024-05-22,85,417,52.93,True,Unknown,Competitor Pricing,Decreasing,Premium,,,,False
7463,2024-07-10,86,333,80.11,False,Unknown,Economic Indicator,Stable,Premium,,,,False
6631,2024-12-20,21,88,71.93,True,Holiday,Weather,Stable,Regular,,,,False
5620,2024-01-27,70,297,43.06,True,Unknown,Weather,Stable,Regular,,,,False
6777,2024-03-21,75,450,67.32,True,Unknown,Weather,Decreasing,Budget,,,,False
5722,2024-12-02,34,31,62.18,False,Festival,Competitor Pricing,Decreasing,Regular,,,,False
5095,2024-06-22,72,210,11.47,False,Holiday,Competitor Pricing,Stable,Budget,,,,False
5763,2024-12-16,56,307,29.16,False,Festival,Weather,Stable,Premium,,,,False
3665,2024-10-18,63,144,28.02,False,Unknown,Weather,Increasing,Premium,,,,False
3745,2024-04-28,19,249,91.4,False,Festival,Competitor Pricing,Stable,Regular,,,,False
9937,2024-05-03,99,101,14.08,True,Holiday,Competitor Pricing,Increasing,Budget,,,,False
1549,2024-12-15,26,86,11.35,False,Festival,Unknown,Increasing,Regular,,,,False
7054,2024-09-12,30,319,50.97,True,Holiday,Economic Indicator,Decreasing,Regular,,,,False
4851,2024-07-28,32,137,63.32,False,Festival,Unknown,Decreasing,Premium,,,,False
8189,2024-05-20,25,122,71.55,False,Unknown,Competitor Pricing,Increasing,Budget,,,,False
9986,2024-02-18,91,489,48.86,False,Unknown,Unknown,Decreasing,Regular,,,,False
1481,2024-07-29,87,252,14.19,False,Festival,Weather,Increasing,Regular,,,,False
6581,2024-10-08,67,46,43.63,True,Unknown,Economic Indicator,Stable,Premium,,,,False
9048,2024-02-20,29,373,82.41,True,Festival,Competitor Pricing,Decreasing,Premium,,,,False
3913,2024-02-20,82,313,46.85,False,Unknown,Unknown,Stable,Regular,,,,False
5819,2024-06-15,2,265,16.27,True,Festival,Unknown,Stable,Regular,,,,False
4303,2024-01-22,28,227,39.21,False,Unknown,Weather,Increasing,Regular,,,,False
9381,2024-09-28,50,275,42.92,False,Festival,Economic Indicator,Increasing,Budget,,,,False
3305,2024-06-18,88,140,6.98,True,Holiday,Weather,Stable,Regular,,,,False
1672,2024-07-22,39,381,11.46,True,Unknown,Unknown,Stable,Regular,,,,False
2937,2024-12-03,17,366,33.12,True,Unknown,Weather,Increasing,Regular,,,,False
2455,2024-08-26,65,196,28.13,True,Unknown,Economic Indicator,Decreasing,Premium,,,,False
7505,2024-01-21,92,138,12.36,False,Holiday,Weather,Increasing,Budget,,,,False
8488,2024-07-29,39,460,56.9,True,Unknown,Unknown,Decreasing,Budget,,,,False
5970,2024-09-19,21,291,33.62,False,Holiday,Competitor Pricing,Increasing,Budget,,,,False
1356,2024-01-29,9,436,22.05,True,Holiday,Economic Indicator,Stable,Regular,,,,False
3596,2024-03-19,52,482,22.06,True,Festival,Economic Indicator,Decreasing,Budget,,,,False
1340,2024-03-24,67,484,10.81,True,Unknown,Weather,Decreasing,Regular,,,,False
3896,2024-09-18,15,228,55.35,False,Holiday,Economic Indicator,Increasing,Budget,,,,False
1184,2024-12-23,17,422,47.33,False,Festival,Competitor Pricing,Stable,Budget,,,,False
3086,2024-11-08,37,446,87.73,False,Unknown,Unknown,Stable,Regular,,,,False
6329,2024-11-25,1,15,90.32,True,Unknown,Economic Indicator,Increasing,Premium,,,,False
8303,2024-11-08,2,61,52.52,True,Festival,Weather,Increasing,Budget,,,,False
3991,2024-10-31,89,330,97.4,False,Festival,Weather,Decreasing,Premium,,,,False
8328,2024-12-08,48,409,99.21,False,Holiday,Competitor Pricing,Decreasing,Budget,,,,False
7962,2024-03-16,61,189,65.79,True,Holiday,Economic Indicator,Increasing,Budget,,,,False
1896,2024-01-04,98,359,27.32,False,Unknown,Economic Indicator,Increasing,Premium,,,,False
7784,2024-06-24,61,317,22.74,True,Unknown,Unknown,Stable,Premium,,,,False
9192,2024-11-09,68,37,22.63,False,Holiday,Competitor Pricing,Stable,Regular,,,,False
2088,2024-04-14,63,275,63.25,True,Holiday,Weather,Decreasing,Regular,,,,False
5599,2024-08-21,76,31,39.78,False,Unknown,Unknown,Stable,Regular,,,,False
5674,2024-02-10,8,146,54.93,False,Unknown,Competitor Pricing,Increasing,Regular,,,,False
6079,2024-08-21,90,418,61.6,True,Festival,Weather,Stable,Budget,,,,False
7940,2024-01-08,75,381,11.89,True,Holiday,Weather,Increasing,Regular,19.59,37.7,1.7,True
3427,2024-02-08,87,209,74.76,True,Festival,Competitor Pricing,Stable,Premium,,,,False
5762,2024-04-12,91,448,73.68,True,Unknown,Weather,Increasing,Premium,,,,False
8075,2024-06-15,38,59,90.63,True,Holiday,Competitor Pricing,Decreasing,Budget,,,,False
3359,2024-10-26,82,473,43.99,True,Unknown,Economic Indicator,Increasing,Budget,,,,False
4355,2024-01-10,4,166,69.85,False,Festival,Unknown,Stable,Premium,,,,False
3954,2024-04-21,22,108,34.18,True,Holiday,Unknown,Increasing,Budget,,,,False
5205,2024-12-13,85,199,27.86,False,Festival,Unknown,Increasing,Regular,,,,False
4843,2024-08-07,5,143,68.42,True,Festival,Competitor Pricing,Decreasing,Regular,,,,False
2163,2024-06-02,19,238,82.89,True,Holiday,Competitor Pricing,Stable,Regular,,,,False
9015,2024-08-09,76,61,22.47,True,Unknown,Economic Indicator,Decreasing,Budget,,,,False
2139,2024-06-14,60,314,50.96,False,Festival,Unknown,Increasing,Regular,,,,False
9415,2024-10-17,42,39,35.12,False,Holiday,Weather,Stable,Budget,,,,False
1245,2024-06-07,21,116,15.79,False,Unknown,Unknown,Stable,Premium,,,,False
7211,2024-10-20,84,148,71.87,False,Holiday,Weather,Increasing,Budget,,,,False
2284,2024-02-05,23,96,64.14,False,Unknown,Weather,Decreasing,Premium,,,,False
3934,2024-06-19,1,69,49.35,False,Festival,Economic Indicator,Decreasing,Regular,,,,False
1663,2024-11-20,15,456,69.26,True,Festival,Weather,Decreasing,Premium,,,,False
2489,2024-08-12,4,289,22.65,True,Holiday,Weather,Increasing,Budget,,,,False
3730,2024-10-26,70,433,81.39,False,Unknown,Economic Indicator,Decreasing,Premium,,,,False
5814,2024-09-12,45,163,76.8,False,Unknown,Economic Indicator,Stable,Regular,,,,False
7917,2024-05-18,31,221,37.04,False,Festival,Economic Indicator,Stable,Budget,,,,False
6840,2024-11-03,85,213,95.61,True,Holiday,Competitor Pricing,Decreasing,Premium,,,,False
1895,2024-07-28,12,82,98.77,True,Festival,Economic Indicator,Increasing,Budget,,,,False
2050,2024-06-14,94,490,97.14,True,Festival,Competitor Pricing,Stable,Regular,,,,False
5721,2024-11-07,1,158,61.09,True,Festival,Economic Indicator,Increasing,Budget,,,,False
8020,2024-04-16,46,233,39.93,True,Festival,Unknown,Stable,Regular,,,,False
9077,2024-06-29,92,273,45.35,True,Festival,Weather,Stable,Regular,,,,False
2148,2024-09-18,39,78,88.02,True,Unknown,Weather,Decreasing,Regular,,,,False
2656,2024-01-07,2,195,22.37,False,Holiday,Economic Indicator,Increasing,Premium,,,,False
6604,2024-09-30,87,154,88.75,True,Festival,Unknown,Stable,Budget,,,,False
7607,2024-03-17,74,29,38.38,False,Unknown,Weather,Stable,Budget,,,,False
8077,2024-08-03,3,344,48.79,False,Holiday,Weather,Increasing,Budget,,,,False
4599,2024-02-08,57,469,92.81,True,Holiday,Weather,Decreasing,Budget,,,,False
7582,2024-03-23,47,3,68.35,False,Unknown,Competitor Pricing,Decreasing,Regular,,,,False
1208,2024-01-16,48,58,34.3,True,Unknown,Economic Indicator,Decreasing,Budget,,,,False
7090,2024-08-18,95,210,43.12,False,Festival,Competitor Pricing,Increasing,Budget,,,,False
3097,2024-09-14,83,412,58.51,False,Unknown,Competitor Pricing,Stable,Regular,,,,False
3923,2024-08-21,82,4,47.02,True,Festival,Unknown,Increasing,Premium,,,,False
3935,2024-07-15,92,35,17.24,False,Holiday,Economic Indicator,Stable,Premium,,,,False
6055,2024-04-13,34,323,73.33,False,Holiday,Unknown,Decreasing,Premium,,,,False
5389,2024-01-24,50,234,85.41,True,Festival,Competitor Pricing,Increasing,Budget,,,,False
8520,2024-10-29,57,447,9.17,True,Holiday,Competitor Pricing,Increasing,Premium,,,,False
6870,2024-11-21,20,119,49.61,True,Festival,Unknown,Decreasing,Premium,,,,False
8334,2024-03-13,31,141,34.42,True,Unknown,Unknown,Increasing,Regular,,,,False
5414,2024-03-01,85,435,13.68,False,Festival,Economic Indicator,Stable,Budget,,,,False
9882,2024-06-07,45,43,33.67,False,Unknown,Unknown,Stable,Regular,,,,False
8766,2024-08-29,22,73,91.36,False,Festival,Competitor Pricing,Stable,Premium,,,,False
5694,2024-02-28,39,187,71.44,True,Festival,Unknown,Decreasing,Premium,,,,False
6281,2024-08-15,31,270,49.68,True,Festival,Unknown,Increasing,Regular,,,,False
8806,2024-06-07,91,41,27.06,False,Festival,Competitor Pricing,Increasing,Premium,74.37,13.57,1.0,True
4052,2024-11-07,89,446,31.63,False,Festival,Unknown,Stable,Regular,,,,False
9546,2024-02-09,83,424,92.06,False,Holiday,Competitor Pricing,Increasing,Budget,,,,False
8589,2024-03-23,88,166,97.11,False,Festival,Unknown,Decreasing,Regular,,,,False
9425,2024-02-04,20,320,48.44,False,Holiday,Economic Indicator,Stable,Regular,,,,False
1062,2024-03-10,7,165,65.47,False,Unknown,Unknown,Stable,Premium,,,,False
8383,2024-12-04,12,35,83.03,False,Unknown,Economic Indicator,Decreasing,Budget,,,,False
2424,2024-03-11,93,280,20.13,False,Festival,Competitor Pricing,Stable,Premium,,,,False
7058,2024-12-10,31,223,14.9,True,Unknown,Unknown,Decreasing,Premium,,,,False
7026,2024-09-22,62,77,32.37,False,Festival,Weather,Stable,Premium,,,,False
8985,2024-01-23,76,9,69.07,True,Holiday,Weather,Increasing,Regular,,,,False
3153,2024-09-21,37,36,48.31,False,Unknown,Competitor Pricing,Stable,Premium,,,,False
8090,2024-03-31,37,75,72.44,False,Festival,Economic Indicator,Increasing,Budget,,,,False
3452,2024-06-07,69,287,87.1,False,Unknown,Competitor Pricing,Stable,Budget,,,,False
5484,2024-10-06,9,30,87.08,False,Festival,Competitor Pricing,Increasing,Premium,,,,False
2775,2024-11-25,96,497,53.66,False,Unknown,Unknown,Decreasing,Premium,,,,False
4853,2024-01-02,68,413,91.51,True,Holiday,Unknown,Increasing,Regular,,,,False
2079,2024-09-10,34,272,10.86,False,Unknown,Competitor Pricing,Decreasing,Budget,,,,False
4681,2024-09-03,88,176,17.52,True,Festival,Unknown,Increasing,Premium,,,,False
6930,2024-09-30,37,183,51.06,True,Unknown,Competitor Pricing,Decreasing,Premium,,,,False
6309,2024-01-11,92,226,60.9,True,Holiday,Competitor Pricing,Decreasing,Budget,,,,False
7998,2024-01-09,25,237,5.16,False,Holiday,Weather,Increasing,Premium,,,,False
3575,2024-10-15,40,231,19.25,True,Festival,Weather,Decreasing,Premium,,,,False
6496,2024-04-15,7,492,84.34,False,Holiday,Competitor Pricing,Increasing,Premium,,,,False
1199,2024-11-05,58,216,28.23,True,Holiday,Economic Indicator,Stable,Regular,,,,False
4174,2024-02-06,66,175,73.71,False,Holiday,Economic Indicator,Stable,Budget,,,,False
9001,2024-11-01,56,174,17.7,False,Festival,Unknown,Decreasing,Regular,,,,False
9561,2024-04-06,4,95,71.54,False,Festival,Economic Indicator,Stable,Regular,,,,False
5346,2024-06-05,70,81,51.05,True,Holiday,Unknown,Stable,Budget,,,,False
1537,2024-02-12,13,233,83.54,True,Unknown,Unknown,Decreasing,Regular,,,,False
4845,2024-05-12,26,109,53.56,True,Festival,Economic Indicator,Increasing,Regular,,,,False
4428,2024-11-12,68,463,75.77,True,Festival,Weather,Stable,Regular,,,,False
3586,2024-12-02,1,203,58.5,False,Unknown,Unknown,Stable,Budget,,,,False
7315,2024-10-10,92,39,90.05,True,Holiday,Weather,Increasing,Regular,,,,False
8725,2024-07-10,12,258,90.85,True,Holiday,Unknown,Increasing,Regular,,,,False
9428,2024-01-05,9,228,69.73,False,Unknown,Unknown,Increasing,Budget,,,,False
8876,2024-04-29,13,91,49.76,False,Holiday,Economic Indicator,Increasing,Regular,,,,False
2474,2024-01-05,94,448,11.66,False,Festival,Economic Indicator,Increasing,Regular,,,,False
7647,2024-07-08,37,498,11.77,True,Unknown,Economic Indicator,Increasing,Regular,,,,False
1666,2024-09-26,1,230,70.09,False,Unknown,Economic Indicator,Increasing,Regular,,,,False
5441,2024-10-21,17,281,35.88,False,Festival,Competitor Pricing,Decreasing,Premium,,,,False
3081,2024-06-04,27,420,9.87,True,Holiday,Competitor Pricing,Increasing,Budget,,,,False
7142,2024-07-22,42,211,58.78,True,Unknown,Unknown,Stable,Regular,,,,False
4537,2024-03-27,79,423,91.8,False,Festival,Competitor Pricing,Decreasing,Premium,,,,False
8402,2024-06-04,39,347,6.27,True,Unknown,Unknown,Increasing,Budget,,,,False
5670,2024-10-04,37,314,69.18,False,Unknown,Unknown,Increasing,Premium,,,,False
7616,2024-08-12,2,337,55.41,False,Festival,Unknown,Decreasing,Premium,,,,False
8866,2024-11-16,31,37,88.12,True,Holiday,Weather,Decreasing,Budget,,,,False
8240,2024-04-25,46,64,11.85,False,Holiday,Competitor Pricing,Stable,Premium,,,,False
4849,2024-03-31,81,291,5.37,False,Unknown,Weather,Decreasing,Premium,,,,False
9060,2024-01-29,8,244,82.95,False,Festival,Competitor Pricing,Stable,Premium,,,,False
1533,2024-04-01,12,30,51.37,False,Festival,Unknown,Decreasing,Budget,,,,False
9864,2024-05-05,40,313,72.75,True,Festival,Weather,Decreasing,Regular,,,,False
5684,2024-05-22,91,91,35.09,False,Festival,Weather,Decreasing,Regular,,,,False
7059,2024-04-20,59,362,45.71,True,Festival,Competitor Pricing,Decreasing,Premium,82.08,79.89,0.82,True
8199,2024-01-22,94,215,45.42,True,Festival,Unknown,Decreasing,Premium,,,,False
2435,2024-05-01,17,102,33.65,True,Holiday,Unknown,Decreasing,Premium,,,,False
8157,2024-07-15,33,136,60.38,False,Holiday,Economic Indicator,Stable,Premium,,,,False
9754,2024-02-05,50,427,90.28,False,Unknown,Weather,Increasing,Budget,,,,False
2303,2024-07-14,21,222,84.32,False,Holiday,Unknown,Stable,Budget,,,,False
1770,2024-03-21,43,67,75.32,False,Holiday,Economic Indicator,Decreasing,Budget,,,,False
2679,2024-10-21,58,96,81.83,False,Holiday,Economic Indicator,Increasing,Regular,,,,False
7658,2024-08-08,93,44,94.71,False,Holiday,Unknown,Increasing,Regular,,,,False
1843,2024-12-02,7,61,92.94,True,Unknown,Weather,Decreasing,Regular,,,,False
9090,2024-11-20,21,152,10.07,True,Holiday,Weather,Increasing,Regular,,,,False
4872,2024-09-01,69,115,21.28,True,Festival,Competitor Pricing,Stable,Premium,,,,False
9613,2024-04-22,11,202,71.14,True,Festival,Weather,Increasing,Budget,,,,False
1544,2024-07-16,50,134,48.72,False,Unknown,Economic Indicator,Decreasing,Regular,,,,False
2661,2024-03-06,10,310,55.41,True,Holiday,Economic Indicator,Stable,Premium,,,,False
8672,2024-09-20,40,312,18.9,True,Unknown,Economic Indicator,Decreasing,Budget,,,,False
4375,2024-06-06,2,233,39.47,True,Festival,Unknown,Decreasing,Regular,,,,False
3318,2024-05-06,70,203,90.53,True,Holiday,Competitor Pricing,Stable,Premium,,,,False
8674,2024-02-23,78,146,57.16,True,Holiday,Unknown,Increasing,Budget,,,,False
2712,2024-10-28,51,334,81.58,False,Holiday,Weather,Decreasing,Regular,,,,False
5761,2024-09-06,82,229,26.36,False,Unknown,Competitor Pricing,Increasing,Premium,,,,False
9242,2024-04-18,92,421,76.11,True,Festival,Unknown,Stable,Premium,,,,False
8393,2024-10-08,2,391,15.22,False,Holiday,Weather,Decreasing,Regular,,,,False
5419,2024-02-13,43,245,75.3,True,Unknown,Unknown,Stable,Budget,,,,False
8414,2024-11-02,79,175,81.54,False,Festival,Weather,Increasing,Budget,,,,False
9722,2024-11-07,75,21,29.98,True,Holiday,Weather,Increasing,Regular,,,,False
3452,2024-08-24,91,313,58.66,False,Holiday,Competitor Pricing,Stable,Budget,,,,False
7133,2024-04-12,43,134,77.54,False,Holiday,Competitor Pricing,Increasing,Regular,,,,False
9458,2024-11-11,1,121,29.52,False,Holiday,Competitor Pricing,Decreasing,Budget,,,,False
7251,2024-07-25,68,418,84.15,True,Holiday,Unknown,Stable,Budget,,,,False
9194,2024-11-10,60,342,92.95,True,Unknown,Weather,Decreasing,Premium,,,,False
8631,2024-10-28,59,239,53.84,True,Festival,Weather,Stable,Regular,,,,False
7222,2024-05-25,26,431,94.84,False,Festival,Unknown,Decreasing,Budget,,,,False
2000,2024-04-11,84,36,65.1,False,Unknown,Unknown,Increasing,Budget,,,,False
2957,2024-09-20,30,373,30.11,True,Festival,Unknown,Stable,Budget,,,,False
9885,2024-08-10,43,291,46.87,True,Unknown,Economic Indicator,Increasing,Premium,,,,False
8900,2024-02-05,56,279,68.05,False,Unknown,Economic Indicator,Increasing,Regular,,,,False
5625,2024-04-23,1,199,19.58,True,Holiday,Unknown,Stable,Premium,,,,False
9157,2024-09-29,63,95,37.02,True,Holiday,Competitor Pricing,Increasing,Regular,,,,False
1593,2024-01-25,94,117,95.94,False,Festival,Weather,Increasing,Regular,,,,False
3160,2024-10-07,88,106,55.83,False,Festival,Unknown,Decreasing,Budget,,,,False
2991,2024-11-28,83,119,84.01,False,Festival,Weather,Decreasing,Premium,,,,False
8063,2024-04-03,82,488,16.68,True,Holiday,Economic Indicator,Increasing,Regular,,,,False
4464,2024-06-22,22,497,62.17,True,Festival,Competitor Pricing,Decreasing,Budget,,,,False
5385,2024-09-10,61,127,36.89,True,Festival,Economic Indicator,Stable,Regular,,,,False
9555,2024-04-17,42,183,23.82,True,Holiday,Competitor Pricing,Decreasing,Regular,,,,False
9926,2024-07-25,85,405,69.49,False,Festival,Weather,Decreasing,Budget,,,,False
9766,2024-12-16,3,381,68.0,True,Festival,Weather,Increasing,Premium,,,,False
4568,2024-04-16,7,249,10.4,True,Festival,Unknown,Stable,Budget,,,,False
8178,2024-04-01,27,415,11.71,True,Holiday,Weather,Stable,Premium,,,,False
6284,2024-08-05,62,297,15.75,False,Festival,Weather,Stable,Premium,,,,False
9088,2024-04-21,40,162,86.93,True,Unknown,Weather,Increasing,Budget,,,,False
2949,2024-01-09,56,66,64.42,False,Holiday,Competitor Pricing,Decreasing,Budget,,,,False
9886,2024-12-22,84,471,89.37,True,Festival,Economic Indicator,Increasing,Regular,,,,False
9841,2024-10-20,31,176,24.87,True,Festival,Economic Indicator,Decreasing,Regular,,,,False
2963,2024-08-02,54,14,76.47,False,Holiday,Competitor Pricing,Increasing,Budget,,,,False
6829,2024-06-13,43,110,99.25,False,Unknown,Competitor Pricing,Increasing,Premium,,,,False
6842,2024-02-13,95,235,65.45,True,Holiday,Competitor Pricing,Increasing,Budget,,,,False
8435,2024-02-17,93,381,38.24,False,Festival,Competitor Pricing,Decreasing,Budget,,,,False
5261,2024-06-06,79,264,13.87,True,Holiday,Weather,Decreasing,Premium,,,,False
7819,2024-09-06,35,22,65.02,False,Holiday,Competitor Pricing,Increasing,Premium,,,,False
7241,2024-11-04,1,293,67.88,False,Holiday,Weather,Increasing,Budget,15.3,59.43,1.67,True
4530,2024-09-02,87,97,36.58,True,Holiday,Competitor Pricing,Stable,Premium,,,,False
3953,2024-01-03,13,441,68.87,True,Unknown,Competitor Pricing,Increasing,Premium,,,,False
5464,2024-07-31,81,437,15.31,True,Festival,Weather,Stable,Budget,,,,False
9224,2024-02-29,92,75,93.74,True,Festival,Economic Indicator,Stable,Regular,,,,False
7064,2024-02-05,73,110,10.48,True,Festival,Competitor Pricing,Increasing,Regular,,,,False
9381,2024-11-28,85,16,20.48,True,Unknown,Unknown,Decreasing,Premium,,,,False
6229,2024-08-29,81,146,97.67,True,Holiday,Competitor Pricing,Decreasing,Premium,,,,False
6294,2024-10-12,50,239,51.8,True,Holiday,Weather,Stable,Budget,,,,False
6275,2024-10-17,35,60,79.91,True,Unknown,Competitor Pricing,Decreasing,Regular,,,,False
6774,2024-11-30,96,124,94.17,False,Festival,Economic Indicator,Stable,Regular,,,,False
6882,2024-12-06,52,435,8.29,True,Holiday,Competitor Pricing,Decreasing,Regular,,,,False
7425,2024-04-29,10,102,87.9,False,Holiday,Weather,Decreasing,Budget,,,,False
3451,2024-10-11,28,310,41.62,True,Festival,Unknown,Decreasing,Regular,,,,False
4863,2024-06-06,81,278,65.0,True,Unknown,Competitor Pricing,Decreasing,Premium,,,,False
3153,2024-07-17,22,469,79.14,False,Unknown,Economic Indicator,Increasing,Budget,,,,False
3165,2024-12-08,50,7,77.43,True,Unknown,Economic Indicator,Stable,Budget,,,,False
2811,2024-10-13,4,39,95.45,False,Unknown,Weather,Decreasing,Regular,,,,False
3189,2024-10-15,63,35,37.68,True,Holiday,Economic Indicator,Increasing,Regular,,,,False
5661,2024-02-24,82,252,36.79,False,Holiday,Weather,Increasing,Premium,,,,False
6706,2024-12-19,61,384,18.15,False,Holiday,Weather,Increasing,Regular,,,,False
9253,2024-12-29,4,323,70.69,False,Holiday,Competitor Pricing,Increasing,Regular,23.94,26.03,1.86,True
5251,2024-11-21,13,410,60.11,False,Festival,Economic Indicator,Increasing,Budget,,,,False
9835,2024-11-27,32,97,62.27,True,Festival,Competitor Pricing,Decreasing,Premium,,,,False
4057,2024-08-15,37,126,46.4,False,Festival,Competitor Pricing,Increasing,Budget,,,,False
2595,2024-03-27,68,328,69.39,True,Holiday,Competitor Pricing,Increasing,Premium,,,,False
4001,2024-11-19,34,348,26.66,True,Festival,Economic Indicator,Stable,Budget,,,,False
6638,2024-09-21,4,319,38.2,False,Unknown,Competitor Pricing,Increasing,Regular,,,,False
6398,2024-03-29,98,173,26.68,True,Holiday,Unknown,Stable,Budget,,,,False
7412,2024-05-16,64,3,85.14,True,Holiday,Competitor Pricing,Decreasing,Budget,,,,False
7193,2024-12-17,79,344,28.83,False,Holiday,Unknown,Increasing,Budget,,,,False
6117,2024-07-08,44,261,40.94,False,Holiday,Economic Indicator,Increasing,Premium,,,,False
1895,2024-03-27,17,207,89.42,False,Holiday,Unknown,Stable,Regular,,,,False
4157,2024-01-22,34,224,22.34,True,Holiday,Competitor Pricing,Increasing,Budget,,,,False
5786,2024-05-27,35,276,84.35,False,Festival,Unknown,Decreasing,Premium,,,,False
3388,2024-11-29,29,65,67.23,False,Festival,Weather,Stable,Budget,,,,False
1149,2024-01-08,68,59,20.07,False,Unknown,Weather,Increasing,Budget,,,,False
7727,2024-12-18,39,185,54.62,True,Holiday,Economic Indicator,Increasing,Regular,,,,False
3714,2024-03-06,4,310,53.65,True,Holiday,Unknown,Increasing,Budget,,,,False
4406,2024-08-12,73,342,12.53,False,Unknown,Unknown,Stable,Regular,,,,False
6581,2024-01-11,78,171,98.35,False,Unknown,Unknown,Stable,Budget,,,,False
2787,2024-11-14,45,23,30.47,False,Unknown,Competitor Pricing,Decreasing,Regular,,,,False
8985,2024-04-28,28,179,77.17,True,Festival,Economic Indicator,Increasing,Premium,,,,False
2670,2024-12-28,21,178,9.07,False,Festival,Unknown,Decreasing,Premium,,,,False
5436,2024-08-15,50,191,27.88,False,Unknown,Weather,Decreasing,Premium,,,,False
4143,2024-08-16,48,416,18.45,True,Festival,Economic Indicator,Increasing,Regular,,,,False
2298,2024-12-03,41,137,20.4,False,Festival,Unknown,Increasing,Regular,,,,False
3624,2024-07-01,18,463,87.53,True,Holiday,Economic Indicator,Stable,Premium,,,,False
2459,2024-05-15,83,150,7.47,True,Holiday,Unknown,Stable,Regular,,,,False
4581,2024-03-20,11,283,99.17,True,Unknown,Economic Indicator,Increasing,Budget,,,,False
6709,2024-05-31,6,330,28.77,True,Festival,Weather,Decreasing,Regular,,,,False
5104,2024-02-15,69,449,43.86,False,Unknown,Economic Indicator,Stable,Regular,,,,False
7345,2024-11-29,40,336,31.94,True,Unknown,Unknown,Increasing,Budget,,,,False
6859,2024-10-28,97,43,26.08,True,Holiday,Weather,Increasing,Regular,,,,False
9904,2024-04-24,42,49,95.2,False,Festival,Competitor Pricing,Decreasing,Budget,,,,False
5113,2024-03-15,20,50,43.25,False,Unknown,Weather,Decreasing,Premium,,,,False
7741,2024-06-17,62,80,72.53,False,Festival,Unknown,Increasing,Budget,,,,False
5531,2024-07-18,95,355,54.13,True,Unknown,Weather,Stable,Regular,,,,False
4225,2024-01-11,59,142,28.53,True,Unknown,Competitor Pricing,Stable,Budget,,,,False
9556,2024-04-06,17,304,25.63,True,Festival,Competitor Pricing,Increasing,Budget,,,,False
6352,2024-02-21,44,193,44.92,True,Holiday,Weather,Stable,Premium,,,,False
8100,2024-11-02,36,329,24.02,True,Holiday,Weather,Increasing,Budget,,,,False
6654,2024-06-19,59,426,15.18,False,Holiday,Weather,Stable,Budget,,,,False
7233,2024-05-30,84,182,55.34,False,Festival,Competitor Pricing,Increasing,Premium,,,,False
4844,2024-03-27,32,468,30.07,False,Festival,Weather,Stable,Premium,,,,False
5985,2024-11-20,29,254,51.22,True,Holiday,Weather,Increasing,Premium,,,,False
8820,2024-04-14,97,248,20.98,True,Festival,Economic Indicator,Stable,Budget,,,,False
7281,2024-10-28,82,141,93.03,False,Unknown,Competitor Pricing,Stable,Premium,,,,False
9163,2024-03-31,64,269,84.0,False,Festival,Unknown,Stable,Budget,,,,False
3772,2024-03-10,8,279,19.19,False,Holiday,Economic Indicator,Stable,Premium,,,,False
6918,2024-03-09,87,126,99.17,False,Festival,Economic Indicator,Decreasing,Regular,,,,False
9112,2024-07-30,27,93,13.28,False,Unknown,Weather,Increasing,Budget,,,,False
9683,2024-07-17,15,458,62.52,False,Holiday,Economic Indicator,Stable,Regular,,,,False
3234,2024-11-03,29,401,66.33,False,Festival,Weather,Decreasing,Regular,,,,False
2179,2024-07-22,91,218,50.29,True,Unknown,Competitor Pricing,Decreasing,Budget,,,,False
3356,2024-02-20,54,417,50.32,False,Festival,Competitor Pricing,Increasing,Regular,,,,False
1575,2024-07-22,25,198,94.91,True,Festival,Competitor Pricing,Increasing,Regular,,,,False
7443,2024-10-31,36,53,87.75,False,Holiday,Weather,Decreasing,Regular,,,,False
2333,2024-08-19,91,476,28.84,True,Holiday,Unknown,Decreasing,Budget,,,,False
8429,2024-10-01,76,194,76.95,False,Unknown,Unknown,Increasing,Regular,,,,False
6646,2024-01-23,87,442,65.54,True,Festival,Economic Indicator,Stable,Regular,,,,False
4472,2024-12-26,55,499,12.28,False,Unknown,Economic Indicator,Stable,Regular,,,,False
1082,2024-07-31,78,75,40.62,False,Holiday,Weather,Increasing,Budget,,,,False
6520,2024-04-06,88,188,94.38,True,Festival,Competitor Pricing,Increasing,Premium,,,,False
1588,2024-10-07,68,499,91.62,True,Holiday,Weather,Stable,Budget,,,,False
3491,2024-02-12,56,262,40.22,True,Unknown,Competitor Pricing,Stable,Budget,,,,False
8761,2024-05-31,51,247,93.18,True,Festival,Unknown,Decreasing,Budget,,,,False
6062,2024-11-10,12,471,15.45,True,Unknown,Unknown,Decreasing,Regular,,,,False
2356,2024-06-11,62,422,23.76,False,Unknown,Competitor Pricing,Stable,Budget,,,,False
6963,2024-05-30,71,121,74.89,False,Holiday,Unknown,Stable,Budget,,,,False
1056,2024-06-03,12,313,44.87,True,Holiday,Unknown,Decreasing,Regular,,,,False
1874,2024-07-04,31,258,90.79,True,Festival,Economic Indicator,Stable,Regular,,,,False
6631,2024-04-27,79,256,94.66,False,Festival,Unknown,Decreasing,Regular,,,,False
4626,2024-07-09,35,441,88.53,True,Festival,Unknown,Stable,Budget,,,,False
8964,2024-06-17,99,229,94.28,True,Holiday,Weather,Stable,Premium,,,,False
3226,2024-04-23,43,320,37.07,False,Holiday,Unknown,Increasing,Budget,,,,False
4806,2024-08-22,38,201,33.57,True,Unknown,Unknown,Increasing,Budget,,,,False
6103,2024-10-19,19,414,72.43,False,Unknown,Unknown,Increasing,Regular,,,,False
7756,2024-11-26,94,49,99.56,True,Festival,Unknown,Decreasing,Budget,,,,False
1453,2024-09-19,31,399,84.15,False,Holiday,Unknown,Increasing,Regular,,,,False
5335,2024-05-19,84,123,5.64,True,Unknown,Competitor Pricing,Stable,Premium,,,,False
6082,2024-10-24,56,156,9.0,True,Festival,Unknown,Increasing,Budget,,,,False
9697,2024-10-29,91,353,57.22,True,Unknown,Economic Indicator,Decreasing,Premium,,,,False
4747,2024-04-20,25,492,45.29,False,Unknown,Weather,Stable,Premium,,,,False
8546,2024-03-21,1,114,95.98,True,Festival,Weather,Increasing,Budget,,,,False
2425,2024-09-03,32,43,93.12,True,Holiday,Competitor Pricing,Stable,Premium,,,,False
6520,2024-02-28,32,41,35.93,True,Festival,Competitor Pricing,Decreasing,Regular,,,,False
1148,2024-07-13,40,74,75.74,True,Holiday,Economic Indicator,Stable,Premium,,,,False
2032,2024-01-30,45,132,17.24,True,Festival,Competitor Pricing,Decreasing,Budget,,,,False
1600,2024-10-26,4,211,27.36,True,Unknown,Weather,Increasing,Premium,,,,False
4710,2024-08-21,22,320,58.22,False,Festival,Economic Indicator,Increasing,Budget,,,,False
5427,2024-05-13,37,93,43.13,True,Holiday,Economic Indicator,Stable,Budget,,,,False
1855,2024-09-26,88,120,52.57,False,Unknown,Competitor Pricing,Stable,Regular,,,,False
2879,2024-05-02,97,74,66.29,True,Festival,Unknown,Stable,Budget,,,,False
1731,2024-10-06,3,145,61.81,False,Festival,Unknown,Stable,Regular,,,,False
9438,2024-01-07,78,115,67.5,True,Festival,Weather,Decreasing,Budget,,,,False
3766,2024-12-19,51,214,32.89,True,Unknown,Weather,Increasing,Premium,,,,False
8815,2024-07-25,54,44,82.97,True,Holiday,Weather,Stable,Budget,,,,False
9172,2024-07-10,68,230,35.84,True,Unknown,Competitor Pricing,Increasing,Budget,,,,False
9532,2024-12-23,5,474,78.13,False,Festival,Unknown,Stable,Regular,,,,False
4955,2024-11-04,5,46,46.06,True,Unknown,Competitor Pricing,Increasing,Regular,,,,False
9281,2024-02-18,29,292,86.56,True,Holiday,Weather,Decreasing,Regular,,,,False
9747,2024-01-08,21,408,6.45,False,Unknown,Competitor Pricing,Stable,Premium,,,,False
4946,2024-07-21,4,61,81.68,True,Festival,Weather,Increasing,Budget,,,,False
3473,2024-12-05,48,226,8.77,False,Holiday,Weather,Increasing,Regular,,,,False
7575,2024-04-16,30,315,43.48,False,Unknown,Unknown,Stable,Budget,,,,False
6130,2024-01-18,49,409,72.33,True,Unknown,Unknown,Increasing,Regular,,,,False
1282,2024-12-17,27,219,85.87,True,Holiday,Economic Indicator,Increasing,Regular,,,,False
5597,2024-11-25,95,259,91.5,False,Holiday,Unknown,Increasing,Premium,,,,False
6168,2024-09-30,79,413,83.07,False,Unknown,Weather,Stable,Budget,,,,False
7112,2024-11-24,67,342,17.99,True,Unknown,Competitor Pricing,Decreasing,Premium,19.28,5.37,1.94,True
7188,2024-05-13,53,335,94.6,False,Holiday,Unknown,Stable,Budget,,,,False
5797,2024-08-18,98,83,93.71,True,Unknown,Weather,Stable,Budget,,,,False
5986,2024-04-02,89,331,47.52,False,Holiday,Unknown,Decreasing,Budget,,,,False
6648,2024-09-20,67,307,29.38,False,Festival,Weather,Decreasing,Budget,,,,False
4415,2024-05-20,78,37,7.19,False,Holiday,Unknown,Stable,Budget,,,,False
7722,2024-06-05,42,139,87.98,False,Unknown,Unknown,Increasing,Budget,,,,False
4392,2024-01-08,7,217,98.69,True,Holiday,Economic Indicator,Decreasing,Budget,,,,False
6465,2024-12-21,13,227,32.58,True,Festival,Weather,Increasing,Budget,,,,False
6218,2024-04-01,50,407,36.06,False,Unknown,Economic Indicator,Stable,Regular,,,,False
9302,2024-07-09,96,173,97.2,False,Unknown,Weather,Stable,Budget,,,,False
1413,2024-03-14,32,320,61.35,False,Holiday,Competitor Pricing,Stable,Budget,,,,False
2705,2024-09-09,17,469,46.27,True,Unknown,Competitor Pricing,Decreasing,Regular,,,,False
7641,2024-05-14,59,127,71.73,False,Festival,Weather,Decreasing,Budget,,,,False
9576,2024-07-15,82,166,6.13,True,Holiday,Unknown,Stable,Regular,,,,False
4910,2024-07-22,28,34,63.31,True,Holiday,Unknown,Increasing,Budget,,,,False
7733,2024-03-02,62,345,14.65,True,Holiday,Weather,Increasing,Premium,,,,False
8044,2024-01-11,10,395,60.49,False,Holiday,Unknown,Decreasing,Budget,,,,False
8612,2024-01-03,25,236,39.4,False,Unknown,Unknown,Increasing,Budget,,,,False
7195,2024-06-20,89,303,39.3,True,Holiday,Economic Indicator,Stable,Premium,,,,False
3754,2024-01-09,69,242,57.94,False,Unknown,Economic Indicator,Stable,Budget,,,,False
4293,2024-07-19,43,495,87.11,False,Holiday,Economic Indicator,Decreasing,Regular,,,,False
5912,2024-07-08,91,443,27.02,True,Festival,Economic Indicator,Decreasing,Regular,,,,False
6212,2024-10-19,92,162,30.87,True,Unknown,Weather,Increasing,Regular,,,,False
7558,2024-05-11,52,178,25.61,True,Unknown,Unknown,Decreasing,Premium,,,,False
9807,2024-06-23,68,276,71.98,True,Unknown,Unknown,Increasing,Regular,,,,False
2329,2024-05-11,89,232,21.06,True,Holiday,Weather,Decreasing,Regular,,,,False
4431,2024-07-13,7,73,27.7,False,Holiday,Economic Indicator,Decreasing,Regular,,,,False
5196,2024-07-26,12,156,98.68,False,Holiday,Competitor Pricing,Increasing,Premium,,,,False
4919,2024-08-30,90,282,34.09,False,Holiday,Unknown,Decreasing,Regular,,,,False
4508,2024-09-16,69,264,42.36,False,Unknown,Weather,Stable,Premium,,,,False
4533,2024-02-29,36,490,96.99,False,Festival,Competitor Pricing,Stable,Budget,,,,False
7107,2024-06-11,20,385,39.14,False,Holiday,Weather,Stable,Premium,,,,False
4973,2024-10-25,89,184,51.91,True,Festival,Unknown,Stable,Premium,,,,False
9210,2024-04-26,52,487,14.2,True,Festival,Competitor Pricing,Increasing,Budget,,,,False
9189,2024-04-26,78,76,61.09,False,Festival,Unknown,Increasing,Regular,,,,False
8121,2024-08-26,45,173,52.37,True,Unknown,Weather,Decreasing,Budget,,,,False
2298,2024-03-19,69,420,13.24,False,Unknown,Economic Indicator,Stable,Premium,,,,False
3735,2024-12-28,65,233,43.86,False,Holiday,Economic Indicator,Increasing,Premium,,,,False
1570,2024-07-21,30,149,62.38,True,Holiday,Unknown,Decreasing,Budget,,,,False
1530,2024-03-05,57,148,32.82,True,Unknown,Unknown,Increasing,Budget,,,,False
7870,2024-10-20,15,98,80.29,False,Festival,Weather,Stable,Budget,,,,False
1932,2024-09-02,60,352,70.97,True,Festival,Unknown,Stable,Budget,,,,False
9632,2024-06-26,67,271,76.94,True,Unknown,Weather,Decreasing,Premium,,,,False
4955,2024-11-06,33,237,58.12,False,Festival,Competitor Pricing,Stable,Regular,,,,False
7372,2024-12-16,33,227,17.84,True,Holiday,Economic Indicator,Stable,Premium,,,,False
8032,2024-06-09,7,290,45.04,True,Unknown,Competitor Pricing,Decreasing,Premium,,,,False
7424,2024-10-29,57,257,90.88,False,Unknown,Economic Indicator,Increasing,Regular,,,,False
7970,2024-06-08,57,262,55.3,False,Unknown,Economic Indicator,Decreasing,Premium,,,,False
9417,2024-06-02,91,116,47.07,False,Festival,Unknown,Increasing,Regular,,,,False
1690,2024-08-04,45,411,58.4,True,Unknown,Competitor Pricing,Decreasing,Premium,,,,False
9021,2024-10-31,64,280,75.99,False,Festival,Unknown,Stable,Regular,,,,False
9969,2024-11-13,8,267,44.66,False,Holiday,Economic Indicator,Increasing,Regular,,,,False
9065,2024-05-05,63,425,29.09,False,Festival,Economic Indicator,Stable,Premium,,,,False
2281,2024-09-28,9,434,21.15,False,Festival,Weather,Stable,Regular,,,,False
7424,2024-07-04,5,325,81.21,True,Unknown,Economic Indicator,Stable,Premium,,,,False
2965,2024-03-24,28,318,90.46,False,Unknown,Economic Indicator,Decreasing,Regular,,,,False
7430,2024-08-23,49,41,69.87,False,Festival,Economic Indicator,Increasing,Budget,,,,False
4438,2024-09-12,78,9,5.03,True,Festival,Economic Indicator,Stable,Premium,,,,False
9316,2024-10-27,29,147,48.91,False,Holiday,Unknown,Decreasing,Budget,,,,False
2520,2024-07-13,92,87,81.35,True,Festival,Weather,Decreasing,Premium,,,,False
4563,2024-04-30,99,125,30.52,False,Unknown,Economic Indicator,Decreasing,Budget,,,,False
8848,2024-09-17,71,340,60.27,True,Festival,Weather,Increasing,Regular,,,,False
7504,2024-01-04,94,45,69.08,False,Festival,Weather,Stable,Budget,,,,False
6290,2024-11-16,15,233,89.04,True,Festival,Unknown,Stable,Regular,,,,False
8547,2024-07-27,86,332,82.16,True,Holiday,Economic Indicator,Increasing,Regular,,,,False
9464,2024-03-31,8,227,84.39,False,Festival,Unknown,Increasing,Premium,,,,False
1539,2024-05-18,6,375,81.23,False,Festival,Unknown,Decreasing,Budget,,,,False
4733,2024-02-10,9,491,23.55,False,Festival,Weather,Increasing,Regular,,,,False
6495,2024-02-25,67,198,43.61,True,Festival,Unknown,Decreasing,Premium,,,,False
6934,2024-02-20,79,201,91.11,True,Unknown,Unknown,Increasing,Budget,,,,False
7475,2024-09-10,40,330,28.87,True,Festival,Weather,Increasing,Budget,,,,False
1620,2024-01-03,83,464,52.12,False,Festival,Competitor Pricing,Decreasing,Premium,,,,False
5409,2024-01-25,61,478,12.53,False,Holiday,Economic Indicator,Decreasing,Premium,,,,False
8340,2024-05-06,79,341,96.51,False,Holiday,Weather,Increasing,Regular,,,,False
1258,2024-10-23,28,417,53.48,False,Festival,Weather,Decreasing,Premium,,,,False
9180,2024-04-28,83,209,7.87,True,Holiday,Weather,Stable,Regular,,,,False
6267,2024-06-08,9,150,26.29,True,Festival,Economic Indicator,Increasing,Budget,,,,False
6131,2024-12-07,95,173,20.25,False,Festival,Weather,Decreasing,Budget,,,,False
4014,2024-04-10,13,96,58.06,False,Holiday,Economic Indicator,Stable,Budget,,,,False
4957,2024-12-16,66,101,43.98,False,Festival,Competitor Pricing,Stable,Regular,,,,False
8248,2024-12-02,9,366,84.42,False,Holiday,Economic Indicator,Increasing,Premium,,,,False
9434,2024-08-26,76,218,34.87,False,Festival,Economic Indicator,Decreasing,Regular,,,,False
4998,2024-10-12,90,339,70.82,False,Festival,Unknown,Decreasing,Premium,,,,False
4537,2024-08-08,76,493,34.39,True,Unknown,Weather,Increasing,Regular,,,,False
1585,2024-02-28,81,168,12.69,False,Holiday,Economic Indicator,Increasing,Budget,,,,False
2094,2024-09-24,39,228,75.51,False,Unknown,Weather,Decreasing,Premium,,,,False
6332,2024-04-06,51,425,9.29,False,Holiday,Competitor Pricing,Increasing,Regular,,,,False
7099,2024-12-23,87,367,96.03,False,Holiday,Competitor Pricing,Increasing,Regular,,,,False
5545,2024-05-08,95,114,59.7,True,Unknown,Weather,Stable,Premium,,,,False
9167,2024-09-26,9,391,99.96,True,Holiday,Competitor Pricing,Decreasing,Budget,,,,False
6465,2024-11-14,28,154,17.84,False,Unknown,Weather,Stable,Premium,,,,False
7584,2024-03-03,54,434,90.41,True,Holiday,Weather,Stable,Premium,,,,False
7817,2024-08-25,89,87,68.83,True,Unknown,Economic Indicator,Decreasing,Premium,,,,False
3245,2024-04-11,12,275,91.96,False,Holiday,Unknown,Decreasing,Premium,,,,False
3014,2024-10-11,85,248,31.73,False,Unknown,Economic Indicator,Increasing,Premium,,,,False
1966,2024-09-06,59,91,18.3,True,Holiday,Weather,Decreasing,Budget,,,,False
1155,2024-04-15,7,255,28.3,False,Unknown,Economic Indicator,Increasing,Regular,,,,False
2098,2024-03-22,73,496,44.39,True,Unknown,Economic Indicator,Increasing,Regular,,,,False
8439,2024-06-24,39,337,23.76,False,Holiday,Weather,Decreasing,Budget,,,,False
6800,2024-04-25,40,75,37.14,True,Festival,Unknown,Decreasing,Budget,,,,False
8061,2024-02-08,74,453,64.48,True,Unknown,Weather,Decreasing,Premium,,,,False
4786,2024-06-20,33,93,84.03,True,Unknown,Economic Indicator,Stable,Premium,,,,False
5133,2024-02-11,91,64,82.43,False,Unknown,Unknown,Increasing,Premium,,,,False
8019,2024-03-30,30,198,44.84,False,Holiday,Competitor Pricing,Increasing,Regular,,,,False
4097,2024-01-29,26,152,96.8,False,Unknown,Economic Indicator,Decreasing,Premium,,,,False
4550,2024-12-25,16,381,64.35,False,Holiday,Weather,Increasing,Regular,,,,False
7123,2024-04-12,28,20,54.58,True,Festival,Unknown,Increasing,Premium,,,,False
2790,2024-11-27,98,210,92.8,False,Holiday,Competitor Pricing,Stable,Premium,,,,False
9304,2024-10-04,4,467,6.5,True,Holiday,Competitor Pricing,Decreasing,Regular,,,,False
8520,2024-02-29,63,452,96.64,False,Holiday,Economic Indicator,Decreasing,Regular,,,,False
8317,2024-03-30,29,347,81.34,False,Holiday,Weather,Increasing,Premium,,,,False
4150,2024-05-27,85,258,78.2,False,Holiday,Unknown,Increasing,Premium,,,,False
8820,2024-08-12,73,385,47.78,True,Holiday,Competitor Pricing,Decreasing,Regular,,,,False
4842,2024-09-19,81,435,58.45,True,Holiday,Weather,Decreasing,Budget,,,,False
1008,2024-01-21,6,326,8.03,True,Festival,Economic Indicator,Stable,Regular,,,,False
2318,2024-03-25,3,10,95.12,True,Holiday,Economic Indicator,Stable,Premium,,,,False
4828,2024-10-19,54,281,10.4,True,Unknown,Economic Indicator,Increasing,Regular,,,,False
9192,2024-10-17,12,180,21.94,True,Festival,Unknown,Increasing,Budget,,,,False
6588,2024-09-07,86,295,38.41,False,Holiday,Competitor Pricing,Decreasing,Budget,,,,False
7261,2024-03-09,55,466,77.58,True,Festival,Weather,Decreasing,Premium,,,,False
5190,2024-03-25,6,35,74.5,True,Festival,Economic Indicator,Stable,Budget,,,,False
7918,2024-11-18,41,7,96.92,True,Unknown,Weather,Decreasing,Premium,,,,False
2173,2024-08-11,16,40,64.76,True,Festival,Unknown,Decreasing,Regular,,,,False
1309,2024-08-09,72,39,62.53,True,Holiday,Competitor Pricing,Increasing,Premium,,,,False
4319,2024-01-28,35,4,38.35,False,Unknown,Unknown,Increasing,Premium,,,,False
2138,2024-11-10,28,47,50.1,True,Holiday,Unknown,Stable,Premium,,,,False
6824,2024-07-05,53,136,96.08,True,Holiday,Unknown,Stable,Budget,,,,False
4035,2024-08-13,6,155,49.24,True,Festival,Economic Indicator,Decreasing,Budget,,,,False
9783,2024-05-01,88,362,45.07,True,Holiday,Economic Indicator,Stable,Regular,,,,False
1445,2024-11-11,44,35,57.44,False,Festival,Economic Indicator,Increasing,Regular,,,,False
7988,2024-12-22,44,283,6.34,True,Festival,Unknown,Stable,Regular,,,,False
3701,2024-10-06,24,369,5.32,False,Festival,Unknown,Increasing,Regular,,,,False
2244,2024-03-10,53,45,43.42,True,Unknown,Economic Indicator,Stable,Premium,,,,False
2518,2024-11-25,44,317,76.47,True,Unknown,Economic Indicator,Increasing,Premium,,,,False
6527,2024-04-24,90,341,27.52,True,Festival,Weather,Stable,Regular,,,,False
1390,2024-05-08,46,301,57.46,True,Festival,Weather,Stable,Budget,,,,False
4505,2024-04-21,1,485,66.63,False,Holiday,Economic Indicator,Increasing,Regular,,,,False
7797,2024-04-02,66,235,79.73,False,Festival,Economic Indicator,Stable,Regular,,,,False
7287,2024-01-22,10,189,33.73,True,Holiday,Unknown,Increasing,Budget,,,,False
2287,2024-05-03,12,243,23.79,False,Unknown,Competitor Pricing,Stable,Regular,,,,False
3269,2024-02-20,85,369,65.67,False,Holiday,Economic Indicator,Decreasing,Regular,,,,False
2292,2024-12-12,27,346,18.87,False,Unknown,Unknown,Increasing,Premium,,,,False
8910,2024-04-06,18,276,27.89,False,Unknown,Competitor Pricing,Increasing,Regular,,,,False
8870,2024-08-27,57,404,93.7,False,Unknown,Economic Indicator,Decreasing,Premium,,,,False
8228,2024-01-21,19,31,69.52,True,Unknown,Competitor Pricing,Stable,Budget,,,,False
8740,2024-01-12,50,427,69.5,True,Unknown,Weather,Decreasing,Premium,,,,False
6847,2024-06-19,49,335,90.11,False,Festival,Unknown,Decreasing,Premium,,,,False
5559,2024-11-12,90,380,6.19,False,Unknown,Weather,Increasing,Premium,,,,False
4963,2024-06-21,80,406,11.45,False,Holiday,Economic Indicator,Decreasing,Premium,,,,False
2109,2024-03-21,67,48,11.78,True,Unknown,Weather,Decreasing,Premium,,,,False
3519,2024-07-28,71,415,46.54,True,Unknown,Economic Indicator,Increasing,Regular,,,,False
2363,2024-07-30,45,481,34.56,False,Holiday,Competitor Pricing,Increasing,Regular,,,,False
5197,2024-04-10,16,316,77.1,False,Holiday,Economic Indicator,Stable,Premium,,,,False
7973,2024-01-15,80,184,51.51,False,Holiday,Economic Indicator,Stable,Budget,,,,False
6471,2024-06-17,85,166,87.36,True,Festival,Unknown,Stable,Premium,,,,False
1013,2024-03-21,96,463,91.34,True,Festival,Unknown,Stable,Premium,,,,False
8766,2024-05-23,41,427,74.28,False,Unknown,Competitor Pricing,Increasing,Premium,,,,False
5292,2024-04-29,99,326,31.5,True,Festival,Competitor Pricing,Decreasing,Premium,,,,False
7412,2024-03-23,35,190,23.98,False,Festival,Weather,Increasing,Regular,,,,False
9805,2024-03-25,70,193,64.83,False,Festival,Unknown,Decreasing,Premium,,,,False
4845,2024-12-16,39,232,38.86,False,Festival,Economic Indicator,Decreasing,Regular,,,,False
1795,2024-10-22,78,494,32.86,False,Unknown,Competitor Pricing,Stable,Regular,,,,False
7907,2024-02-27,6,157,18.77,True,Unknown,Economic Indicator,Decreasing,Budget,,,,False
7704,2024-09-22,91,406,20.83,True,Festival,Weather,Decreasing,Budget,,,,False
4667,2024-01-30,73,166,64.71,True,Festival,Unknown,Decreasing,Regular,,,,False
6546,2024-10-13,23,417,46.85,False,Unknown,Weather,Stable,Regular,,,,False
2118,2024-01-24,96,382,33.39,True,Holiday,Weather,Decreasing,Premium,,,,False
6651,2024-01-20,67,239,87.09,False,Holiday,Economic Indicator,Increasing,Premium,,,,False
2820,2024-06-05,82,339,29.72,False,Holiday,Weather,Decreasing,Regular,,,,False
4488,2024-04-22,79,310,75.52,True,Holiday,Economic Indicator,Increasing,Budget,,,,False
2345,2024-06-14,92,209,83.2,False,Holiday,Economic Indicator,Decreasing,Budget,,,,False
7876,2024-12-06,80,497,55.76,True,Unknown,Competitor Pricing,Stable,Budget,,,,False
2061,2024-06-19,13,407,96.04,False,Unknown,Economic Indicator,Stable,Premium,,,,False
6330,2024-03-04,43,215,24.86,True,Festival,Unknown,Stable,Premium,,,,False
4606,2024-09-19,98,337,83.69,False,Unknown,Economic Indicator,Stable,Regular,,,,False
6897,2024-10-08,76,203,72.45,True,Unknown,Competitor Pricing,Stable,Regular,,,,False
8529,2024-11-27,29,207,38.58,False,Holiday,Economic Indicator,Stable,Regular,,,,False
6018,2024-02-28,82,226,81.31,True,Holiday,Unknown,Decreasing,Budget,,,,False
8919,2024-06-30,17,465,58.84,True,Unknown,Unknown,Decreasing,Regular,,,,False
1165,2024-10-17,80,33,23.44,True,Unknown,Competitor Pricing,Stable,Premium,,,,False
1628,2024-01-10,26,470,29.91,True,Unknown,Economic Indicator,Increasing,Regular,,,,False
1215,2024-11-06,3,286,94.31,False,Holiday,Economic Indicator,Decreasing,Regular,,,,False
6948,2024-05-12,68,63,91.5,False,Holiday,Weather,Increasing,Regular,,,,False
2524,2024-01-01,55,203,78.07,True,Holiday,Competitor Pricing,Decreasing,Premium,,,,False
8989,2024-10-22,66,405,40.17,True,Holiday,Economic Indicator,Decreasing,Premium,,,,False
3544,2024-02-27,4,495,42.56,False,Festival,Weather,Increasing,Premium,,,,False
6259,2024-11-09,82,484,12.89,False,Unknown,Competitor Pricing,Stable,Regular,,,,False
7771,2024-09-28,42,241,99.09,True,Unknown,Economic Indicator,Stable,Budget,,,,False
8225,2024-07-23,50,65,57.49,True,Unknown,Weather,Increasing,Premium,,,,False
3266,2024-04-24,22,234,58.08,False,Festival,Weather,Increasing,Budget,,,,False
1390,2024-02-09,80,159,91.33,True,Festival,Competitor Pricing,Increasing,Premium,,,,False
6263,2024-11-16,40,164,84.18,True,Festival,Economic Indicator,Increasing,Regular,,,,False
9777,2024-11-22,94,162,81.71,True,Festival,Economic Indicator,Increasing,Regular,,,,False
1456,2024-07-08,61,433,65.76,False,Festival,Economic Indicator,Stable,Regular,,,,False
2570,2024-02-27,92,223,11.27,False,Festival,Unknown,Decreasing,Regular,,,,False
1751,2024-12-13,62,290,69.36,True,Festival,Economic Indicator,Increasing,Premium,,,,False
5172,2024-09-04,93,402,11.87,True,Holiday,Unknown,Increasing,Budget,,,,False
5414,2024-08-06,80,376,31.22,False,Holiday,Unknown,Stable,Budget,,,,False
2924,2024-04-03,51,336,74.89,False,Festival,Weather,Decreasing,Premium,,,,False
8703,2024-03-20,26,74,64.52,True,Festival,Unknown,Decreasing,Premium,,,,False
6813,2024-10-30,90,308,96.5,True,Unknown,Competitor Pricing,Stable,Regular,24.42,44.63,1.53,True
1404,2024-07-16,68,191,26.94,True,Holiday,Economic Indicator,Decreasing,Regular,,,,False
6110,2024-03-31,15,319,93.3,True,Holiday,Competitor Pricing,Decreasing,Premium,,,,False
8652,2024-06-01,61,175,99.45,False,Festival,Unknown,Increasing,Regular,,,,False
1749,2024-03-03,18,452,49.57,True,Festival,Competitor Pricing,Increasing,Regular,,,,False
5914,2024-07-03,35,331,77.84,True,Festival,Unknown,Decreasing,Budget,,,,False
6602,2024-03-15,25,281,39.73,True,Unknown,Economic Indicator,Increasing,Premium,,,,False
2250,2024-12-30,78,337,17.69,False,Unknown,Unknown,Stable,Premium,,,,False
8935,2024-05-16,1,47,17.68,False,Festival,Economic Indicator,Decreasing,Budget,,,,False
2504,2024-05-01,31,209,47.0,True,Unknown,Unknown,Stable,Regular,,,,False
4831,2024-03-22,51,124,24.7,False,Holiday,Weather,Stable,Premium,,,,False
9617,2024-01-18,47,490,26.1,True,Holiday,Competitor Pricing,Increasing,Budget,,,,False
8156,2024-07-16,49,423,85.06,False,Unknown,Weather,Decreasing,Budget,,,,False
4904,2024-10-25,68,246,5.81,False,Holiday,Weather,Increasing,Budget,,,,False
7420,2024-10-13,83,36,33.26,False,Festival,Unknown,Increasing,Regular,,,,False
7108,2024-10-26,21,262,56.3,True,Festival,Unknown,Increasing,Budget,,,,False
8151,2024-04-25,19,317,34.26,False,Festival,Weather,Stable,Regular,,,,False
5496,2024-03-10,9,131,15.03,False,Holiday,Economic Indicator,Stable,Budget,,,,False
4489,2024-08-20,50,102,93.97,True,Festival,Competitor Pricing,Increasing,Premium,,,,False
8133,2024-01-13,72,166,99.01,True,Holiday,Weather,Increasing,Regular,,,,False
9261,2024-10-30,64,104,89.69,True,Festival,Economic Indicator,Stable,Regular,,,,False
8509,2024-12-23,77,431,32.43,False,Festival,Unknown,Decreasing,Premium,,,,False
7388,2024-02-02,3,59,20.71,False,Unknown,Competitor Pricing,Decreasing,Budget,,,,False
5955,2024-01-23,51,61,54.72,True,Festival,Weather,Stable,Regular,,,,False
2274,2024-01-22,40,195,18.38,True,Holiday,Economic Indicator,Decreasing,Budget,,,,False
5039,2024-04-02,28,300,71.9,False,Unknown,Competitor Pricing,Increasing,Budget,,,,False
3868,2024-04-03,15,250,26.03,True,Unknown,Unknown,Stable,Regular,,,,False
1824,2024-11-16,77,499,53.99,False,Festival,Economic Indicator,Stable,Budget,,,,False
5038,2024-01-01,5,427,40.79,False,Holiday,Unknown,Increasing,Regular,,,,False
6040,2024-09-23,5,435,21.04,False,Holiday,Competitor Pricing,Stable,Regular,,,,False
4991,2024-09-21,23,8,40.91,False,Unknown,Economic Indicator,Increasing,Regular,,,,False
3751,2024-01-02,38,380,25.18,True,Unknown,Unknown,Increasing,Premium,,,,False
8311,2024-01-03,22,69,48.68,False,Holiday,Economic Indicator,Stable,Regular,,,,False
6146,2024-02-23,16,286,75.56,True,Holiday,Competitor Pricing,Stable,Budget,,,,False
2312,2024-08-19,44,8,18.09,False,Holiday,Unknown,Decreasing,Premium,,,,False
6866,2024-06-28,45,241,92.94,True,Holiday,Competitor Pricing,Increasing,Regular,,,,False
3249,2024-06-27,58,245,90.03,False,Unknown,Economic Indicator,Decreasing,Budget,,,,False
4391,2024-11-06,48,185,32.15,True,Festival,Unknown,Stable,Budget,,,,False
1929,2024-03-09,35,491,27.26,False,Holiday,Economic Indicator,Increasing,Premium,,,,False
3251,2024-05-06,14,244,61.55,True,Unknown,Weather,Decreasing,Budget,67.87,69.71,1.45,True
3439,2024-08-07,28,161,79.09,True,Festival,Economic Indicator,Stable,Regular,38.71,10.4,1.31,True
8676,2024-07-23,55,476,30.19,False,Festival,Weather,Increasing,Premium,,,,False
8009,2024-10-21,37,41,20.16,True,Holiday,Unknown,Increasing,Premium,,,,False
7006,2024-05-20,85,307,47.04,False,Holiday,Economic Indicator,Stable,Regular,,,,False
8426,2024-02-22,30,6,55.46,True,Unknown,Economic Indicator,Decreasing,Budget,,,,False
6492,2024-08-19,82,373,51.23,True,Festival,Economic Indicator,Stable,Premium,,,,False
2816,2024-08-25,85,197,23.24,True,Holiday,Competitor Pricing,Decreasing,Budget,,,,False
2160,2024-04-30,52,390,28.17,True,Festival,Unknown,Stable,Premium,,,,False
6707,2024-04-25,96,220,18.7,False,Holiday,Unknown,Stable,Regular,,,,False
7464,2024-03-01,87,205,74.76,False,Festival,Weather,Stable,Budget,,,,False
7933,2024-04-03,91,247,79.54,False,Holiday,Economic Indicator,Stable,Budget,,,,False
8469,2024-09-29,53,39,84.32,False,Festival,Unknown,Decreasing,Regular,,,,False
1809,2024-09-07,65,36,66.91,False,Festival,Unknown,Stable,Budget,,,,False
9768,2024-10-10,81,162,83.59,True,Holiday,Competitor Pricing,Decreasing,Premium,,,,False
6065,2024-04-27,35,313,53.61,False,Festival,Economic Indicator,Increasing,Budget,,,,False
3057,2024-02-03,74,389,45.19,False,Festival,Economic Indicator,Decreasing,Budget,,,,False
2149,2024-10-31,36,54,6.25,False,Festival,Economic Indicator,Decreasing,Regular,,,,False
6216,2024-01-26,16,164,51.04,False,Festival,Competitor Pricing,Stable,Premium,,,,False
2579,2024-11-19,74,169,94.09,False,Festival,Competitor Pricing,Increasing,Budget,,,,False
8378,2024-04-27,30,198,7.96,True,Festival,Competitor Pricing,Stable,Premium,,,,False
3125,2024-10-06,28,437,69.17,False,Festival,Unknown,Decreasing,Budget,,,,False
6004,2024-02-10,47,466,51.24,True,Holiday,Weather,Increasing,Premium,,,,False
3778,2024-04-27,76,167,16.39,True,Festival,Unknown,Stable,Regular,,,,False
2531,2024-12-22,93,262,11.35,False,Festival,Weather,Stable,Budget,,,,False
4574,2024-06-23,35,344,99.81,True,Festival,Weather,Increasing,Budget,,,,False
6239,2024-09-05,4,226,28.03,True,Festival,Weather,Stable,Budget,,,,False
2237,2024-03-01,42,379,87.96,True,Holiday,Weather,Decreasing,Regular,,,,False
3037,2024-07-16,26,271,51.85,False,Festival,Economic Indicator,Stable,Regular,,,,False
4351,2024-02-22,67,215,45.51,True,Festival,Competitor Pricing,Stable,Premium,,,,False
8006,2024-08-10,57,465,23.6,False,Festival,Unknown,Stable,Premium,,,,False
6153,2024-04-28,58,432,9.59,True,Holiday,Competitor Pricing,Decreasing,Regular,,,,False
9274,2024-01-13,31,361,54.92,True,Holiday,Weather,Increasing,Budget,,,,False
7179,2024-05-03,54,319,75.13,True,Holiday,Unknown,Stable,Premium,,,,False
3233,2024-05-31,26,320,55.76,True,Festival,Economic Indicator,Increasing,Premium,,,,False
3804,2024-05-29,32,314,97.39,True,Festival,Weather,Increasing,Regular,,,,False
9144,2024-01-13,63,255,39.9,True,Festival,Economic Indicator,Decreasing,Premium,,,,False
8481,2024-07-18,37,270,42.76,True,Holiday,Economic Indicator,Stable,Budget,,,,False
9413,2024-07-31,71,382,81.38,True,Festival,Economic Indicator,Decreasing,Regular,,,,False
7586,2024-06-02,43,140,37.43,False,Festival,Unknown,Decreasing,Regular,,,,False
8811,2024-05-28,84,308,31.18,False,Holiday,Weather,Stable,Budget,,,,False
9265,2024-03-15,4,115,84.41,False,Festival,Competitor Pricing,Decreasing,Regular,,,,False
6356,2024-08-24,18,412,95.06,False,Holiday,Weather,Increasing,Regular,,,,False
6102,2024-06-17,81,23,46.39,False,Festival,Economic Indicator,Stable,Premium,,,,False
3175,2024-07-18,78,280,45.48,False,Holiday,Economic Indicator,Decreasing,Regular,,,,False
3713,2024-01-17,4,281,82.22,False,Festival,Weather,Decreasing,Regular,,,,False
1117,2024-10-28,41,404,18.39,True,Festival,Economic Indicator,Stable,Premium,,,,False
4977,2024-02-01,44,482,67.07,True,Unknown,Economic Indicator,Increasing,Regular,,,,False
6825,2024-06-02,60,129,25.43,False,Unknown,Unknown,Stable,Regular,,,,False
8798,2024-08-12,63,255,77.13,False,Holiday,Economic Indicator,Stable,Budget,,,,False
5627,2024-08-08,67,406,22.04,True,Festival,Economic Indicator,Decreasing,Premium,,,,False
6981,2024-08-27,45,119,70.14,True,Festival,Unknown,Increasing,Regular,,,,False
9572,2024-07-25,25,236,10.28,False,Unknown,Unknown,Decreasing,Regular,,,,False
9959,2024-04-26,42,216,16.36,False,Holiday,Unknown,Decreasing,Budget,,,,False
9577,2024-03-05,36,253,75.64,True,Unknown,Weather,Decreasing,Budget,,,,False
4933,2024-05-09,12,88,27.52,True,Unknown,Weather,Stable,Premium,,,,False
2837,2024-12-24,59,463,71.56,True,Holiday,Unknown,Stable,Premium,,,,False
5638,2024-05-01,18,217,32.31,False,Festival,Weather,Stable,Budget,,,,False
8014,2024-02-07,31,292,81.69,True,Unknown,Economic Indicator,Decreasing,Regular,,,,False
1090,2024-09-28,19,162,10.85,False,Festival,Weather,Stable,Regular,,,,False
1589,2024-10-21,3,466,85.43,False,Festival,Economic Indicator,Decreasing,Budget,,,,False
6477,2024-01-28,28,127,64.03,False,Holiday,Competitor Pricing,Stable,Budget,,,,False
6545,2024-11-26,54,47,47.12,False,Unknown,Competitor Pricing,Decreasing,Budget,,,,False
4341,2024-04-08,82,59,65.11,False,Festival,Unknown,Increasing,Budget,,,,False
8679,2024-02-16,55,481,59.97,False,Holiday,Economic Indicator,Stable,Premium,,,,False
6281,2024-02-15,97,142,48.7,False,Festival,Unknown,Decreasing,Regular,,,,False
4750,2024-03-19,18,19,42.43,True,Festival,Unknown,Decreasing,Regular,,,,False
